report_date,supervisor,activity_code,wbs_code,wbs_name,qty_executed,unit,manpower_cost,equipment_cost,manpower_lines,equipment_lines,remarks
2026-01-24,ismaila,1,1.0,Preliminaries,0.010,cu.m.,0,0,0,0,Source qty=0 — resource deployment only (idle/no-output day)
2026-01-24,sohail,1,1.0,Preliminaries,0.010,cu.m.,0,0,0,0,Source qty=0 — resource deployment only (idle/no-output day)
2026-01-24,akmishra,1.1,1.1,Site Establishment,0.010,lin.m.,0,0,0,0,Source qty=0 — resource deployment only (idle/no-output day)
2026-01-24,ismaila,1.1,1.1,Site Establishment,0.010,cu.m.,0,3000.00,0,1,Source qty=0 — resource deployment only (idle/no-output day)
2026-01-24,kbarman,1.1,1.1,Site Establishment,0.010,cu.m.,0,0,0,0,Source qty=0 — resource deployment only (idle/no-output day)
2026-01-24,parvaiz,1.1,1.1,Site Establishment,0.010,cu.m.,0,0,0,0,Source qty=0 — resource deployment only (idle/no-output day)
2026-01-24,saiffuddin,1.1,1.1,Site Establishment,8.000,m,1500.00,10000.00,1,1,
2026-01-24,vijaykumar,1.1,1.1,Site Establishment,0.010,cu.m.,0,0,0,0,Source qty=0 — resource deployment only (idle/no-output day)
2026-01-24,kbarman,13.1.7(ix)a,13.0,Drainage,0.010,lin.m.,0,0,0,0,Source qty=0 — resource deployment only (idle/no-output day)
2026-01-24,kbarman,13.1.7(ix)b,13.0,Drainage,0.010,cu.m.,0,0,0,0,Source qty=0 — resource deployment only (idle/no-output day)
2026-01-24,manzar,13.1.7(ix)b,13.0,Drainage,72.000,lin.m.,5600.00,0,1,0,
2026-01-24,sohail,13.1.7(ix)b,13.0,Drainage,0.010,Sqm,0,0,0,0,Source qty=0 — resource deployment only (idle/no-output day)
2026-01-24,manzar,13.1.7(ix)b1,13.0,Drainage,36.000,sq.m.,6100.00,0,2,0,
2026-01-24,manzar,13.1.7(ix)b2,13.0,Drainage,17.000,cu.m.,4800.00,0,1,0,
2026-01-24,kbarman,18.3.6(i),18.3,Bituminous Layers,0.010,sq.m.,0,0,0,0,Source qty=0 — resource deployment only (idle/no-output day)
2026-01-24,parvaiz,18.3.6(i),18.3,Bituminous Layers,0.010,lin.m.,0,0,0,0,Source qty=0 — resource deployment only (idle/no-output day)
2026-01-24,ismaila,2.3.6(i),2.3,Bored Cast In-Situ Piling,0.010,cu.m.,0,0,0,0,Source qty=0 — resource deployment only (idle/no-output day)
2026-01-24,kbarman,2.3.6(i),2.3,Bored Cast In-Situ Piling,0.010,cu.m.,0,0,0,0,Source qty=0 — resource deployment only (idle/no-output day)
2026-01-24,akmishra,2.3.6(i)a,2.3,Bored Cast In-Situ Piling,0.010,cu.m.,0,0,0,0,Source qty=0 — resource deployment only (idle/no-output day)
2026-01-24,illayaraja,2.3.6(i)a,2.3,Bored Cast In-Situ Piling,0.010,cu.m.,0,0,0,0,Source qty=0 — resource deployment only (idle/no-output day)
2026-01-24,ismaila,2.3.6(i)a,2.3,Bored Cast In-Situ Piling,705.000,cu.m.,0,8000.00,0,2,
2026-01-24,kbarman,2.3.6(i)a,2.3,Bored Cast In-Situ Piling,0.010,sq.m.,0,0,0,0,Source qty=0 — resource deployment only (idle/no-output day)
2026-01-24,parvaiz,2.3.6(i)a,2.3,Bored Cast In-Situ Piling,0.010,lin.m.,0,0,0,0,Source qty=0 — resource deployment only (idle/no-output day)
2026-01-24,saiffuddin,2.3.6(i)a,2.3,Bored Cast In-Situ Piling,0.010,m,0,0,0,0,Source qty=0 — resource deployment only (idle/no-output day)
2026-01-24,vijaykumar,2.3.6(i)a,2.3,Bored Cast In-Situ Piling,0.010,cu.m.,0,0,0,0,Source qty=0 — resource deployment only (idle/no-output day)
2026-01-24,vpgupta,2.3.6(i)a,2.3,Bored Cast In-Situ Piling,0.010,cu.m.,0,0,0,0,Source qty=0 — resource deployment only (idle/no-output day)
2026-01-24,illayaraja,2.3.6(i)b,2.3,Bored Cast In-Situ Piling,0.010,cu.m.,0,0,0,0,Source qty=0 — resource deployment only (idle/no-output day)
2026-01-24,ismaila,2.3.6(i)b,2.3,Bored Cast In-Situ Piling,1100.000,cu.m.,500.00,16000.00,1,2,
2026-01-24,kbarman,2.3.6(i)b,2.3,Bored Cast In-Situ Piling,0.010,cu.m.,0,0,0,0,Source qty=0 — resource deployment only (idle/no-output day)
2026-01-24,saiffuddin,2.3.6(i)b,2.3,Bored Cast In-Situ Piling,800.000,cu.m.,3000.00,25000.00,2,3,
2026-01-24,vijaykumar,2.3.6(i)b,2.3,Bored Cast In-Situ Piling,0.010,cu.m.,0,0,0,0,Source qty=0 — resource deployment only (idle/no-output day)
2026-01-24,akmishra,2.3.6(i)d,2.3,Bored Cast In-Situ Piling,0.010,Sqm,0,0,0,0,Source qty=0 — resource deployment only (idle/no-output day)
2026-01-24,illayaraja,2.3.6(i)d,2.3,Bored Cast In-Situ Piling,250.000,Sqm,2000.00,11000.00,1,2,
2026-01-24,kbarman,2.3.6(i)d,2.3,Bored Cast In-Situ Piling,0.010,Sqm,0,0,0,0,Source qty=0 — resource deployment only (idle/no-output day)
2026-01-24,parvaiz,2.3.6(i)d,2.3,Bored Cast In-Situ Piling,0.010,cu.m.,0,0,0,0,Source qty=0 — resource deployment only (idle/no-output day)
2026-01-24,vijaykumar,2.3.6(i)d,2.3,Bored Cast In-Situ Piling,0.010,Sqm,0,0,0,0,Source qty=0 — resource deployment only (idle/no-output day)
2026-01-24,illayaraja,2.4.6(i),2.4,Pile Cap,0.010,cu.m.,0,0,0,0,Source qty=0 — resource deployment only (idle/no-output day)
2026-01-24,ismaila,2.4.6(i),2.4,Pile Cap,0.010,cu.m.,0,0,0,0,Source qty=0 — resource deployment only (idle/no-output day)
2026-01-24,kbarman,2.4.6(i),2.4,Pile Cap,0.010,cu.m.,0,0,0,0,Source qty=0 — resource deployment only (idle/no-output day)
2026-01-24,parvaiz,2.4.6(i),2.4,Pile Cap,180.000,lin.m.,4500.00,25500.00,2,5,
2026-01-24,saiffuddin,2.4.6(i),2.4,Pile Cap,25.000,cu.m.,1500.00,8000.00,1,2,
2026-01-24,sanjar,2.4.6(i),2.4,Pile Cap,0.010,trip,0,0,0,0,Source qty=0 — resource deployment only (idle/no-output day)
2026-01-24,akmishra,2.4.6(i)a,2.4,Pile Cap,0.010,cu.m.,0,0,0,0,Source qty=0 — resource deployment only (idle/no-output day)
2026-01-24,illayaraja,2.4.6(i)a,2.4,Pile Cap,0.010,cu.m.,0,0,0,0,Source qty=0 — resource deployment only (idle/no-output day)
2026-01-24,sanjar,2.4.6(i)a,2.4,Pile Cap,0.010,cu.m.,0,0,0,0,Source qty=0 — resource deployment only (idle/no-output day)
2026-01-24,illayaraja,2.6.6(i),2.6,Pier,0.010,cu.m.,0,0,0,0,Source qty=0 — resource deployment only (idle/no-output day)
2026-01-24,ismaila,2.6.6(i),2.6,Pier,256.000,cu.m.,2200.00,23500.00,2,4,
2026-01-24,kbarman,2.6.6(i),2.6,Pier,0.010,cu.m.,0,0,0,0,Source qty=0 — resource deployment only (idle/no-output day)
2026-01-24,parvaiz,2.6.6(i),2.6,Pier,0.010,m,0,0,0,0,Source qty=0 — resource deployment only (idle/no-output day)
2026-01-24,illayaraja,2.7.6 (i),2.7,Abutment,0.010,cu.m.,0,0,0,0,Source qty=0 — resource deployment only (idle/no-output day)
2026-01-24,kbarman,2.7.6 (i),2.7,Abutment,0.010,cu.m.,0,0,0,0,Source qty=0 — resource deployment only (idle/no-output day)
2026-01-24,parvaiz,2.7.6 (i),2.7,Abutment,0.010,cu.m.,0,0,0,0,Source qty=0 — resource deployment only (idle/no-output day)
2026-01-24,illayaraja,3.2.6 (ii),3.2,Concrete RCC,0.010,lin.m.,0,0,0,0,Source qty=0 — resource deployment only (idle/no-output day)
2026-01-24,kbarman,3.2.6 (ii),3.2,Concrete RCC,0.010,cu.m.,0,0,0,0,Source qty=0 — resource deployment only (idle/no-output day)
2026-01-24,parvaiz,3.2.6 (ii),3.2,Concrete RCC,0.010,lin.m.,0,0,0,0,Source qty=0 — resource deployment only (idle/no-output day)
2026-01-24,kbarman,3.2.6 (ii)a,3.2,Concrete RCC,0.010,cu.m.,0,0,0,0,Source qty=0 — resource deployment only (idle/no-output day)
2026-01-24,illayaraja,3.3.6 (ii),3.3,Pre-stressed Members,270.000,cu.m.,0,5500.00,0,2,
2026-01-24,ismaila,3.3.6 (ii),3.3,Pre-stressed Members,0.010,cu.m.,0,0,0,0,Source qty=0 — resource deployment only (idle/no-output day)
2026-01-24,illayaraja,3.3.6 (ii)a,3.3,Pre-stressed Members,0.010,cu.m.,0,0,0,0,Source qty=0 — resource deployment only (idle/no-output day)
2026-01-24,illayaraja,5.1.7 (iii),5.1,Bearings,0.010,cu.m.,0,0,0,0,Source qty=0 — resource deployment only (idle/no-output day)
2026-01-24,kbarman,5.1.7 (iii),5.1,Bearings,0.010,cu.m.,0,0,0,0,Source qty=0 — resource deployment only (idle/no-output day)
2026-01-24,manzar,5.1.7 (iii),5.1,Bearings,63.000,kg.,2700.00,0,1,0,
2026-01-24,parvaiz,5.1.7 (iii),5.1,Bearings,0.010,cu.m.,0,0,0,0,Source qty=0 — resource deployment only (idle/no-output day)
2026-01-24,sohail,5.1.7 (iii),5.1,Bearings,0.010,cu.m.,0,0,0,0,Source qty=0 — resource deployment only (idle/no-output day)
2026-01-24,manzar,5.1.7 (iii)a,5.1,Bearings,1.000,sq.m.,5600.00,0,1,0,
2026-01-24,sohail,5.1.7 (iii)a,5.1,Bearings,0.010,Sqm,0,0,0,0,Source qty=0 — resource deployment only (idle/no-output day)
2026-01-24,sohail,5.2.6 (ii),5.2,Expansion Joints,0.010,lin.m.,0,0,0,0,Source qty=0 — resource deployment only (idle/no-output day)
2026-01-24,manzar,5.2.6 (ii)a,5.2,Expansion Joints,1.000,Nos,3600.00,6000.00,1,1,
2026-01-24,sohail,5.2.6 (ii)a,5.2,Expansion Joints,0.010,lin.m.,0,0,0,0,Source qty=0 — resource deployment only (idle/no-output day)
2026-01-24,manzar,9.1.6 (iii),9.0,Approach Slab,0.010,cu.m.,0,0,0,0,Source qty=0 — resource deployment only (idle/no-output day)
2026-01-24,illayaraja,9.1.6(ii),9.0,Approach Slab,350.000,cu.m.,2500.00,21500.00,1,5,
2026-01-24,kbarman,9.1.6(ii),9.0,Approach Slab,0.010,sq.m.,0,0,0,0,Source qty=0 — resource deployment only (idle/no-output day)
2026-01-24,manzar,9.1.6(ii),9.0,Approach Slab,0.010,Nos,0,0,0,0,Source qty=0 — resource deployment only (idle/no-output day)
2026-01-24,sohail,9.1.6(ii),9.0,Approach Slab,0.010,Sqm,0,0,0,0,Source qty=0 — resource deployment only (idle/no-output day)
2026-01-25,ismaila,1,1.0,Preliminaries,0.010,cu.m.,0,0,0,0,Source qty=0 — resource deployment only (idle/no-output day)
2026-01-25,sohail,1,1.0,Preliminaries,0.010,cu.m.,0,0,0,0,Source qty=0 — resource deployment only (idle/no-output day)
2026-01-25,akmishra,1.1,1.1,Site Establishment,0.010,lin.m.,0,0,0,0,Source qty=0 — resource deployment only (idle/no-output day)
2026-01-25,ismaila,1.1,1.1,Site Establishment,0.010,cu.m.,0,0,0,0,Source qty=0 — resource deployment only (idle/no-output day)
2026-01-25,kbarman,1.1,1.1,Site Establishment,0.010,cu.m.,0,0,0,0,Source qty=0 — resource deployment only (idle/no-output day)
2026-01-25,parvaiz,1.1,1.1,Site Establishment,0.010,cu.m.,0,0,0,0,Source qty=0 — resource deployment only (idle/no-output day)
2026-01-25,saiffuddin,1.1,1.1,Site Establishment,5.000,m,1500.00,10000.00,1,1,
2026-01-25,vijaykumar,1.1,1.1,Site Establishment,0.010,cu.m.,0,0,0,0,Source qty=0 — resource deployment only (idle/no-output day)
2026-01-25,kbarman,13.1.7(ix)a,13.0,Drainage,0.010,lin.m.,0,0,0,0,Source qty=0 — resource deployment only (idle/no-output day)
2026-01-25,kbarman,13.1.7(ix)b,13.0,Drainage,152.000,lin.m.,1500.00,0,1,0,
2026-01-25,manzar,13.1.7(ix)b,13.0,Drainage,48.000,lin.m.,5600.00,0,1,0,
2026-01-25,sohail,13.1.7(ix)b,13.0,Drainage,0.010,Sqm,0,0,0,0,Source qty=0 — resource deployment only (idle/no-output day)
2026-01-25,manzar,13.1.7(ix)b1,13.0,Drainage,3.000,sq.m.,4300.00,0,2,0,
2026-01-25,manzar,13.1.7(ix)b2,13.0,Drainage,48.000,cu.m.,4800.00,0,1,0,
2026-01-25,kbarman,18.3.6(i),18.3,Bituminous Layers,0.010,sq.m.,0,0,0,0,Source qty=0 — resource deployment only (idle/no-output day)
2026-01-25,parvaiz,18.3.6(i),18.3,Bituminous Layers,0.010,lin.m.,0,0,0,0,Source qty=0 — resource deployment only (idle/no-output day)
2026-01-25,ismaila,2.3.6(i),2.3,Bored Cast In-Situ Piling,0.010,cu.m.,0,0,0,0,Source qty=0 — resource deployment only (idle/no-output day)
2026-01-25,kbarman,2.3.6(i),2.3,Bored Cast In-Situ Piling,0.010,cu.m.,0,0,0,0,Source qty=0 — resource deployment only (idle/no-output day)
2026-01-25,akmishra,2.3.6(i)a,2.3,Bored Cast In-Situ Piling,0.010,cu.m.,0,0,0,0,Source qty=0 — resource deployment only (idle/no-output day)
2026-01-25,illayaraja,2.3.6(i)a,2.3,Bored Cast In-Situ Piling,0.010,cu.m.,0,0,0,0,Source qty=0 — resource deployment only (idle/no-output day)
2026-01-25,ismaila,2.3.6(i)a,2.3,Bored Cast In-Situ Piling,0.010,cu.m.,0,0,0,0,Source qty=0 — resource deployment only (idle/no-output day)
2026-01-25,kbarman,2.3.6(i)a,2.3,Bored Cast In-Situ Piling,0.010,sq.m.,0,0,0,0,Source qty=0 — resource deployment only (idle/no-output day)
2026-01-25,parvaiz,2.3.6(i)a,2.3,Bored Cast In-Situ Piling,0.010,lin.m.,0,0,0,0,Source qty=0 — resource deployment only (idle/no-output day)
2026-01-25,saiffuddin,2.3.6(i)a,2.3,Bored Cast In-Situ Piling,0.010,m,0,0,0,0,Source qty=0 — resource deployment only (idle/no-output day)
2026-01-25,vijaykumar,2.3.6(i)a,2.3,Bored Cast In-Situ Piling,0.010,cu.m.,0,0,0,0,Source qty=0 — resource deployment only (idle/no-output day)
2026-01-25,vpgupta,2.3.6(i)a,2.3,Bored Cast In-Situ Piling,0.010,cu.m.,0,0,0,0,Source qty=0 — resource deployment only (idle/no-output day)
2026-01-25,illayaraja,2.3.6(i)b,2.3,Bored Cast In-Situ Piling,0.010,cu.m.,0,0,0,0,Source qty=0 — resource deployment only (idle/no-output day)
2026-01-25,ismaila,2.3.6(i)b,2.3,Bored Cast In-Situ Piling,0.010,cu.m.,0,0,0,0,Source qty=0 — resource deployment only (idle/no-output day)
2026-01-25,kbarman,2.3.6(i)b,2.3,Bored Cast In-Situ Piling,0.010,cu.m.,0,0,0,0,Source qty=0 — resource deployment only (idle/no-output day)
2026-01-25,saiffuddin,2.3.6(i)b,2.3,Bored Cast In-Situ Piling,650.000,cu.m.,2500.00,30000.00,2,3,
2026-01-25,vijaykumar,2.3.6(i)b,2.3,Bored Cast In-Situ Piling,0.010,cu.m.,0,0,0,0,Source qty=0 — resource deployment only (idle/no-output day)
2026-01-25,akmishra,2.3.6(i)d,2.3,Bored Cast In-Situ Piling,0.010,Sqm,0,0,0,0,Source qty=0 — resource deployment only (idle/no-output day)
2026-01-25,illayaraja,2.3.6(i)d,2.3,Bored Cast In-Situ Piling,300.000,Sqm,2000.00,8000.00,1,2,
2026-01-25,kbarman,2.3.6(i)d,2.3,Bored Cast In-Situ Piling,0.010,Sqm,0,0,0,0,Source qty=0 — resource deployment only (idle/no-output day)
2026-01-25,parvaiz,2.3.6(i)d,2.3,Bored Cast In-Situ Piling,0.010,cu.m.,0,0,0,0,Source qty=0 — resource deployment only (idle/no-output day)
2026-01-25,vijaykumar,2.3.6(i)d,2.3,Bored Cast In-Situ Piling,0.010,Sqm,0,0,0,0,Source qty=0 — resource deployment only (idle/no-output day)
2026-01-25,illayaraja,2.4.6(i),2.4,Pile Cap,0.010,cu.m.,0,0,0,0,Source qty=0 — resource deployment only (idle/no-output day)
2026-01-25,ismaila,2.4.6(i),2.4,Pile Cap,0.010,cu.m.,0,0,0,0,Source qty=0 — resource deployment only (idle/no-output day)
2026-01-25,kbarman,2.4.6(i),2.4,Pile Cap,0.010,cu.m.,0,0,0,0,Source qty=0 — resource deployment only (idle/no-output day)
2026-01-25,parvaiz,2.4.6(i),2.4,Pile Cap,0.010,lin.m.,0,0,0,0,Source qty=0 — resource deployment only (idle/no-output day)
2026-01-25,saiffuddin,2.4.6(i),2.4,Pile Cap,425.000,m,1500.00,8000.00,1,2,
2026-01-25,sanjar,2.4.6(i),2.4,Pile Cap,0.010,trip,0,0,0,0,Source qty=0 — resource deployment only (idle/no-output day)
2026-01-25,akmishra,2.4.6(i)a,2.4,Pile Cap,0.010,cu.m.,0,0,0,0,Source qty=0 — resource deployment only (idle/no-output day)
2026-01-25,illayaraja,2.4.6(i)a,2.4,Pile Cap,0.010,cu.m.,0,0,0,0,Source qty=0 — resource deployment only (idle/no-output day)
2026-01-25,sanjar,2.4.6(i)a,2.4,Pile Cap,0.010,cu.m.,0,0,0,0,Source qty=0 — resource deployment only (idle/no-output day)
2026-01-25,illayaraja,2.6.6(i),2.6,Pier,0.010,cu.m.,0,0,0,0,Source qty=0 — resource deployment only (idle/no-output day)
2026-01-25,ismaila,2.6.6(i),2.6,Pier,0.010,cu.m.,0,0,0,0,Source qty=0 — resource deployment only (idle/no-output day)
2026-01-25,kbarman,2.6.6(i),2.6,Pier,0.010,cu.m.,0,0,0,0,Source qty=0 — resource deployment only (idle/no-output day)
2026-01-25,parvaiz,2.6.6(i),2.6,Pier,0.010,m,0,0,0,0,Source qty=0 — resource deployment only (idle/no-output day)
2026-01-25,illayaraja,2.7.6 (i),2.7,Abutment,0.010,cu.m.,0,0,0,0,Source qty=0 — resource deployment only (idle/no-output day)
2026-01-25,kbarman,2.7.6 (i),2.7,Abutment,0.010,cu.m.,0,0,0,0,Source qty=0 — resource deployment only (idle/no-output day)
2026-01-25,parvaiz,2.7.6 (i),2.7,Abutment,0.010,cu.m.,0,0,0,0,Source qty=0 — resource deployment only (idle/no-output day)
2026-01-25,illayaraja,3.2.6 (ii),3.2,Concrete RCC,0.010,lin.m.,0,0,0,0,Source qty=0 — resource deployment only (idle/no-output day)
2026-01-25,kbarman,3.2.6 (ii),3.2,Concrete RCC,0.010,cu.m.,0,0,0,0,Source qty=0 — resource deployment only (idle/no-output day)
2026-01-25,parvaiz,3.2.6 (ii),3.2,Concrete RCC,0.010,lin.m.,0,0,0,0,Source qty=0 — resource deployment only (idle/no-output day)
2026-01-25,kbarman,3.2.6 (ii)a,3.2,Concrete RCC,0.010,cu.m.,0,0,0,0,Source qty=0 — resource deployment only (idle/no-output day)
2026-01-25,illayaraja,3.3.6 (ii),3.3,Pre-stressed Members,200.000,cu.m.,0,5500.00,0,2,
2026-01-25,ismaila,3.3.6 (ii),3.3,Pre-stressed Members,0.010,cu.m.,0,0,0,0,Source qty=0 — resource deployment only (idle/no-output day)
2026-01-25,illayaraja,5.1.7 (iii),5.1,Bearings,0.010,cu.m.,0,0,0,0,Source qty=0 — resource deployment only (idle/no-output day)
2026-01-25,kbarman,5.1.7 (iii),5.1,Bearings,0.010,cu.m.,1000.00,5000.00,1,1,Source qty=0 — resource deployment only (idle/no-output day)
2026-01-25,manzar,5.1.7 (iii),5.1,Bearings,500.000,kg.,1600.00,0,1,0,
2026-01-25,parvaiz,5.1.7 (iii),5.1,Bearings,0.010,cu.m.,0,0,0,0,Source qty=0 — resource deployment only (idle/no-output day)
2026-01-25,sohail,5.1.7 (iii),5.1,Bearings,0.010,cu.m.,0,0,0,0,Source qty=0 — resource deployment only (idle/no-output day)
2026-01-25,manzar,5.1.7 (iii)a,5.1,Bearings,1.000,sq.m.,5600.00,0,1,0,
2026-01-25,sohail,5.1.7 (iii)a,5.1,Bearings,0.010,Sqm,0,0,0,0,Source qty=0 — resource deployment only (idle/no-output day)
2026-01-25,sohail,5.2.6 (ii),5.2,Expansion Joints,0.010,lin.m.,0,0,0,0,Source qty=0 — resource deployment only (idle/no-output day)
2026-01-25,manzar,5.2.6 (ii)a,5.2,Expansion Joints,1.000,Nos,3600.00,12000.00,1,1,
2026-01-25,sohail,5.2.6 (ii)a,5.2,Expansion Joints,0.010,lin.m.,0,0,0,0,Source qty=0 — resource deployment only (idle/no-output day)
2026-01-25,manzar,9.1.6 (iii),9.0,Approach Slab,0.010,cu.m.,0,0,0,0,Source qty=0 — resource deployment only (idle/no-output day)
2026-01-25,illayaraja,9.1.6(ii),9.0,Approach Slab,380.000,cu.m.,2000.00,20500.00,1,4,
2026-01-25,kbarman,9.1.6(ii),9.0,Approach Slab,0.010,sq.m.,0,0,0,0,Source qty=0 — resource deployment only (idle/no-output day)
2026-01-25,manzar,9.1.6(ii),9.0,Approach Slab,0.010,Nos,0,0,0,0,Source qty=0 — resource deployment only (idle/no-output day)
2026-01-25,sohail,9.1.6(ii),9.0,Approach Slab,0.010,Sqm,0,0,0,0,Source qty=0 — resource deployment only (idle/no-output day)
2026-01-26,ismaila,1,1.0,Preliminaries,0.010,cu.m.,0,0,0,0,Source qty=0 — resource deployment only (idle/no-output day)
2026-01-26,sohail,1,1.0,Preliminaries,0.010,cu.m.,0,0,0,0,Source qty=0 — resource deployment only (idle/no-output day)
2026-01-26,akmishra,1.1,1.1,Site Establishment,0.010,lin.m.,0,0,0,0,Source qty=0 — resource deployment only (idle/no-output day)
2026-01-26,ismaila,1.1,1.1,Site Establishment,0.010,cu.m.,0,0,0,0,Source qty=0 — resource deployment only (idle/no-output day)
2026-01-26,kbarman,1.1,1.1,Site Establishment,1.000,Km,500.00,5000.00,1,1,
2026-01-26,parvaiz,1.1,1.1,Site Establishment,0.010,cu.m.,0,0,0,0,Source qty=0 — resource deployment only (idle/no-output day)
2026-01-26,saiffuddin,1.1,1.1,Site Establishment,6.000,m,1500.00,10000.00,1,1,
2026-01-26,vijaykumar,1.1,1.1,Site Establishment,0.010,cu.m.,0,0,0,0,Source qty=0 — resource deployment only (idle/no-output day)
2026-01-26,kbarman,13.1.7(ix)a,13.0,Drainage,0.010,lin.m.,0,0,0,0,Source qty=0 — resource deployment only (idle/no-output day)
2026-01-26,kbarman,13.1.7(ix)b,13.0,Drainage,0.010,cu.m.,0,0,0,0,Source qty=0 — resource deployment only (idle/no-output day)
2026-01-26,manzar,13.1.7(ix)b,13.0,Drainage,0.010,lin.m.,0,0,0,0,Source qty=0 — resource deployment only (idle/no-output day)
2026-01-26,sohail,13.1.7(ix)b,13.0,Drainage,0.010,Sqm,0,0,0,0,Source qty=0 — resource deployment only (idle/no-output day)
2026-01-26,manzar,13.1.7(ix)b1,13.0,Drainage,0.010,sq.m.,0,0,0,0,Source qty=0 — resource deployment only (idle/no-output day)
2026-01-26,manzar,13.1.7(ix)b2,13.0,Drainage,0.010,cu.m.,0,0,0,0,Source qty=0 — resource deployment only (idle/no-output day)
2026-01-26,kbarman,18.3.6(i),18.3,Bituminous Layers,0.010,sq.m.,0,0,0,0,Source qty=0 — resource deployment only (idle/no-output day)
2026-01-26,parvaiz,18.3.6(i),18.3,Bituminous Layers,0.010,lin.m.,0,0,0,0,Source qty=0 — resource deployment only (idle/no-output day)
2026-01-26,ismaila,2.3.6(i),2.3,Bored Cast In-Situ Piling,0.010,cu.m.,0,0,0,0,Source qty=0 — resource deployment only (idle/no-output day)
2026-01-26,kbarman,2.3.6(i),2.3,Bored Cast In-Situ Piling,0.010,cu.m.,0,0,0,0,Source qty=0 — resource deployment only (idle/no-output day)
2026-01-26,akmishra,2.3.6(i)a,2.3,Bored Cast In-Situ Piling,0.010,cu.m.,0,0,0,0,Source qty=0 — resource deployment only (idle/no-output day)
2026-01-26,illayaraja,2.3.6(i)a,2.3,Bored Cast In-Situ Piling,400.000,cu.m.,4300.00,4500.00,3,2,
2026-01-26,ismaila,2.3.6(i)a,2.3,Bored Cast In-Situ Piling,0.010,cu.m.,0,0,0,0,Source qty=0 — resource deployment only (idle/no-output day)
2026-01-26,kbarman,2.3.6(i)a,2.3,Bored Cast In-Situ Piling,0.010,sq.m.,0,0,0,0,Source qty=0 — resource deployment only (idle/no-output day)
2026-01-26,parvaiz,2.3.6(i)a,2.3,Bored Cast In-Situ Piling,0.010,lin.m.,0,0,0,0,Source qty=0 — resource deployment only (idle/no-output day)
2026-01-26,saiffuddin,2.3.6(i)a,2.3,Bored Cast In-Situ Piling,0.010,m,0,0,0,0,Source qty=0 — resource deployment only (idle/no-output day)
2026-01-26,vijaykumar,2.3.6(i)a,2.3,Bored Cast In-Situ Piling,0.010,cu.m.,0,0,0,0,Source qty=0 — resource deployment only (idle/no-output day)
2026-01-26,vpgupta,2.3.6(i)a,2.3,Bored Cast In-Situ Piling,0.010,cu.m.,0,0,0,0,Source qty=0 — resource deployment only (idle/no-output day)
2026-01-26,illayaraja,2.3.6(i)b,2.3,Bored Cast In-Situ Piling,0.010,cu.m.,0,0,0,0,Source qty=0 — resource deployment only (idle/no-output day)
2026-01-26,ismaila,2.3.6(i)b,2.3,Bored Cast In-Situ Piling,1250.000,cu.m.,1000.00,29000.00,1,3,
2026-01-26,kbarman,2.3.6(i)b,2.3,Bored Cast In-Situ Piling,0.010,cu.m.,0,0,0,0,Source qty=0 — resource deployment only (idle/no-output day)
2026-01-26,saiffuddin,2.3.6(i)b,2.3,Bored Cast In-Situ Piling,700.000,cu.m.,3000.00,26000.00,2,2,
2026-01-26,vijaykumar,2.3.6(i)b,2.3,Bored Cast In-Situ Piling,0.010,cu.m.,0,0,0,0,Source qty=0 — resource deployment only (idle/no-output day)
2026-01-26,akmishra,2.3.6(i)d,2.3,Bored Cast In-Situ Piling,0.010,Sqm,0,0,0,0,Source qty=0 — resource deployment only (idle/no-output day)
2026-01-26,illayaraja,2.3.6(i)d,2.3,Bored Cast In-Situ Piling,180.000,Sqm,2000.00,8000.00,1,2,
2026-01-26,kbarman,2.3.6(i)d,2.3,Bored Cast In-Situ Piling,0.010,Sqm,0,0,0,0,Source qty=0 — resource deployment only (idle/no-output day)
2026-01-26,parvaiz,2.3.6(i)d,2.3,Bored Cast In-Situ Piling,0.010,cu.m.,0,0,0,0,Source qty=0 — resource deployment only (idle/no-output day)
2026-01-26,vijaykumar,2.3.6(i)d,2.3,Bored Cast In-Situ Piling,0.010,Sqm,0,0,0,0,Source qty=0 — resource deployment only (idle/no-output day)
2026-01-26,illayaraja,2.4.6(i),2.4,Pile Cap,0.010,cu.m.,0,0,0,0,Source qty=0 — resource deployment only (idle/no-output day)
2026-01-26,ismaila,2.4.6(i),2.4,Pile Cap,0.010,cu.m.,0,0,0,0,Source qty=0 — resource deployment only (idle/no-output day)
2026-01-26,kbarman,2.4.6(i),2.4,Pile Cap,0.010,cu.m.,0,0,0,0,Source qty=0 — resource deployment only (idle/no-output day)
2026-01-26,parvaiz,2.4.6(i),2.4,Pile Cap,0.010,lin.m.,0,0,0,0,Source qty=0 — resource deployment only (idle/no-output day)
2026-01-26,saiffuddin,2.4.6(i),2.4,Pile Cap,250.000,sq.m.,0,9000.00,0,2,
2026-01-26,sanjar,2.4.6(i),2.4,Pile Cap,0.010,trip,0,0,0,0,Source qty=0 — resource deployment only (idle/no-output day)
2026-01-26,akmishra,2.4.6(i)a,2.4,Pile Cap,0.010,cu.m.,0,0,0,0,Source qty=0 — resource deployment only (idle/no-output day)
2026-01-26,illayaraja,2.4.6(i)a,2.4,Pile Cap,0.010,cu.m.,0,0,0,0,Source qty=0 — resource deployment only (idle/no-output day)
2026-01-26,sanjar,2.4.6(i)a,2.4,Pile Cap,0.010,cu.m.,0,0,0,0,Source qty=0 — resource deployment only (idle/no-output day)
2026-01-26,illayaraja,2.6.6(i),2.6,Pier,0.010,cu.m.,0,0,0,0,Source qty=0 — resource deployment only (idle/no-output day)
2026-01-26,ismaila,2.6.6(i),2.6,Pier,0.010,cu.m.,0,0,0,0,Source qty=0 — resource deployment only (idle/no-output day)
2026-01-26,kbarman,2.6.6(i),2.6,Pier,270.000,cu.m.,1500.00,9000.00,1,2,
2026-01-26,parvaiz,2.6.6(i),2.6,Pier,120.000,m,3500.00,19000.00,2,4,
2026-01-26,illayaraja,2.7.6 (i),2.7,Abutment,0.010,cu.m.,0,0,0,0,Source qty=0 — resource deployment only (idle/no-output day)
2026-01-26,kbarman,2.7.6 (i),2.7,Abutment,60.000,lin.m.,500.00,3000.00,1,1,
2026-01-26,parvaiz,2.7.6 (i),2.7,Abutment,0.010,cu.m.,0,0,0,0,Source qty=0 — resource deployment only (idle/no-output day)
2026-01-26,illayaraja,3.2.6 (ii),3.2,Concrete RCC,0.010,lin.m.,0,0,0,0,Source qty=0 — resource deployment only (idle/no-output day)
2026-01-26,ismaila,3.2.6 (ii),3.2,Concrete RCC,570.000,cu.m.,2200.00,29000.00,2,4,
2026-01-26,kbarman,3.2.6 (ii),3.2,Concrete RCC,0.010,cu.m.,0,0,0,0,Source qty=0 — resource deployment only (idle/no-output day)
2026-01-26,parvaiz,3.2.6 (ii),3.2,Concrete RCC,0.010,lin.m.,0,0,0,0,Source qty=0 — resource deployment only (idle/no-output day)
2026-01-26,kbarman,3.2.6 (ii)a,3.2,Concrete RCC,0.010,cu.m.,0,0,0,0,Source qty=0 — resource deployment only (idle/no-output day)
2026-01-26,illayaraja,3.3.6 (ii),3.3,Pre-stressed Members,200.000,cu.m.,0,5500.00,0,2,
2026-01-26,illayaraja,3.3.6 (ii)a,3.3,Pre-stressed Members,0.010,cu.m.,0,0,0,0,Source qty=0 — resource deployment only (idle/no-output day)
2026-01-26,illayaraja,5.1.7 (iii),5.1,Bearings,0.010,cu.m.,2400.00,0,1,0,Source qty=0 — resource deployment only (idle/no-output day)
2026-01-26,kbarman,5.1.7 (iii),5.1,Bearings,160.000,sq.m.,2500.00,0,1,0,
2026-01-26,manzar,5.1.7 (iii),5.1,Bearings,0.010,kg.,0,0,0,0,Source qty=0 — resource deployment only (idle/no-output day)
2026-01-26,parvaiz,5.1.7 (iii),5.1,Bearings,0.010,cu.m.,0,0,0,0,Source qty=0 — resource deployment only (idle/no-output day)
2026-01-26,sohail,5.1.7 (iii),5.1,Bearings,0.010,cu.m.,0,0,0,0,Source qty=0 — resource deployment only (idle/no-output day)
2026-01-26,manzar,5.1.7 (iii)a,5.1,Bearings,0.010,sq.m.,0,0,0,0,Source qty=0 — resource deployment only (idle/no-output day)
2026-01-26,sohail,5.1.7 (iii)a,5.1,Bearings,0.010,Sqm,0,0,0,0,Source qty=0 — resource deployment only (idle/no-output day)
2026-01-26,sohail,5.2.6 (ii),5.2,Expansion Joints,0.010,lin.m.,0,0,0,0,Source qty=0 — resource deployment only (idle/no-output day)
2026-01-26,manzar,5.2.6 (ii)a,5.2,Expansion Joints,0.010,Nos,0,0,0,0,Source qty=0 — resource deployment only (idle/no-output day)
2026-01-26,sohail,5.2.6 (ii)a,5.2,Expansion Joints,0.010,lin.m.,0,0,0,0,Source qty=0 — resource deployment only (idle/no-output day)
2026-01-26,manzar,9.1.6 (iii),9.0,Approach Slab,0.010,cu.m.,0,0,0,0,Source qty=0 — resource deployment only (idle/no-output day)
2026-01-26,illayaraja,9.1.6(ii),9.0,Approach Slab,70.000,cu.m.,4000.00,12000.00,1,4,
2026-01-26,kbarman,9.1.6(ii),9.0,Approach Slab,0.010,sq.m.,0,0,0,0,Source qty=0 — resource deployment only (idle/no-output day)
2026-01-26,manzar,9.1.6(ii),9.0,Approach Slab,0.010,Nos,0,0,0,0,Source qty=0 — resource deployment only (idle/no-output day)
2026-01-26,sohail,9.1.6(ii),9.0,Approach Slab,0.010,Sqm,0,0,0,0,Source qty=0 — resource deployment only (idle/no-output day)
2026-01-27,ismaila,1,1.0,Preliminaries,0.010,cu.m.,0,0,0,0,Source qty=0 — resource deployment only (idle/no-output day)
2026-01-27,sohail,1,1.0,Preliminaries,0.010,cu.m.,0,0,0,0,Source qty=0 — resource deployment only (idle/no-output day)
2026-01-27,akmishra,1.1,1.1,Site Establishment,0.010,lin.m.,0,0,0,0,Source qty=0 — resource deployment only (idle/no-output day)
2026-01-27,ismaila,1.1,1.1,Site Establishment,525.000,cu.m.,500.00,8000.00,1,2,
2026-01-27,parvaiz,1.1,1.1,Site Establishment,0.010,cu.m.,0,0,0,0,Source qty=0 — resource deployment only (idle/no-output day)
2026-01-27,saiffuddin,1.1,1.1,Site Establishment,10.000,m,1500.00,10000.00,1,1,
2026-01-27,vijaykumar,1.1,1.1,Site Establishment,0.010,cu.m.,0,0,0,0,Source qty=0 — resource deployment only (idle/no-output day)
2026-01-27,kbarman,13.1.7(ix)a,13.0,Drainage,0.010,lin.m.,0,0,0,0,Source qty=0 — resource deployment only (idle/no-output day)
2026-01-27,kbarman,13.1.7(ix)b,13.0,Drainage,0.010,cu.m.,0,0,0,0,Source qty=0 — resource deployment only (idle/no-output day)
2026-01-27,manzar,13.1.7(ix)b,13.0,Drainage,0.010,lin.m.,0,0,0,0,Source qty=0 — resource deployment only (idle/no-output day)
2026-01-27,sohail,13.1.7(ix)b,13.0,Drainage,0.010,Sqm,0,0,0,0,Source qty=0 — resource deployment only (idle/no-output day)
2026-01-27,manzar,13.1.7(ix)b1,13.0,Drainage,0.010,sq.m.,0,0,0,0,Source qty=0 — resource deployment only (idle/no-output day)
2026-01-27,manzar,13.1.7(ix)b2,13.0,Drainage,0.010,cu.m.,0,0,0,0,Source qty=0 — resource deployment only (idle/no-output day)
2026-01-27,kbarman,18.3.6(i),18.3,Bituminous Layers,0.010,sq.m.,0,0,0,0,Source qty=0 — resource deployment only (idle/no-output day)
2026-01-27,parvaiz,18.3.6(i),18.3,Bituminous Layers,0.010,lin.m.,0,0,0,0,Source qty=0 — resource deployment only (idle/no-output day)
2026-01-27,illayaraja,2.1.5 (i),2.1,Setting Out & Layout,200.000,lin.m.,500.00,5000.00,1,1,
2026-01-27,ismaila,2.3.6(i),2.3,Bored Cast In-Situ Piling,0.010,cu.m.,0,0,0,0,Source qty=0 — resource deployment only (idle/no-output day)
2026-01-27,kbarman,2.3.6(i),2.3,Bored Cast In-Situ Piling,0.010,cu.m.,0,0,0,0,Source qty=0 — resource deployment only (idle/no-output day)
2026-01-27,akmishra,2.3.6(i)a,2.3,Bored Cast In-Situ Piling,0.010,cu.m.,0,0,0,0,Source qty=0 — resource deployment only (idle/no-output day)
2026-01-27,illayaraja,2.3.6(i)a,2.3,Bored Cast In-Situ Piling,0.010,cu.m.,0,0,0,0,Source qty=0 — resource deployment only (idle/no-output day)
2026-01-27,ismaila,2.3.6(i)a,2.3,Bored Cast In-Situ Piling,370.000,cu.m.,0,10000.00,0,1,
2026-01-27,kbarman,2.3.6(i)a,2.3,Bored Cast In-Situ Piling,100.000,lin.m.,500.00,7500.00,1,2,
2026-01-27,parvaiz,2.3.6(i)a,2.3,Bored Cast In-Situ Piling,0.010,lin.m.,0,0,0,0,Source qty=0 — resource deployment only (idle/no-output day)
2026-01-27,vijaykumar,2.3.6(i)a,2.3,Bored Cast In-Situ Piling,0.010,cu.m.,0,0,0,0,Source qty=0 — resource deployment only (idle/no-output day)
2026-01-27,vpgupta,2.3.6(i)a,2.3,Bored Cast In-Situ Piling,0.010,cu.m.,0,0,0,0,Source qty=0 — resource deployment only (idle/no-output day)
2026-01-27,illayaraja,2.3.6(i)b,2.3,Bored Cast In-Situ Piling,0.010,cu.m.,0,0,0,0,Source qty=0 — resource deployment only (idle/no-output day)
2026-01-27,ismaila,2.3.6(i)b,2.3,Bored Cast In-Situ Piling,650.000,cu.m.,500.00,16000.00,1,2,
2026-01-27,kbarman,2.3.6(i)b,2.3,Bored Cast In-Situ Piling,0.010,cu.m.,0,0,0,0,Source qty=0 — resource deployment only (idle/no-output day)
2026-01-27,saiffuddin,2.3.6(i)b,2.3,Bored Cast In-Situ Piling,400.000,cu.m.,3000.00,29000.00,2,3,
2026-01-27,vijaykumar,2.3.6(i)b,2.3,Bored Cast In-Situ Piling,0.010,cu.m.,0,0,0,0,Source qty=0 — resource deployment only (idle/no-output day)
2026-01-27,akmishra,2.3.6(i)d,2.3,Bored Cast In-Situ Piling,0.010,Sqm,0,0,0,0,Source qty=0 — resource deployment only (idle/no-output day)
2026-01-27,illayaraja,2.3.6(i)d,2.3,Bored Cast In-Situ Piling,300.000,Sqm,500.00,5000.00,1,1,
2026-01-27,kbarman,2.3.6(i)d,2.3,Bored Cast In-Situ Piling,0.010,Sqm,0,0,0,0,Source qty=0 — resource deployment only (idle/no-output day)
2026-01-27,parvaiz,2.3.6(i)d,2.3,Bored Cast In-Situ Piling,0.010,cu.m.,0,0,0,0,Source qty=0 — resource deployment only (idle/no-output day)
2026-01-27,vijaykumar,2.3.6(i)d,2.3,Bored Cast In-Situ Piling,0.010,Sqm,0,0,0,0,Source qty=0 — resource deployment only (idle/no-output day)
2026-01-27,illayaraja,2.4.6(i),2.4,Pile Cap,0.010,cu.m.,0,0,0,0,Source qty=0 — resource deployment only (idle/no-output day)
2026-01-27,ismaila,2.4.6(i),2.4,Pile Cap,0.010,cu.m.,0,0,0,0,Source qty=0 — resource deployment only (idle/no-output day)
2026-01-27,kbarman,2.4.6(i),2.4,Pile Cap,300.000,cu.m.,1500.00,13000.00,1,3,
2026-01-27,parvaiz,2.4.6(i),2.4,Pile Cap,0.010,lin.m.,0,0,0,0,Source qty=0 — resource deployment only (idle/no-output day)
2026-01-27,saiffuddin,2.4.6(i),2.4,Pile Cap,300.000,sq.m.,0,9000.00,0,2,
2026-01-27,sanjar,2.4.6(i),2.4,Pile Cap,0.010,trip,0,0,0,0,Source qty=0 — resource deployment only (idle/no-output day)
2026-01-27,akmishra,2.4.6(i)a,2.4,Pile Cap,0.010,cu.m.,0,0,0,0,Source qty=0 — resource deployment only (idle/no-output day)
2026-01-27,illayaraja,2.4.6(i)a,2.4,Pile Cap,0.010,cu.m.,0,0,0,0,Source qty=0 — resource deployment only (idle/no-output day)
2026-01-27,sanjar,2.4.6(i)a,2.4,Pile Cap,0.010,cu.m.,0,0,0,0,Source qty=0 — resource deployment only (idle/no-output day)
2026-01-27,illayaraja,2.6.6(i),2.6,Pier,80.000,Sqm,1500.00,3000.00,1,1,
2026-01-27,ismaila,2.6.6(i),2.6,Pier,0.010,cu.m.,0,0,0,0,Source qty=0 — resource deployment only (idle/no-output day)
2026-01-27,kbarman,2.6.6(i),2.6,Pier,0.010,cu.m.,0,0,0,0,Source qty=0 — resource deployment only (idle/no-output day)
2026-01-27,parvaiz,2.6.6(i),2.6,Pier,100.000,m,3500.00,17000.00,2,4,
2026-01-27,illayaraja,2.7.6 (i),2.7,Abutment,0.010,cu.m.,0,0,0,0,Source qty=0 — resource deployment only (idle/no-output day)
2026-01-27,kbarman,2.7.6 (i),2.7,Abutment,150.000,lin.m.,2500.00,16000.00,1,4,
2026-01-27,parvaiz,2.7.6 (i),2.7,Abutment,0.010,cu.m.,0,0,0,0,Source qty=0 — resource deployment only (idle/no-output day)
2026-01-27,saiffuddin,2.7.6 (i),2.7,Abutment,200.000,cu.m.,0,16000.00,0,2,
2026-01-27,illayaraja,3.2.6 (ii),3.2,Concrete RCC,0.010,lin.m.,0,0,0,0,Source qty=0 — resource deployment only (idle/no-output day)
2026-01-27,ismaila,3.2.6 (ii),3.2,Concrete RCC,352.000,cu.m.,2200.00,27000.00,2,3,
2026-01-27,kbarman,3.2.6 (ii),3.2,Concrete RCC,325.000,cu.m.,1500.00,9000.00,1,2,
2026-01-27,parvaiz,3.2.6 (ii),3.2,Concrete RCC,0.010,lin.m.,0,0,0,0,Source qty=0 — resource deployment only (idle/no-output day)
2026-01-27,kbarman,3.2.6 (ii)a,3.2,Concrete RCC,0.010,cu.m.,0,0,0,0,Source qty=0 — resource deployment only (idle/no-output day)
2026-01-27,illayaraja,5.1.7 (iii),5.1,Bearings,0.010,cu.m.,2400.00,0,1,0,Source qty=0 — resource deployment only (idle/no-output day)
2026-01-27,kbarman,5.1.7 (iii),5.1,Bearings,0.010,sq.m.,0,0,0,0,Source qty=0 — resource deployment only (idle/no-output day)
2026-01-27,manzar,5.1.7 (iii),5.1,Bearings,0.010,kg.,0,0,0,0,Source qty=0 — resource deployment only (idle/no-output day)
2026-01-27,parvaiz,5.1.7 (iii),5.1,Bearings,0.010,cu.m.,0,0,0,0,Source qty=0 — resource deployment only (idle/no-output day)
2026-01-27,sohail,5.1.7 (iii),5.1,Bearings,0.010,cu.m.,0,0,0,0,Source qty=0 — resource deployment only (idle/no-output day)
2026-01-27,illayaraja,5.1.7 (iii)a,5.1,Bearings,200.000,cu.m.,0,8000.00,0,2,
2026-01-27,manzar,5.1.7 (iii)a,5.1,Bearings,0.010,sq.m.,0,0,0,0,Source qty=0 — resource deployment only (idle/no-output day)
2026-01-27,sohail,5.1.7 (iii)a,5.1,Bearings,0.010,Sqm,0,0,0,0,Source qty=0 — resource deployment only (idle/no-output day)
2026-01-27,sohail,5.2.6 (ii),5.2,Expansion Joints,0.010,lin.m.,0,0,0,0,Source qty=0 — resource deployment only (idle/no-output day)
2026-01-27,manzar,5.2.6 (ii)a,5.2,Expansion Joints,0.010,Nos,0,0,0,0,Source qty=0 — resource deployment only (idle/no-output day)
2026-01-27,sohail,5.2.6 (ii)a,5.2,Expansion Joints,0.010,lin.m.,0,0,0,0,Source qty=0 — resource deployment only (idle/no-output day)
2026-01-27,manzar,9.1.6 (iii),9.0,Approach Slab,0.010,cu.m.,0,0,0,0,Source qty=0 — resource deployment only (idle/no-output day)
2026-01-27,illayaraja,9.1.6(ii),9.0,Approach Slab,400.000,sq.m.,5500.00,15000.00,2,4,
2026-01-27,kbarman,9.1.6(ii),9.0,Approach Slab,0.010,sq.m.,0,0,0,0,Source qty=0 — resource deployment only (idle/no-output day)
2026-01-27,manzar,9.1.6(ii),9.0,Approach Slab,0.010,Nos,0,0,0,0,Source qty=0 — resource deployment only (idle/no-output day)
2026-01-27,sohail,9.1.6(ii),9.0,Approach Slab,0.010,Sqm,0,0,0,0,Source qty=0 — resource deployment only (idle/no-output day)
2026-01-28,ismaila,1,1.0,Preliminaries,0.010,cu.m.,0,0,0,0,Source qty=0 — resource deployment only (idle/no-output day)
2026-01-28,sohail,1,1.0,Preliminaries,0.010,cu.m.,0,0,0,0,Source qty=0 — resource deployment only (idle/no-output day)
2026-01-28,akmishra,1.1,1.1,Site Establishment,0.010,lin.m.,0,0,0,0,Source qty=0 — resource deployment only (idle/no-output day)
2026-01-28,ismaila,1.1,1.1,Site Establishment,0.010,cu.m.,0,0,0,0,Source qty=0 — resource deployment only (idle/no-output day)
2026-01-28,parvaiz,1.1,1.1,Site Establishment,0.010,cu.m.,0,0,0,0,Source qty=0 — resource deployment only (idle/no-output day)
2026-01-28,saiffuddin,1.1,1.1,Site Establishment,5.000,m,1500.00,10000.00,1,1,
2026-01-28,vijaykumar,1.1,1.1,Site Establishment,0.010,cu.m.,0,0,0,0,Source qty=0 — resource deployment only (idle/no-output day)
2026-01-28,kbarman,13.1.7(ix)a,13.0,Drainage,0.010,lin.m.,0,0,0,0,Source qty=0 — resource deployment only (idle/no-output day)
2026-01-28,kbarman,13.1.7(ix)b,13.0,Drainage,0.010,cu.m.,0,0,0,0,Source qty=0 — resource deployment only (idle/no-output day)
2026-01-28,manzar,13.1.7(ix)b,13.0,Drainage,0.010,lin.m.,0,0,0,0,Source qty=0 — resource deployment only (idle/no-output day)
2026-01-28,sohail,13.1.7(ix)b,13.0,Drainage,0.010,Sqm,0,0,0,0,Source qty=0 — resource deployment only (idle/no-output day)
2026-01-28,manzar,13.1.7(ix)b1,13.0,Drainage,0.010,sq.m.,0,0,0,0,Source qty=0 — resource deployment only (idle/no-output day)
2026-01-28,manzar,13.1.7(ix)b2,13.0,Drainage,0.010,cu.m.,0,0,0,0,Source qty=0 — resource deployment only (idle/no-output day)
2026-01-28,kbarman,18.3.6(i),18.3,Bituminous Layers,0.010,sq.m.,0,0,0,0,Source qty=0 — resource deployment only (idle/no-output day)
2026-01-28,parvaiz,18.3.6(i),18.3,Bituminous Layers,0.010,lin.m.,0,0,0,0,Source qty=0 — resource deployment only (idle/no-output day)
2026-01-28,illayaraja,2.1.5 (i),2.1,Setting Out & Layout,0.010,lin.m.,0,0,0,0,Source qty=0 — resource deployment only (idle/no-output day)
2026-01-28,ismaila,2.3.6(i),2.3,Bored Cast In-Situ Piling,0.010,cu.m.,0,0,0,0,Source qty=0 — resource deployment only (idle/no-output day)
2026-01-28,kbarman,2.3.6(i),2.3,Bored Cast In-Situ Piling,0.010,cu.m.,0,0,0,0,Source qty=0 — resource deployment only (idle/no-output day)
2026-01-28,akmishra,2.3.6(i)a,2.3,Bored Cast In-Situ Piling,0.010,cu.m.,0,0,0,0,Source qty=0 — resource deployment only (idle/no-output day)
2026-01-28,illayaraja,2.3.6(i)a,2.3,Bored Cast In-Situ Piling,400.000,cu.m.,2000.00,5500.00,1,2,
2026-01-28,ismaila,2.3.6(i)a,2.3,Bored Cast In-Situ Piling,1150.000,cu.m.,1700.00,19000.00,2,3,
2026-01-28,kbarman,2.3.6(i)a,2.3,Bored Cast In-Situ Piling,0.010,lin.m.,0,0,0,0,Source qty=0 — resource deployment only (idle/no-output day)
2026-01-28,parvaiz,2.3.6(i)a,2.3,Bored Cast In-Situ Piling,0.010,lin.m.,0,0,0,0,Source qty=0 — resource deployment only (idle/no-output day)
2026-01-28,saiffuddin,2.3.6(i)a,2.3,Bored Cast In-Situ Piling,400.000,cu.m.,2000.00,25000.00,2,3,
2026-01-28,vijaykumar,2.3.6(i)a,2.3,Bored Cast In-Situ Piling,0.010,cu.m.,0,0,0,0,Source qty=0 — resource deployment only (idle/no-output day)
2026-01-28,vpgupta,2.3.6(i)a,2.3,Bored Cast In-Situ Piling,0.010,cu.m.,0,0,0,0,Source qty=0 — resource deployment only (idle/no-output day)
2026-01-28,illayaraja,2.3.6(i)b,2.3,Bored Cast In-Situ Piling,0.010,cu.m.,0,0,0,0,Source qty=0 — resource deployment only (idle/no-output day)
2026-01-28,ismaila,2.3.6(i)b,2.3,Bored Cast In-Situ Piling,0.010,cu.m.,0,0,0,0,Source qty=0 — resource deployment only (idle/no-output day)
2026-01-28,kbarman,2.3.6(i)b,2.3,Bored Cast In-Situ Piling,0.010,cu.m.,0,0,0,0,Source qty=0 — resource deployment only (idle/no-output day)
2026-01-28,saiffuddin,2.3.6(i)b,2.3,Bored Cast In-Situ Piling,350.000,cu.m.,1000.00,9000.00,1,2,
2026-01-28,vijaykumar,2.3.6(i)b,2.3,Bored Cast In-Situ Piling,0.010,cu.m.,0,0,0,0,Source qty=0 — resource deployment only (idle/no-output day)
2026-01-28,akmishra,2.3.6(i)d,2.3,Bored Cast In-Situ Piling,0.010,Sqm,0,0,0,0,Source qty=0 — resource deployment only (idle/no-output day)
2026-01-28,illayaraja,2.3.6(i)d,2.3,Bored Cast In-Situ Piling,200.000,Sqm,500.00,5000.00,1,1,
2026-01-28,kbarman,2.3.6(i)d,2.3,Bored Cast In-Situ Piling,0.010,Sqm,0,0,0,0,Source qty=0 — resource deployment only (idle/no-output day)
2026-01-28,parvaiz,2.3.6(i)d,2.3,Bored Cast In-Situ Piling,0.010,cu.m.,0,0,0,0,Source qty=0 — resource deployment only (idle/no-output day)
2026-01-28,vijaykumar,2.3.6(i)d,2.3,Bored Cast In-Situ Piling,0.010,Sqm,0,0,0,0,Source qty=0 — resource deployment only (idle/no-output day)
2026-01-28,illayaraja,2.4.6(i),2.4,Pile Cap,0.010,cu.m.,0,0,0,0,Source qty=0 — resource deployment only (idle/no-output day)
2026-01-28,kbarman,2.4.6(i),2.4,Pile Cap,0.010,cu.m.,0,0,0,0,Source qty=0 — resource deployment only (idle/no-output day)
2026-01-28,parvaiz,2.4.6(i),2.4,Pile Cap,60.000,lin.m.,2000.00,4000.00,1,1,
2026-01-28,sanjar,2.4.6(i),2.4,Pile Cap,0.010,trip,0,0,0,0,Source qty=0 — resource deployment only (idle/no-output day)
2026-01-28,akmishra,2.4.6(i)a,2.4,Pile Cap,0.010,cu.m.,0,0,0,0,Source qty=0 — resource deployment only (idle/no-output day)
2026-01-28,illayaraja,2.4.6(i)a,2.4,Pile Cap,0.010,cu.m.,0,0,0,0,Source qty=0 — resource deployment only (idle/no-output day)
2026-01-28,ismaila,2.4.6(i)a,2.4,Pile Cap,425.000,cu.m.,500.00,13000.00,1,3,
2026-01-28,sanjar,2.4.6(i)a,2.4,Pile Cap,0.010,cu.m.,0,0,0,0,Source qty=0 — resource deployment only (idle/no-output day)
2026-01-28,illayaraja,2.6.6(i),2.6,Pier,80.000,Sqm,2000.00,6000.00,1,1,
2026-01-28,ismaila,2.6.6(i),2.6,Pier,403.000,cu.m.,500.00,13500.00,1,3,
2026-01-28,kbarman,2.6.6(i),2.6,Pier,310.000,cu.m.,1500.00,9000.00,1,2,
2026-01-28,parvaiz,2.6.6(i),2.6,Pier,160.000,m,1500.00,13000.00,1,3,
2026-01-28,illayaraja,2.7.6 (i),2.7,Abutment,0.010,cu.m.,0,0,0,0,Source qty=0 — resource deployment only (idle/no-output day)
2026-01-28,ismaila,2.7.6 (i),2.7,Abutment,95.000,cu.m.,500.00,5000.00,1,1,
2026-01-28,kbarman,2.7.6 (i),2.7,Abutment,250.000,cu.m.,2500.00,17500.00,1,4,
2026-01-28,parvaiz,2.7.6 (i),2.7,Abutment,0.010,cu.m.,0,0,0,0,Source qty=0 — resource deployment only (idle/no-output day)
2026-01-28,saiffuddin,2.7.6 (i),2.7,Abutment,150.000,cu.m.,0,10000.00,0,1,
2026-01-28,kbarman,2.8.6 (i),2.8,Wing Walls,1.000,lin.m.,1000.00,3000.00,1,1,
2026-01-28,illayaraja,3.2.6 (ii),3.2,Concrete RCC,0.010,lin.m.,0,0,0,0,Source qty=0 — resource deployment only (idle/no-output day)
2026-01-28,kbarman,3.2.6 (ii),3.2,Concrete RCC,0.010,cu.m.,0,0,0,0,Source qty=0 — resource deployment only (idle/no-output day)
2026-01-28,parvaiz,3.2.6 (ii),3.2,Concrete RCC,0.010,lin.m.,0,0,0,0,Source qty=0 — resource deployment only (idle/no-output day)
2026-01-28,kbarman,3.2.6 (ii)a,3.2,Concrete RCC,0.010,cu.m.,0,0,0,0,Source qty=0 — resource deployment only (idle/no-output day)
2026-01-28,illayaraja,5.1.7 (iii),5.1,Bearings,0.010,cu.m.,3200.00,0,1,0,Source qty=0 — resource deployment only (idle/no-output day)
2026-01-28,kbarman,5.1.7 (iii),5.1,Bearings,0.010,sq.m.,0,0,0,0,Source qty=0 — resource deployment only (idle/no-output day)
2026-01-28,manzar,5.1.7 (iii),5.1,Bearings,0.010,kg.,0,0,0,0,Source qty=0 — resource deployment only (idle/no-output day)
2026-01-28,parvaiz,5.1.7 (iii),5.1,Bearings,0.010,cu.m.,0,0,0,0,Source qty=0 — resource deployment only (idle/no-output day)
2026-01-28,sohail,5.1.7 (iii),5.1,Bearings,0.010,cu.m.,0,0,0,0,Source qty=0 — resource deployment only (idle/no-output day)
2026-01-28,illayaraja,5.1.7 (iii)a,5.1,Bearings,0.010,cu.m.,0,0,0,0,Source qty=0 — resource deployment only (idle/no-output day)
2026-01-28,manzar,5.1.7 (iii)a,5.1,Bearings,0.010,sq.m.,0,0,0,0,Source qty=0 — resource deployment only (idle/no-output day)
2026-01-28,sohail,5.1.7 (iii)a,5.1,Bearings,0.010,Sqm,0,0,0,0,Source qty=0 — resource deployment only (idle/no-output day)
2026-01-28,sohail,5.2.6 (ii),5.2,Expansion Joints,0.010,lin.m.,0,0,0,0,Source qty=0 — resource deployment only (idle/no-output day)
2026-01-28,manzar,5.2.6 (ii)a,5.2,Expansion Joints,0.010,Nos,0,0,0,0,Source qty=0 — resource deployment only (idle/no-output day)
2026-01-28,sohail,5.2.6 (ii)a,5.2,Expansion Joints,0.010,lin.m.,0,0,0,0,Source qty=0 — resource deployment only (idle/no-output day)
2026-01-28,manzar,9.1.6 (iii),9.0,Approach Slab,0.010,cu.m.,0,0,0,0,Source qty=0 — resource deployment only (idle/no-output day)
2026-01-28,illayaraja,9.1.6(ii),9.0,Approach Slab,100.000,cu.m.,1300.00,15000.00,2,4,
2026-01-28,kbarman,9.1.6(ii),9.0,Approach Slab,0.010,sq.m.,0,0,0,0,Source qty=0 — resource deployment only (idle/no-output day)
2026-01-28,manzar,9.1.6(ii),9.0,Approach Slab,0.010,Nos,0,0,0,0,Source qty=0 — resource deployment only (idle/no-output day)
2026-01-28,sohail,9.1.6(ii),9.0,Approach Slab,0.010,Sqm,0,0,0,0,Source qty=0 — resource deployment only (idle/no-output day)
2026-01-29,ismaila,1,1.0,Preliminaries,0.010,cu.m.,0,0,0,0,Source qty=0 — resource deployment only (idle/no-output day)
2026-01-29,sohail,1,1.0,Preliminaries,0.010,cu.m.,0,0,0,0,Source qty=0 — resource deployment only (idle/no-output day)
2026-01-29,akmishra,1.1,1.1,Site Establishment,0.010,lin.m.,0,0,0,0,Source qty=0 — resource deployment only (idle/no-output day)
2026-01-29,ismaila,1.1,1.1,Site Establishment,0.010,cu.m.,0,0,0,0,Source qty=0 — resource deployment only (idle/no-output day)
2026-01-29,parvaiz,1.1,1.1,Site Establishment,0.010,cu.m.,0,0,0,0,Source qty=0 — resource deployment only (idle/no-output day)
2026-01-29,saiffuddin,1.1,1.1,Site Establishment,6.000,m,1500.00,10000.00,1,1,
2026-01-29,vijaykumar,1.1,1.1,Site Establishment,0.010,cu.m.,0,0,0,0,Source qty=0 — resource deployment only (idle/no-output day)
2026-01-29,kbarman,13.1.7(ix)a,13.0,Drainage,0.010,lin.m.,0,0,0,0,Source qty=0 — resource deployment only (idle/no-output day)
2026-01-29,kbarman,13.1.7(ix)b,13.0,Drainage,0.010,cu.m.,0,0,0,0,Source qty=0 — resource deployment only (idle/no-output day)
2026-01-29,manzar,13.1.7(ix)b,13.0,Drainage,0.010,lin.m.,0,0,0,0,Source qty=0 — resource deployment only (idle/no-output day)
2026-01-29,sohail,13.1.7(ix)b,13.0,Drainage,0.010,Sqm,0,0,0,0,Source qty=0 — resource deployment only (idle/no-output day)
2026-01-29,manzar,13.1.7(ix)b1,13.0,Drainage,0.010,sq.m.,0,0,0,0,Source qty=0 — resource deployment only (idle/no-output day)
2026-01-29,manzar,13.1.7(ix)b2,13.0,Drainage,0.010,cu.m.,0,0,0,0,Source qty=0 — resource deployment only (idle/no-output day)
2026-01-29,kbarman,18.3.6(i),18.3,Bituminous Layers,0.010,sq.m.,0,0,0,0,Source qty=0 — resource deployment only (idle/no-output day)
2026-01-29,parvaiz,18.3.6(i),18.3,Bituminous Layers,0.010,lin.m.,0,0,0,0,Source qty=0 — resource deployment only (idle/no-output day)
2026-01-29,illayaraja,2.1.5 (i),2.1,Setting Out & Layout,0.010,lin.m.,0,0,0,0,Source qty=0 — resource deployment only (idle/no-output day)
2026-01-29,kbarman,2.3.6(i),2.3,Bored Cast In-Situ Piling,0.010,cu.m.,0,0,0,0,Source qty=0 — resource deployment only (idle/no-output day)
2026-01-29,akmishra,2.3.6(i)a,2.3,Bored Cast In-Situ Piling,0.010,cu.m.,0,0,0,0,Source qty=0 — resource deployment only (idle/no-output day)
2026-01-29,illayaraja,2.3.6(i)a,2.3,Bored Cast In-Situ Piling,300.000,cu.m.,2000.00,5500.00,1,2,
2026-01-29,ismaila,2.3.6(i)a,2.3,Bored Cast In-Situ Piling,300.000,cu.m.,1700.00,10000.00,2,1,
2026-01-29,kbarman,2.3.6(i)a,2.3,Bored Cast In-Situ Piling,0.010,lin.m.,0,0,0,0,Source qty=0 — resource deployment only (idle/no-output day)
2026-01-29,parvaiz,2.3.6(i)a,2.3,Bored Cast In-Situ Piling,0.010,lin.m.,0,0,0,0,Source qty=0 — resource deployment only (idle/no-output day)
2026-01-29,saiffuddin,2.3.6(i)a,2.3,Bored Cast In-Situ Piling,450.000,cu.m.,2000.00,25000.00,2,3,
2026-01-29,vijaykumar,2.3.6(i)a,2.3,Bored Cast In-Situ Piling,0.010,cu.m.,0,0,0,0,Source qty=0 — resource deployment only (idle/no-output day)
2026-01-29,vpgupta,2.3.6(i)a,2.3,Bored Cast In-Situ Piling,0.010,cu.m.,0,0,0,0,Source qty=0 — resource deployment only (idle/no-output day)
2026-01-29,illayaraja,2.3.6(i)b,2.3,Bored Cast In-Situ Piling,0.010,cu.m.,0,0,0,0,Source qty=0 — resource deployment only (idle/no-output day)
2026-01-29,ismaila,2.3.6(i)b,2.3,Bored Cast In-Situ Piling,1200.000,cu.m.,500.00,11000.00,1,2,
2026-01-29,kbarman,2.3.6(i)b,2.3,Bored Cast In-Situ Piling,0.010,cu.m.,0,0,0,0,Source qty=0 — resource deployment only (idle/no-output day)
2026-01-29,saiffuddin,2.3.6(i)b,2.3,Bored Cast In-Situ Piling,310.000,cu.m.,1000.00,9000.00,1,2,
2026-01-29,vijaykumar,2.3.6(i)b,2.3,Bored Cast In-Situ Piling,0.010,cu.m.,0,0,0,0,Source qty=0 — resource deployment only (idle/no-output day)
2026-01-29,akmishra,2.3.6(i)d,2.3,Bored Cast In-Situ Piling,0.010,Sqm,0,0,0,0,Source qty=0 — resource deployment only (idle/no-output day)
2026-01-29,illayaraja,2.3.6(i)d,2.3,Bored Cast In-Situ Piling,200.000,Sqm,500.00,5000.00,1,1,
2026-01-29,kbarman,2.3.6(i)d,2.3,Bored Cast In-Situ Piling,0.010,Sqm,0,0,0,0,Source qty=0 — resource deployment only (idle/no-output day)
2026-01-29,parvaiz,2.3.6(i)d,2.3,Bored Cast In-Situ Piling,0.010,cu.m.,0,0,0,0,Source qty=0 — resource deployment only (idle/no-output day)
2026-01-29,vijaykumar,2.3.6(i)d,2.3,Bored Cast In-Situ Piling,0.010,Sqm,0,0,0,0,Source qty=0 — resource deployment only (idle/no-output day)
2026-01-29,illayaraja,2.4.6(i),2.4,Pile Cap,0.010,cu.m.,3200.00,0,1,0,Source qty=0 — resource deployment only (idle/no-output day)
2026-01-29,ismaila,2.4.6(i),2.4,Pile Cap,496.000,cu.m.,0,8000.00,0,1,
2026-01-29,kbarman,2.4.6(i),2.4,Pile Cap,0.010,cu.m.,0,0,0,0,Source qty=0 — resource deployment only (idle/no-output day)
2026-01-29,parvaiz,2.4.6(i),2.4,Pile Cap,70.000,lin.m.,3500.00,21000.00,2,4,
2026-01-29,sanjar,2.4.6(i),2.4,Pile Cap,0.010,trip,0,0,0,0,Source qty=0 — resource deployment only (idle/no-output day)
2026-01-29,akmishra,2.4.6(i)a,2.4,Pile Cap,0.010,cu.m.,0,0,0,0,Source qty=0 — resource deployment only (idle/no-output day)
2026-01-29,illayaraja,2.4.6(i)a,2.4,Pile Cap,0.010,cu.m.,0,0,0,0,Source qty=0 — resource deployment only (idle/no-output day)
2026-01-29,ismaila,2.4.6(i)a,2.4,Pile Cap,550.000,cu.m.,500.00,8000.00,1,2,
2026-01-29,sanjar,2.4.6(i)a,2.4,Pile Cap,0.010,cu.m.,0,0,0,0,Source qty=0 — resource deployment only (idle/no-output day)
2026-01-29,illayaraja,2.6.6(i),2.6,Pier,80.000,Sqm,2000.00,6000.00,1,1,
2026-01-29,ismaila,2.6.6(i),2.6,Pier,32.000,cu.m.,0,3000.00,0,1,
2026-01-29,kbarman,2.6.6(i),2.6,Pier,0.010,cu.m.,0,0,0,0,Source qty=0 — resource deployment only (idle/no-output day)
2026-01-29,parvaiz,2.6.6(i),2.6,Pier,0.010,m,0,0,0,0,Source qty=0 — resource deployment only (idle/no-output day)
2026-01-29,illayaraja,2.7.6 (i),2.7,Abutment,0.010,cu.m.,0,0,0,0,Source qty=0 — resource deployment only (idle/no-output day)
2026-01-29,kbarman,2.7.6 (i),2.7,Abutment,320.000,cu.m.,1500.00,13500.00,1,2,
2026-01-29,parvaiz,2.7.6 (i),2.7,Abutment,0.010,cu.m.,0,0,0,0,Source qty=0 — resource deployment only (idle/no-output day)
2026-01-29,saiffuddin,2.7.6 (i),2.7,Abutment,200.000,cu.m.,0,10000.00,0,1,
2026-01-29,kbarman,2.8.6 (i),2.8,Wing Walls,0.010,lin.m.,500.00,3000.00,1,1,Source qty=0 — resource deployment only (idle/no-output day)
2026-01-29,illayaraja,3.2.6 (ii),3.2,Concrete RCC,300.000,lin.m.,500.00,3000.00,1,1,
2026-01-29,ismaila,3.2.6 (ii),3.2,Concrete RCC,47.000,cu.m.,0,2500.00,0,1,
2026-01-29,kbarman,3.2.6 (ii),3.2,Concrete RCC,160.000,cu.m.,500.00,9000.00,1,2,
2026-01-29,parvaiz,3.2.6 (ii),3.2,Concrete RCC,0.010,lin.m.,0,0,0,0,Source qty=0 — resource deployment only (idle/no-output day)
2026-01-29,kbarman,3.2.6 (ii)a,3.2,Concrete RCC,0.010,cu.m.,0,0,0,0,Source qty=0 — resource deployment only (idle/no-output day)
2026-01-29,illayaraja,5.1.7 (iii),5.1,Bearings,0.010,cu.m.,0,0,0,0,Source qty=0 — resource deployment only (idle/no-output day)
2026-01-29,kbarman,5.1.7 (iii),5.1,Bearings,0.010,sq.m.,0,0,0,0,Source qty=0 — resource deployment only (idle/no-output day)
2026-01-29,manzar,5.1.7 (iii),5.1,Bearings,0.010,kg.,0,0,0,0,Source qty=0 — resource deployment only (idle/no-output day)
2026-01-29,parvaiz,5.1.7 (iii),5.1,Bearings,0.010,cu.m.,0,0,0,0,Source qty=0 — resource deployment only (idle/no-output day)
2026-01-29,sohail,5.1.7 (iii),5.1,Bearings,0.010,cu.m.,0,0,0,0,Source qty=0 — resource deployment only (idle/no-output day)
2026-01-29,illayaraja,5.1.7 (iii)a,5.1,Bearings,0.010,cu.m.,0,0,0,0,Source qty=0 — resource deployment only (idle/no-output day)
2026-01-29,manzar,5.1.7 (iii)a,5.1,Bearings,0.010,sq.m.,0,0,0,0,Source qty=0 — resource deployment only (idle/no-output day)
2026-01-29,sohail,5.1.7 (iii)a,5.1,Bearings,0.010,Sqm,0,0,0,0,Source qty=0 — resource deployment only (idle/no-output day)
2026-01-29,sohail,5.2.6 (ii),5.2,Expansion Joints,0.010,lin.m.,0,0,0,0,Source qty=0 — resource deployment only (idle/no-output day)
2026-01-29,manzar,5.2.6 (ii)a,5.2,Expansion Joints,0.010,Nos,0,0,0,0,Source qty=0 — resource deployment only (idle/no-output day)
2026-01-29,sohail,5.2.6 (ii)a,5.2,Expansion Joints,0.010,lin.m.,0,0,0,0,Source qty=0 — resource deployment only (idle/no-output day)
2026-01-29,manzar,9.1.6 (iii),9.0,Approach Slab,0.010,cu.m.,0,0,0,0,Source qty=0 — resource deployment only (idle/no-output day)
2026-01-29,illayaraja,9.1.6(ii),9.0,Approach Slab,12.000,cu.m.,4000.00,10000.00,1,3,
2026-01-29,kbarman,9.1.6(ii),9.0,Approach Slab,0.010,sq.m.,0,0,0,0,Source qty=0 — resource deployment only (idle/no-output day)
2026-01-29,manzar,9.1.6(ii),9.0,Approach Slab,0.010,Nos,0,0,0,0,Source qty=0 — resource deployment only (idle/no-output day)
2026-01-29,sohail,9.1.6(ii),9.0,Approach Slab,0.010,Sqm,0,0,0,0,Source qty=0 — resource deployment only (idle/no-output day)
2026-01-30,kbarman,1,1.0,Preliminaries,500.000,lin.m.,500.00,5500.00,1,1,
2026-01-30,sohail,1,1.0,Preliminaries,0.010,cu.m.,0,0,0,0,Source qty=0 — resource deployment only (idle/no-output day)
2026-01-30,akmishra,1.1,1.1,Site Establishment,0.010,lin.m.,0,0,0,0,Source qty=0 — resource deployment only (idle/no-output day)
2026-01-30,ismaila,1.1,1.1,Site Establishment,0.010,cu.m.,0,0,0,0,Source qty=0 — resource deployment only (idle/no-output day)
2026-01-30,parvaiz,1.1,1.1,Site Establishment,0.010,cu.m.,0,0,0,0,Source qty=0 — resource deployment only (idle/no-output day)
2026-01-30,saiffuddin,1.1,1.1,Site Establishment,6.000,m,500.00,13000.00,1,2,
2026-01-30,vijaykumar,1.1,1.1,Site Establishment,0.010,cu.m.,0,0,0,0,Source qty=0 — resource deployment only (idle/no-output day)
2026-01-30,kbarman,13.1.7(ix)a,13.0,Drainage,0.010,lin.m.,0,0,0,0,Source qty=0 — resource deployment only (idle/no-output day)
2026-01-30,kbarman,13.1.7(ix)b,13.0,Drainage,0.010,cu.m.,0,0,0,0,Source qty=0 — resource deployment only (idle/no-output day)
2026-01-30,manzar,13.1.7(ix)b,13.0,Drainage,0.010,lin.m.,0,0,0,0,Source qty=0 — resource deployment only (idle/no-output day)
2026-01-30,sohail,13.1.7(ix)b,13.0,Drainage,0.010,Sqm,0,0,0,0,Source qty=0 — resource deployment only (idle/no-output day)
2026-01-30,manzar,13.1.7(ix)b1,13.0,Drainage,0.010,sq.m.,0,0,0,0,Source qty=0 — resource deployment only (idle/no-output day)
2026-01-30,manzar,13.1.7(ix)b2,13.0,Drainage,0.010,cu.m.,0,0,0,0,Source qty=0 — resource deployment only (idle/no-output day)
2026-01-30,kbarman,18.3.6(i),18.3,Bituminous Layers,0.010,sq.m.,0,0,0,0,Source qty=0 — resource deployment only (idle/no-output day)
2026-01-30,parvaiz,18.3.6(i),18.3,Bituminous Layers,0.010,lin.m.,0,0,0,0,Source qty=0 — resource deployment only (idle/no-output day)
2026-01-30,illayaraja,2.1.5 (i),2.1,Setting Out & Layout,0.010,lin.m.,0,0,0,0,Source qty=0 — resource deployment only (idle/no-output day)
2026-01-30,ismaila,2.3.6(i),2.3,Bored Cast In-Situ Piling,130.000,cu.m.,0,0,0,0,
2026-01-30,kbarman,2.3.6(i),2.3,Bored Cast In-Situ Piling,0.010,cu.m.,0,0,0,0,Source qty=0 — resource deployment only (idle/no-output day)
2026-01-30,akmishra,2.3.6(i)a,2.3,Bored Cast In-Situ Piling,0.010,cu.m.,0,0,0,0,Source qty=0 — resource deployment only (idle/no-output day)
2026-01-30,illayaraja,2.3.6(i)a,2.3,Bored Cast In-Situ Piling,0.010,cu.m.,0,0,0,0,Source qty=0 — resource deployment only (idle/no-output day)
2026-01-30,ismaila,2.3.6(i)a,2.3,Bored Cast In-Situ Piling,160.000,cu.m.,1700.00,10000.00,2,1,
2026-01-30,kbarman,2.3.6(i)a,2.3,Bored Cast In-Situ Piling,0.010,lin.m.,0,0,0,0,Source qty=0 — resource deployment only (idle/no-output day)
2026-01-30,parvaiz,2.3.6(i)a,2.3,Bored Cast In-Situ Piling,0.010,lin.m.,0,0,0,0,Source qty=0 — resource deployment only (idle/no-output day)
2026-01-30,saiffuddin,2.3.6(i)a,2.3,Bored Cast In-Situ Piling,150.000,cu.m.,2000.00,5000.00,2,1,
2026-01-30,vijaykumar,2.3.6(i)a,2.3,Bored Cast In-Situ Piling,0.010,cu.m.,0,0,0,0,Source qty=0 — resource deployment only (idle/no-output day)
2026-01-30,vpgupta,2.3.6(i)a,2.3,Bored Cast In-Situ Piling,0.010,cu.m.,0,0,0,0,Source qty=0 — resource deployment only (idle/no-output day)
2026-01-30,illayaraja,2.3.6(i)b,2.3,Bored Cast In-Situ Piling,0.010,cu.m.,0,0,0,0,Source qty=0 — resource deployment only (idle/no-output day)
2026-01-30,ismaila,2.3.6(i)b,2.3,Bored Cast In-Situ Piling,0.010,cu.m.,0,0,0,0,Source qty=0 — resource deployment only (idle/no-output day)
2026-01-30,kbarman,2.3.6(i)b,2.3,Bored Cast In-Situ Piling,0.010,cu.m.,0,0,0,0,Source qty=0 — resource deployment only (idle/no-output day)
2026-01-30,saiffuddin,2.3.6(i)b,2.3,Bored Cast In-Situ Piling,0.010,cu.m.,0,0,0,0,Source qty=0 — resource deployment only (idle/no-output day)
2026-01-30,vijaykumar,2.3.6(i)b,2.3,Bored Cast In-Situ Piling,0.010,cu.m.,0,0,0,0,Source qty=0 — resource deployment only (idle/no-output day)
2026-01-30,akmishra,2.3.6(i)d,2.3,Bored Cast In-Situ Piling,0.010,Sqm,0,0,0,0,Source qty=0 — resource deployment only (idle/no-output day)
2026-01-30,illayaraja,2.3.6(i)d,2.3,Bored Cast In-Situ Piling,0.010,Sqm,0,0,0,0,Source qty=0 — resource deployment only (idle/no-output day)
2026-01-30,kbarman,2.3.6(i)d,2.3,Bored Cast In-Situ Piling,0.010,Sqm,0,0,0,0,Source qty=0 — resource deployment only (idle/no-output day)
2026-01-30,parvaiz,2.3.6(i)d,2.3,Bored Cast In-Situ Piling,0.010,cu.m.,0,0,0,0,Source qty=0 — resource deployment only (idle/no-output day)
2026-01-30,vijaykumar,2.3.6(i)d,2.3,Bored Cast In-Situ Piling,0.010,Sqm,0,0,0,0,Source qty=0 — resource deployment only (idle/no-output day)
2026-01-30,illayaraja,2.4.6(i),2.4,Pile Cap,0.010,cu.m.,5200.00,2000.00,2,1,Source qty=0 — resource deployment only (idle/no-output day)
2026-01-30,ismaila,2.4.6(i),2.4,Pile Cap,0.010,cu.m.,0,0,0,0,Source qty=0 — resource deployment only (idle/no-output day)
2026-01-30,kbarman,2.4.6(i),2.4,Pile Cap,0.010,cu.m.,0,0,0,0,Source qty=0 — resource deployment only (idle/no-output day)
2026-01-30,parvaiz,2.4.6(i),2.4,Pile Cap,0.010,lin.m.,0,0,0,0,Source qty=0 — resource deployment only (idle/no-output day)
2026-01-30,sanjar,2.4.6(i),2.4,Pile Cap,0.010,trip,0,0,0,0,Source qty=0 — resource deployment only (idle/no-output day)
2026-01-30,akmishra,2.4.6(i)a,2.4,Pile Cap,0.010,cu.m.,0,0,0,0,Source qty=0 — resource deployment only (idle/no-output day)
2026-01-30,illayaraja,2.4.6(i)a,2.4,Pile Cap,0.010,cu.m.,0,0,0,0,Source qty=0 — resource deployment only (idle/no-output day)
2026-01-30,ismaila,2.4.6(i)a,2.4,Pile Cap,280.000,cu.m.,500.00,8000.00,1,2,
2026-01-30,sanjar,2.4.6(i)a,2.4,Pile Cap,0.010,cu.m.,0,0,0,0,Source qty=0 — resource deployment only (idle/no-output day)
2026-01-30,illayaraja,2.6.6(i),2.6,Pier,0.010,Sqm,0,0,0,0,Source qty=0 — resource deployment only (idle/no-output day)
2026-01-30,ismaila,2.6.6(i),2.6,Pier,0.010,cu.m.,0,0,0,0,Source qty=0 — resource deployment only (idle/no-output day)
2026-01-30,kbarman,2.6.6(i),2.6,Pier,0.010,cu.m.,0,0,0,0,Source qty=0 — resource deployment only (idle/no-output day)
2026-01-30,parvaiz,2.6.6(i),2.6,Pier,0.010,m,0,0,0,0,Source qty=0 — resource deployment only (idle/no-output day)
2026-01-30,illayaraja,2.7.6 (i),2.7,Abutment,0.010,cu.m.,0,0,0,0,Source qty=0 — resource deployment only (idle/no-output day)
2026-01-30,kbarman,2.7.6 (i),2.7,Abutment,170.000,cu.m.,1500.00,13500.00,1,2,
2026-01-30,parvaiz,2.7.6 (i),2.7,Abutment,0.010,cu.m.,0,0,0,0,Source qty=0 — resource deployment only (idle/no-output day)
2026-01-30,saiffuddin,2.7.6 (i),2.7,Abutment,0.010,cu.m.,0,0,0,0,Source qty=0 — resource deployment only (idle/no-output day)
2026-01-30,kbarman,2.8.6 (i),2.8,Wing Walls,0.010,lin.m.,0,0,0,0,Source qty=0 — resource deployment only (idle/no-output day)
2026-01-30,illayaraja,3.2.6 (ii),3.2,Concrete RCC,0.010,lin.m.,0,0,0,0,Source qty=0 — resource deployment only (idle/no-output day)
2026-01-30,ismaila,3.2.6 (ii),3.2,Concrete RCC,160.000,cu.m.,0,13500.00,0,3,
2026-01-30,kbarman,3.2.6 (ii),3.2,Concrete RCC,0.010,cu.m.,0,0,0,0,Source qty=0 — resource deployment only (idle/no-output day)
2026-01-30,parvaiz,3.2.6 (ii),3.2,Concrete RCC,0.010,lin.m.,0,0,0,0,Source qty=0 — resource deployment only (idle/no-output day)
2026-01-30,kbarman,3.2.6 (ii)a,3.2,Concrete RCC,0.010,cu.m.,0,0,0,0,Source qty=0 — resource deployment only (idle/no-output day)
2026-01-30,illayaraja,5.1.7 (iii),5.1,Bearings,0.010,cu.m.,0,0,0,0,Source qty=0 — resource deployment only (idle/no-output day)
2026-01-30,kbarman,5.1.7 (iii),5.1,Bearings,0.010,sq.m.,0,0,0,0,Source qty=0 — resource deployment only (idle/no-output day)
2026-01-30,manzar,5.1.7 (iii),5.1,Bearings,0.010,kg.,0,0,0,0,Source qty=0 — resource deployment only (idle/no-output day)
2026-01-30,parvaiz,5.1.7 (iii),5.1,Bearings,0.010,cu.m.,0,0,0,0,Source qty=0 — resource deployment only (idle/no-output day)
2026-01-30,sohail,5.1.7 (iii),5.1,Bearings,0.010,cu.m.,0,0,0,0,Source qty=0 — resource deployment only (idle/no-output day)
2026-01-30,illayaraja,5.1.7 (iii)a,5.1,Bearings,0.010,cu.m.,0,0,0,0,Source qty=0 — resource deployment only (idle/no-output day)
2026-01-30,manzar,5.1.7 (iii)a,5.1,Bearings,0.010,sq.m.,0,0,0,0,Source qty=0 — resource deployment only (idle/no-output day)
2026-01-30,sohail,5.1.7 (iii)a,5.1,Bearings,0.010,Sqm,0,0,0,0,Source qty=0 — resource deployment only (idle/no-output day)
2026-01-30,sohail,5.2.6 (ii),5.2,Expansion Joints,0.010,lin.m.,0,0,0,0,Source qty=0 — resource deployment only (idle/no-output day)
2026-01-30,manzar,5.2.6 (ii)a,5.2,Expansion Joints,0.010,Nos,0,0,0,0,Source qty=0 — resource deployment only (idle/no-output day)
2026-01-30,sohail,5.2.6 (ii)a,5.2,Expansion Joints,0.010,lin.m.,0,0,0,0,Source qty=0 — resource deployment only (idle/no-output day)
2026-01-30,manzar,9.1.6 (iii),9.0,Approach Slab,0.010,cu.m.,0,0,0,0,Source qty=0 — resource deployment only (idle/no-output day)
2026-01-30,illayaraja,9.1.6(ii),9.0,Approach Slab,0.010,cu.m.,0,0,0,0,Source qty=0 — resource deployment only (idle/no-output day)
2026-01-30,kbarman,9.1.6(ii),9.0,Approach Slab,0.010,sq.m.,0,0,0,0,Source qty=0 — resource deployment only (idle/no-output day)
2026-01-30,manzar,9.1.6(ii),9.0,Approach Slab,0.010,Nos,0,0,0,0,Source qty=0 — resource deployment only (idle/no-output day)
2026-01-30,sohail,9.1.6(ii),9.0,Approach Slab,0.010,Sqm,0,0,0,0,Source qty=0 — resource deployment only (idle/no-output day)
2026-01-31,sohail,1,1.0,Preliminaries,0.010,cu.m.,0,0,0,0,Source qty=0 — resource deployment only (idle/no-output day)
2026-01-31,akmishra,1.1,1.1,Site Establishment,0.010,lin.m.,0,0,0,0,Source qty=0 — resource deployment only (idle/no-output day)
2026-01-31,ismaila,1.1,1.1,Site Establishment,0.010,cu.m.,0,0,0,0,Source qty=0 — resource deployment only (idle/no-output day)
2026-01-31,parvaiz,1.1,1.1,Site Establishment,0.010,cu.m.,0,0,0,0,Source qty=0 — resource deployment only (idle/no-output day)
2026-01-31,saiffuddin,1.1,1.1,Site Establishment,7.000,m,1500.00,10000.00,1,1,
2026-01-31,vijaykumar,1.1,1.1,Site Establishment,0.010,cu.m.,0,0,0,0,Source qty=0 — resource deployment only (idle/no-output day)
2026-01-31,kbarman,13.1.7(ix)a,13.0,Drainage,0.010,lin.m.,0,0,0,0,Source qty=0 — resource deployment only (idle/no-output day)
2026-01-31,kbarman,13.1.7(ix)b,13.0,Drainage,0.010,cu.m.,0,0,0,0,Source qty=0 — resource deployment only (idle/no-output day)
2026-01-31,manzar,13.1.7(ix)b,13.0,Drainage,0.010,lin.m.,0,0,0,0,Source qty=0 — resource deployment only (idle/no-output day)
2026-01-31,sohail,13.1.7(ix)b,13.0,Drainage,0.010,Sqm,0,0,0,0,Source qty=0 — resource deployment only (idle/no-output day)
2026-01-31,manzar,13.1.7(ix)b1,13.0,Drainage,0.010,sq.m.,0,0,0,0,Source qty=0 — resource deployment only (idle/no-output day)
2026-01-31,manzar,13.1.7(ix)b2,13.0,Drainage,0.010,cu.m.,0,0,0,0,Source qty=0 — resource deployment only (idle/no-output day)
2026-01-31,kbarman,18.3.6(i),18.3,Bituminous Layers,100.000,lin.m.,3000.00,3000.00,1,1,
2026-01-31,parvaiz,18.3.6(i),18.3,Bituminous Layers,0.010,lin.m.,0,0,0,0,Source qty=0 — resource deployment only (idle/no-output day)
2026-01-31,ismaila,2.3.6(i),2.3,Bored Cast In-Situ Piling,0.010,cu.m.,0,0,0,0,Source qty=0 — resource deployment only (idle/no-output day)
2026-01-31,kbarman,2.3.6(i),2.3,Bored Cast In-Situ Piling,0.010,cu.m.,0,0,0,0,Source qty=0 — resource deployment only (idle/no-output day)
2026-01-31,akmishra,2.3.6(i)a,2.3,Bored Cast In-Situ Piling,0.010,cu.m.,0,0,0,0,Source qty=0 — resource deployment only (idle/no-output day)
2026-01-31,illayaraja,2.3.6(i)a,2.3,Bored Cast In-Situ Piling,0.010,cu.m.,0,0,0,0,Source qty=0 — resource deployment only (idle/no-output day)
2026-01-31,ismaila,2.3.6(i)a,2.3,Bored Cast In-Situ Piling,150.000,cu.m.,0,10000.00,0,1,
2026-01-31,kbarman,2.3.6(i)a,2.3,Bored Cast In-Situ Piling,50.000,lin.m.,500.00,7500.00,1,2,
2026-01-31,parvaiz,2.3.6(i)a,2.3,Bored Cast In-Situ Piling,0.010,lin.m.,0,0,0,0,Source qty=0 — resource deployment only (idle/no-output day)
2026-01-31,saiffuddin,2.3.6(i)a,2.3,Bored Cast In-Situ Piling,350.000,cu.m.,2000.00,19000.00,2,3,
2026-01-31,vijaykumar,2.3.6(i)a,2.3,Bored Cast In-Situ Piling,0.010,cu.m.,0,0,0,0,Source qty=0 — resource deployment only (idle/no-output day)
2026-01-31,vpgupta,2.3.6(i)a,2.3,Bored Cast In-Situ Piling,0.010,cu.m.,0,0,0,0,Source qty=0 — resource deployment only (idle/no-output day)
2026-01-31,illayaraja,2.3.6(i)b,2.3,Bored Cast In-Situ Piling,0.010,cu.m.,0,0,0,0,Source qty=0 — resource deployment only (idle/no-output day)
2026-01-31,ismaila,2.3.6(i)b,2.3,Bored Cast In-Situ Piling,560.000,cu.m.,500.00,14000.00,1,3,
2026-01-31,kbarman,2.3.6(i)b,2.3,Bored Cast In-Situ Piling,0.010,cu.m.,0,0,0,0,Source qty=0 — resource deployment only (idle/no-output day)
2026-01-31,saiffuddin,2.3.6(i)b,2.3,Bored Cast In-Situ Piling,0.010,cu.m.,1000.00,9000.00,1,2,Source qty=0 — resource deployment only (idle/no-output day)
2026-01-31,vijaykumar,2.3.6(i)b,2.3,Bored Cast In-Situ Piling,0.010,cu.m.,0,0,0,0,Source qty=0 — resource deployment only (idle/no-output day)
2026-01-31,akmishra,2.3.6(i)d,2.3,Bored Cast In-Situ Piling,0.010,Sqm,0,0,0,0,Source qty=0 — resource deployment only (idle/no-output day)
2026-01-31,illayaraja,2.3.6(i)d,2.3,Bored Cast In-Situ Piling,200.000,Sqm,500.00,5000.00,1,1,
2026-01-31,kbarman,2.3.6(i)d,2.3,Bored Cast In-Situ Piling,0.010,Sqm,0,0,0,0,Source qty=0 — resource deployment only (idle/no-output day)
2026-01-31,parvaiz,2.3.6(i)d,2.3,Bored Cast In-Situ Piling,0.010,cu.m.,0,0,0,0,Source qty=0 — resource deployment only (idle/no-output day)
2026-01-31,vijaykumar,2.3.6(i)d,2.3,Bored Cast In-Situ Piling,0.010,Sqm,0,0,0,0,Source qty=0 — resource deployment only (idle/no-output day)
2026-01-31,illayaraja,2.4.6(i),2.4,Pile Cap,0.010,cu.m.,5500.00,0,3,0,Source qty=0 — resource deployment only (idle/no-output day)
2026-01-31,ismaila,2.4.6(i),2.4,Pile Cap,0.010,cu.m.,0,0,0,0,Source qty=0 — resource deployment only (idle/no-output day)
2026-01-31,kbarman,2.4.6(i),2.4,Pile Cap,100.000,cu.m.,1500.00,13500.00,1,2,
2026-01-31,parvaiz,2.4.6(i),2.4,Pile Cap,0.010,lin.m.,0,0,0,0,Source qty=0 — resource deployment only (idle/no-output day)
2026-01-31,sanjar,2.4.6(i),2.4,Pile Cap,0.010,trip,0,0,0,0,Source qty=0 — resource deployment only (idle/no-output day)
2026-01-31,akmishra,2.4.6(i)a,2.4,Pile Cap,0.010,cu.m.,0,0,0,0,Source qty=0 — resource deployment only (idle/no-output day)
2026-01-31,illayaraja,2.4.6(i)a,2.4,Pile Cap,0.010,cu.m.,0,0,0,0,Source qty=0 — resource deployment only (idle/no-output day)
2026-01-31,ismaila,2.4.6(i)a,2.4,Pile Cap,360.000,cu.m.,500.00,8000.00,1,2,
2026-01-31,sanjar,2.4.6(i)a,2.4,Pile Cap,0.010,cu.m.,0,0,0,0,Source qty=0 — resource deployment only (idle/no-output day)
2026-01-31,illayaraja,2.6.6(i),2.6,Pier,80.000,Sqm,1500.00,3000.00,1,1,
2026-01-31,ismaila,2.6.6(i),2.6,Pier,336.000,cu.m.,0,7000.00,0,2,
2026-01-31,kbarman,2.6.6(i),2.6,Pier,0.010,cu.m.,0,0,0,0,Source qty=0 — resource deployment only (idle/no-output day)
2026-01-31,parvaiz,2.6.6(i),2.6,Pier,0.010,m,0,0,0,0,Source qty=0 — resource deployment only (idle/no-output day)
2026-01-31,illayaraja,2.7.6 (i),2.7,Abutment,0.010,cu.m.,0,0,0,0,Source qty=0 — resource deployment only (idle/no-output day)
2026-01-31,kbarman,2.7.6 (i),2.7,Abutment,0.010,cu.m.,0,0,0,0,Source qty=0 — resource deployment only (idle/no-output day)
2026-01-31,parvaiz,2.7.6 (i),2.7,Abutment,0.010,cu.m.,0,0,0,0,Source qty=0 — resource deployment only (idle/no-output day)
2026-01-31,saiffuddin,2.7.6 (i),2.7,Abutment,150.000,cu.m.,0,15000.00,0,1,
2026-01-31,illayaraja,2.8.6 (i),2.8,Wing Walls,16.000,cu.m.,4000.00,10000.00,1,3,
2026-01-31,kbarman,2.8.6 (i),2.8,Wing Walls,100.000,lin.m.,500.00,3000.00,1,1,
2026-01-31,illayaraja,3.2.6 (ii),3.2,Concrete RCC,0.010,lin.m.,0,0,0,0,Source qty=0 — resource deployment only (idle/no-output day)
2026-01-31,ismaila,3.2.6 (ii),3.2,Concrete RCC,216.000,cu.m.,1700.00,9500.00,2,3,
2026-01-31,kbarman,3.2.6 (ii),3.2,Concrete RCC,290.000,cu.m.,1500.00,9000.00,1,2,
2026-01-31,parvaiz,3.2.6 (ii),3.2,Concrete RCC,0.010,lin.m.,0,0,0,0,Source qty=0 — resource deployment only (idle/no-output day)
2026-01-31,kbarman,3.2.6 (ii)a,3.2,Concrete RCC,0.010,cu.m.,0,0,0,0,Source qty=0 — resource deployment only (idle/no-output day)
2026-01-31,illayaraja,5.1.7 (iii),5.1,Bearings,0.010,cu.m.,0,0,0,0,Source qty=0 — resource deployment only (idle/no-output day)
2026-01-31,kbarman,5.1.7 (iii),5.1,Bearings,0.010,sq.m.,0,0,0,0,Source qty=0 — resource deployment only (idle/no-output day)
2026-01-31,manzar,5.1.7 (iii),5.1,Bearings,0.010,kg.,0,0,0,0,Source qty=0 — resource deployment only (idle/no-output day)
2026-01-31,parvaiz,5.1.7 (iii),5.1,Bearings,0.010,cu.m.,0,0,0,0,Source qty=0 — resource deployment only (idle/no-output day)
2026-01-31,sohail,5.1.7 (iii),5.1,Bearings,0.010,cu.m.,0,0,0,0,Source qty=0 — resource deployment only (idle/no-output day)
2026-01-31,illayaraja,5.1.7 (iii)a,5.1,Bearings,0.010,cu.m.,0,0,0,0,Source qty=0 — resource deployment only (idle/no-output day)
2026-01-31,manzar,5.1.7 (iii)a,5.1,Bearings,0.010,sq.m.,0,0,0,0,Source qty=0 — resource deployment only (idle/no-output day)
2026-01-31,sohail,5.1.7 (iii)a,5.1,Bearings,0.010,Sqm,0,0,0,0,Source qty=0 — resource deployment only (idle/no-output day)
2026-01-31,sohail,5.2.6 (ii),5.2,Expansion Joints,0.010,lin.m.,0,0,0,0,Source qty=0 — resource deployment only (idle/no-output day)
2026-01-31,manzar,5.2.6 (ii)a,5.2,Expansion Joints,0.010,Nos,0,0,0,0,Source qty=0 — resource deployment only (idle/no-output day)
2026-01-31,sohail,5.2.6 (ii)a,5.2,Expansion Joints,0.010,lin.m.,0,0,0,0,Source qty=0 — resource deployment only (idle/no-output day)
2026-01-31,manzar,9.1.6 (iii),9.0,Approach Slab,0.010,cu.m.,0,0,0,0,Source qty=0 — resource deployment only (idle/no-output day)
2026-01-31,illayaraja,9.1.6(ii),9.0,Approach Slab,300.000,sq.m.,2000.00,13500.00,1,3,
2026-01-31,kbarman,9.1.6(ii),9.0,Approach Slab,0.010,sq.m.,0,0,0,0,Source qty=0 — resource deployment only (idle/no-output day)
2026-01-31,manzar,9.1.6(ii),9.0,Approach Slab,0.010,Nos,0,0,0,0,Source qty=0 — resource deployment only (idle/no-output day)
2026-01-31,sohail,9.1.6(ii),9.0,Approach Slab,0.010,Sqm,0,0,0,0,Source qty=0 — resource deployment only (idle/no-output day)
2026-02-01,sohail,1,1.0,Preliminaries,0.010,cu.m.,0,0,0,0,Source qty=0 — resource deployment only (idle/no-output day)
2026-02-01,akmishra,1.1,1.1,Site Establishment,0.010,lin.m.,0,0,0,0,Source qty=0 — resource deployment only (idle/no-output day)
2026-02-01,ismaila,1.1,1.1,Site Establishment,0.010,cu.m.,0,0,0,0,Source qty=0 — resource deployment only (idle/no-output day)
2026-02-01,parvaiz,1.1,1.1,Site Establishment,0.010,cu.m.,0,0,0,0,Source qty=0 — resource deployment only (idle/no-output day)
2026-02-01,saiffuddin,1.1,1.1,Site Establishment,6.000,m,1500.00,10000.00,1,1,
2026-02-01,vijaykumar,1.1,1.1,Site Establishment,350.000,cu.m.,0,0,0,0,
2026-02-01,kbarman,13.1.7(ix)a,13.0,Drainage,0.010,lin.m.,0,0,0,0,Source qty=0 — resource deployment only (idle/no-output day)
2026-02-01,kbarman,13.1.7(ix)b,13.0,Drainage,0.010,cu.m.,0,0,0,0,Source qty=0 — resource deployment only (idle/no-output day)
2026-02-01,manzar,13.1.7(ix)b,13.0,Drainage,0.010,lin.m.,0,0,0,0,Source qty=0 — resource deployment only (idle/no-output day)
2026-02-01,sohail,13.1.7(ix)b,13.0,Drainage,0.010,Sqm,0,0,0,0,Source qty=0 — resource deployment only (idle/no-output day)
2026-02-01,manzar,13.1.7(ix)b1,13.0,Drainage,0.010,sq.m.,0,0,0,0,Source qty=0 — resource deployment only (idle/no-output day)
2026-02-01,manzar,13.1.7(ix)b2,13.0,Drainage,0.010,cu.m.,0,0,0,0,Source qty=0 — resource deployment only (idle/no-output day)
2026-02-01,kbarman,18.3.6(i),18.3,Bituminous Layers,0.010,sq.m.,0,0,0,0,Source qty=0 — resource deployment only (idle/no-output day)
2026-02-01,parvaiz,18.3.6(i),18.3,Bituminous Layers,0.010,lin.m.,0,0,0,0,Source qty=0 — resource deployment only (idle/no-output day)
2026-02-01,ismaila,2.3.6(i),2.3,Bored Cast In-Situ Piling,0.010,cu.m.,0,0,0,0,Source qty=0 — resource deployment only (idle/no-output day)
2026-02-01,kbarman,2.3.6(i),2.3,Bored Cast In-Situ Piling,0.010,cu.m.,0,0,0,0,Source qty=0 — resource deployment only (idle/no-output day)
2026-02-01,akmishra,2.3.6(i)a,2.3,Bored Cast In-Situ Piling,0.010,cu.m.,0,0,0,0,Source qty=0 — resource deployment only (idle/no-output day)
2026-02-01,illayaraja,2.3.6(i)a,2.3,Bored Cast In-Situ Piling,0.010,cu.m.,0,0,0,0,Source qty=0 — resource deployment only (idle/no-output day)
2026-02-01,ismaila,2.3.6(i)a,2.3,Bored Cast In-Situ Piling,0.010,cu.m.,0,0,0,0,Source qty=0 — resource deployment only (idle/no-output day)
2026-02-01,kbarman,2.3.6(i)a,2.3,Bored Cast In-Situ Piling,150.000,cu.m.,500.00,5000.00,1,1,
2026-02-01,parvaiz,2.3.6(i)a,2.3,Bored Cast In-Situ Piling,0.010,lin.m.,0,0,0,0,Source qty=0 — resource deployment only (idle/no-output day)
2026-02-01,saiffuddin,2.3.6(i)a,2.3,Bored Cast In-Situ Piling,400.000,cu.m.,2000.00,19000.00,2,3,
2026-02-01,vijaykumar,2.3.6(i)a,2.3,Bored Cast In-Situ Piling,1450.000,cu.m.,3200.00,79000.00,2,3,
2026-02-01,vpgupta,2.3.6(i)a,2.3,Bored Cast In-Situ Piling,0.010,cu.m.,0,0,0,0,Source qty=0 — resource deployment only (idle/no-output day)
2026-02-01,illayaraja,2.3.6(i)b,2.3,Bored Cast In-Situ Piling,0.010,cu.m.,0,0,0,0,Source qty=0 — resource deployment only (idle/no-output day)
2026-02-01,ismaila,2.3.6(i)b,2.3,Bored Cast In-Situ Piling,850.000,cu.m.,0,24000.00,0,3,
2026-02-01,kbarman,2.3.6(i)b,2.3,Bored Cast In-Situ Piling,0.010,cu.m.,0,0,0,0,Source qty=0 — resource deployment only (idle/no-output day)
2026-02-01,saiffuddin,2.3.6(i)b,2.3,Bored Cast In-Situ Piling,450.000,cu.m.,0,9000.00,0,2,
2026-02-01,vijaykumar,2.3.6(i)b,2.3,Bored Cast In-Situ Piling,0.010,cu.m.,0,0,0,0,Source qty=0 — resource deployment only (idle/no-output day)
2026-02-01,akmishra,2.3.6(i)d,2.3,Bored Cast In-Situ Piling,0.010,Sqm,0,0,0,0,Source qty=0 — resource deployment only (idle/no-output day)
2026-02-01,illayaraja,2.3.6(i)d,2.3,Bored Cast In-Situ Piling,300.000,Sqm,500.00,5000.00,1,1,
2026-02-01,kbarman,2.3.6(i)d,2.3,Bored Cast In-Situ Piling,0.010,Sqm,0,0,0,0,Source qty=0 — resource deployment only (idle/no-output day)
2026-02-01,parvaiz,2.3.6(i)d,2.3,Bored Cast In-Situ Piling,0.010,cu.m.,0,0,0,0,Source qty=0 — resource deployment only (idle/no-output day)
2026-02-01,illayaraja,2.4.6(i),2.4,Pile Cap,250.000,cu.m.,5500.00,13000.00,3,2,
2026-02-01,ismaila,2.4.6(i),2.4,Pile Cap,0.010,cu.m.,0,0,0,0,Source qty=0 — resource deployment only (idle/no-output day)
2026-02-01,kbarman,2.4.6(i),2.4,Pile Cap,100.000,cu.m.,1000.00,16000.00,1,3,
2026-02-01,parvaiz,2.4.6(i),2.4,Pile Cap,0.010,lin.m.,0,0,0,0,Source qty=0 — resource deployment only (idle/no-output day)
2026-02-01,sanjar,2.4.6(i),2.4,Pile Cap,0.010,trip,0,0,0,0,Source qty=0 — resource deployment only (idle/no-output day)
2026-02-01,akmishra,2.4.6(i)a,2.4,Pile Cap,0.010,cu.m.,0,0,0,0,Source qty=0 — resource deployment only (idle/no-output day)
2026-02-01,illayaraja,2.4.6(i)a,2.4,Pile Cap,0.010,cu.m.,0,0,0,0,Source qty=0 — resource deployment only (idle/no-output day)
2026-02-01,ismaila,2.4.6(i)a,2.4,Pile Cap,325.000,cu.m.,500.00,18000.00,1,3,
2026-02-01,sanjar,2.4.6(i)a,2.4,Pile Cap,0.010,cu.m.,0,0,0,0,Source qty=0 — resource deployment only (idle/no-output day)
2026-02-01,illayaraja,2.6.6(i),2.6,Pier,100.000,Sqm,1000.00,3000.00,1,1,
2026-02-01,ismaila,2.6.6(i),2.6,Pier,0.010,cu.m.,0,0,0,0,Source qty=0 — resource deployment only (idle/no-output day)
2026-02-01,kbarman,2.6.6(i),2.6,Pier,0.010,cu.m.,0,0,0,0,Source qty=0 — resource deployment only (idle/no-output day)
2026-02-01,parvaiz,2.6.6(i),2.6,Pier,0.010,m,0,0,0,0,Source qty=0 — resource deployment only (idle/no-output day)
2026-02-01,illayaraja,2.7.6 (i),2.7,Abutment,0.010,cu.m.,0,0,0,0,Source qty=0 — resource deployment only (idle/no-output day)
2026-02-01,kbarman,2.7.6 (i),2.7,Abutment,0.010,cu.m.,0,0,0,0,Source qty=0 — resource deployment only (idle/no-output day)
2026-02-01,parvaiz,2.7.6 (i),2.7,Abutment,0.010,cu.m.,0,0,0,0,Source qty=0 — resource deployment only (idle/no-output day)
2026-02-01,saiffuddin,2.7.6 (i),2.7,Abutment,450.000,cu.m.,0,15000.00,0,1,
2026-02-01,illayaraja,2.8.6 (i),2.8,Wing Walls,20.000,lin.m.,0,0,0,0,
2026-02-01,kbarman,2.8.6 (i),2.8,Wing Walls,200.000,lin.m.,500.00,3000.00,1,1,
2026-02-01,illayaraja,3.2.6 (ii),3.2,Concrete RCC,0.010,lin.m.,0,0,0,0,Source qty=0 — resource deployment only (idle/no-output day)
2026-02-01,ismaila,3.2.6 (ii),3.2,Concrete RCC,368.000,cu.m.,2200.00,27000.00,2,3,
2026-02-01,kbarman,3.2.6 (ii),3.2,Concrete RCC,540.000,cu.m.,500.00,11000.00,1,3,
2026-02-01,parvaiz,3.2.6 (ii),3.2,Concrete RCC,0.010,lin.m.,0,0,0,0,Source qty=0 — resource deployment only (idle/no-output day)
2026-02-01,vijaykumar,3.3.6 (ii)a,3.3,Pre-stressed Members,800.000,Sqm,0,33000.00,0,5,
2026-02-01,illayaraja,5.1.7 (iii),5.1,Bearings,0.010,cu.m.,0,0,0,0,Source qty=0 — resource deployment only (idle/no-output day)
2026-02-01,kbarman,5.1.7 (iii),5.1,Bearings,0.010,sq.m.,0,0,0,0,Source qty=0 — resource deployment only (idle/no-output day)
2026-02-01,manzar,5.1.7 (iii),5.1,Bearings,0.010,kg.,0,0,0,0,Source qty=0 — resource deployment only (idle/no-output day)
2026-02-01,parvaiz,5.1.7 (iii),5.1,Bearings,0.010,cu.m.,0,0,0,0,Source qty=0 — resource deployment only (idle/no-output day)
2026-02-01,sohail,5.1.7 (iii),5.1,Bearings,0.010,cu.m.,0,0,0,0,Source qty=0 — resource deployment only (idle/no-output day)
2026-02-01,illayaraja,5.1.7 (iii)a,5.1,Bearings,0.010,cu.m.,0,0,0,0,Source qty=0 — resource deployment only (idle/no-output day)
2026-02-01,manzar,5.1.7 (iii)a,5.1,Bearings,0.010,sq.m.,0,0,0,0,Source qty=0 — resource deployment only (idle/no-output day)
2026-02-01,sohail,5.1.7 (iii)a,5.1,Bearings,0.010,Sqm,0,0,0,0,Source qty=0 — resource deployment only (idle/no-output day)
2026-02-01,sohail,5.2.6 (ii),5.2,Expansion Joints,0.010,lin.m.,0,0,0,0,Source qty=0 — resource deployment only (idle/no-output day)
2026-02-01,manzar,5.2.6 (ii)a,5.2,Expansion Joints,0.010,Nos,0,0,0,0,Source qty=0 — resource deployment only (idle/no-output day)
2026-02-01,sohail,5.2.6 (ii)a,5.2,Expansion Joints,0.010,lin.m.,0,0,0,0,Source qty=0 — resource deployment only (idle/no-output day)
2026-02-01,manzar,9.1.6 (iii),9.0,Approach Slab,0.010,cu.m.,0,0,0,0,Source qty=0 — resource deployment only (idle/no-output day)
2026-02-01,illayaraja,9.1.6(ii),9.0,Approach Slab,300.000,sq.m.,1000.00,26000.00,1,5,
2026-02-01,kbarman,9.1.6(ii),9.0,Approach Slab,0.010,sq.m.,0,0,0,0,Source qty=0 — resource deployment only (idle/no-output day)
2026-02-01,manzar,9.1.6(ii),9.0,Approach Slab,0.010,Nos,0,0,0,0,Source qty=0 — resource deployment only (idle/no-output day)
2026-02-01,sohail,9.1.6(ii),9.0,Approach Slab,0.010,Sqm,0,0,0,0,Source qty=0 — resource deployment only (idle/no-output day)
2026-02-02,sohail,1,1.0,Preliminaries,0.010,cu.m.,0,0,0,0,Source qty=0 — resource deployment only (idle/no-output day)
2026-02-02,akmishra,1.1,1.1,Site Establishment,0.010,lin.m.,0,0,0,0,Source qty=0 — resource deployment only (idle/no-output day)
2026-02-02,ismaila,1.1,1.1,Site Establishment,0.010,cu.m.,0,0,0,0,Source qty=0 — resource deployment only (idle/no-output day)
2026-02-02,parvaiz,1.1,1.1,Site Establishment,0.010,cu.m.,0,0,0,0,Source qty=0 — resource deployment only (idle/no-output day)
2026-02-02,saiffuddin,1.1,1.1,Site Establishment,6.000,m,1500.00,10000.00,1,1,
2026-02-02,vijaykumar,1.1,1.1,Site Establishment,600.000,cu.m.,0,0,0,0,
2026-02-02,kbarman,13.1.7(ix)a,13.0,Drainage,0.010,lin.m.,0,0,0,0,Source qty=0 — resource deployment only (idle/no-output day)
2026-02-02,kbarman,13.1.7(ix)b,13.0,Drainage,0.010,cu.m.,0,0,0,0,Source qty=0 — resource deployment only (idle/no-output day)
2026-02-02,manzar,13.1.7(ix)b,13.0,Drainage,0.010,lin.m.,0,0,0,0,Source qty=0 — resource deployment only (idle/no-output day)
2026-02-02,sohail,13.1.7(ix)b,13.0,Drainage,0.010,Sqm,0,0,0,0,Source qty=0 — resource deployment only (idle/no-output day)
2026-02-02,manzar,13.1.7(ix)b1,13.0,Drainage,0.010,sq.m.,0,0,0,0,Source qty=0 — resource deployment only (idle/no-output day)
2026-02-02,manzar,13.1.7(ix)b2,13.0,Drainage,0.010,cu.m.,0,0,0,0,Source qty=0 — resource deployment only (idle/no-output day)
2026-02-02,kbarman,18.3.6(i),18.3,Bituminous Layers,0.010,sq.m.,0,0,0,0,Source qty=0 — resource deployment only (idle/no-output day)
2026-02-02,parvaiz,18.3.6(i),18.3,Bituminous Layers,0.010,lin.m.,0,0,0,0,Source qty=0 — resource deployment only (idle/no-output day)
2026-02-02,ismaila,2.3.6(i),2.3,Bored Cast In-Situ Piling,375.000,cu.m.,1700.00,39000.00,2,3,
2026-02-02,kbarman,2.3.6(i),2.3,Bored Cast In-Situ Piling,0.010,cu.m.,0,0,0,0,Source qty=0 — resource deployment only (idle/no-output day)
2026-02-02,akmishra,2.3.6(i)a,2.3,Bored Cast In-Situ Piling,0.010,cu.m.,0,0,0,0,Source qty=0 — resource deployment only (idle/no-output day)
2026-02-02,illayaraja,2.3.6(i)a,2.3,Bored Cast In-Situ Piling,0.010,cu.m.,0,0,0,0,Source qty=0 — resource deployment only (idle/no-output day)
2026-02-02,ismaila,2.3.6(i)a,2.3,Bored Cast In-Situ Piling,0.010,cu.m.,0,0,0,0,Source qty=0 — resource deployment only (idle/no-output day)
2026-02-02,kbarman,2.3.6(i)a,2.3,Bored Cast In-Situ Piling,240.000,cu.m.,500.00,5000.00,1,1,
2026-02-02,parvaiz,2.3.6(i)a,2.3,Bored Cast In-Situ Piling,0.010,lin.m.,0,0,0,0,Source qty=0 — resource deployment only (idle/no-output day)
2026-02-02,saiffuddin,2.3.6(i)a,2.3,Bored Cast In-Situ Piling,300.000,cu.m.,2000.00,19000.00,2,3,
2026-02-02,vijaykumar,2.3.6(i)a,2.3,Bored Cast In-Situ Piling,950.000,cu.m.,3200.00,86000.00,2,3,
2026-02-02,vpgupta,2.3.6(i)a,2.3,Bored Cast In-Situ Piling,0.010,cu.m.,0,0,0,0,Source qty=0 — resource deployment only (idle/no-output day)
2026-02-02,illayaraja,2.3.6(i)b,2.3,Bored Cast In-Situ Piling,0.010,cu.m.,0,0,0,0,Source qty=0 — resource deployment only (idle/no-output day)
2026-02-02,ismaila,2.3.6(i)b,2.3,Bored Cast In-Situ Piling,0.010,cu.m.,0,0,0,0,Source qty=0 — resource deployment only (idle/no-output day)
2026-02-02,kbarman,2.3.6(i)b,2.3,Bored Cast In-Situ Piling,0.010,cu.m.,0,0,0,0,Source qty=0 — resource deployment only (idle/no-output day)
2026-02-02,saiffuddin,2.3.6(i)b,2.3,Bored Cast In-Situ Piling,420.000,cu.m.,1000.00,5000.00,1,1,
2026-02-02,vijaykumar,2.3.6(i)b,2.3,Bored Cast In-Situ Piling,1200.000,cu.m.,0,0,0,0,
2026-02-02,akmishra,2.3.6(i)d,2.3,Bored Cast In-Situ Piling,0.010,Sqm,0,0,0,0,Source qty=0 — resource deployment only (idle/no-output day)
2026-02-02,illayaraja,2.3.6(i)d,2.3,Bored Cast In-Situ Piling,0.010,Sqm,0,0,0,0,Source qty=0 — resource deployment only (idle/no-output day)
2026-02-02,kbarman,2.3.6(i)d,2.3,Bored Cast In-Situ Piling,0.010,Sqm,0,0,0,0,Source qty=0 — resource deployment only (idle/no-output day)
2026-02-02,parvaiz,2.3.6(i)d,2.3,Bored Cast In-Situ Piling,0.010,cu.m.,0,0,0,0,Source qty=0 — resource deployment only (idle/no-output day)
2026-02-02,illayaraja,2.4.6(i),2.4,Pile Cap,0.010,cu.m.,6000.00,5000.00,4,1,Source qty=0 — resource deployment only (idle/no-output day)
2026-02-02,ismaila,2.4.6(i),2.4,Pile Cap,0.010,cu.m.,0,0,0,0,Source qty=0 — resource deployment only (idle/no-output day)
2026-02-02,kbarman,2.4.6(i),2.4,Pile Cap,130.000,cu.m.,1000.00,8500.00,1,2,
2026-02-02,parvaiz,2.4.6(i),2.4,Pile Cap,0.010,lin.m.,0,0,0,0,Source qty=0 — resource deployment only (idle/no-output day)
2026-02-02,sanjar,2.4.6(i),2.4,Pile Cap,0.010,trip,0,0,0,0,Source qty=0 — resource deployment only (idle/no-output day)
2026-02-02,akmishra,2.4.6(i)a,2.4,Pile Cap,0.010,cu.m.,0,0,0,0,Source qty=0 — resource deployment only (idle/no-output day)
2026-02-02,illayaraja,2.4.6(i)a,2.4,Pile Cap,0.010,cu.m.,0,0,0,0,Source qty=0 — resource deployment only (idle/no-output day)
2026-02-02,ismaila,2.4.6(i)a,2.4,Pile Cap,600.000,cu.m.,500.00,8000.00,1,2,
2026-02-02,sanjar,2.4.6(i)a,2.4,Pile Cap,0.010,cu.m.,0,0,0,0,Source qty=0 — resource deployment only (idle/no-output day)
2026-02-02,illayaraja,2.6.6(i),2.6,Pier,80.000,Sqm,1500.00,3000.00,1,1,
2026-02-02,ismaila,2.6.6(i),2.6,Pier,0.010,cu.m.,0,0,0,0,Source qty=0 — resource deployment only (idle/no-output day)
2026-02-02,kbarman,2.6.6(i),2.6,Pier,0.010,cu.m.,0,0,0,0,Source qty=0 — resource deployment only (idle/no-output day)
2026-02-02,parvaiz,2.6.6(i),2.6,Pier,0.010,m,0,0,0,0,Source qty=0 — resource deployment only (idle/no-output day)
2026-02-02,illayaraja,2.7.6 (i),2.7,Abutment,0.010,cu.m.,0,0,0,0,Source qty=0 — resource deployment only (idle/no-output day)
2026-02-02,kbarman,2.7.6 (i),2.7,Abutment,105.000,cu.m.,1000.00,8500.00,1,2,
2026-02-02,parvaiz,2.7.6 (i),2.7,Abutment,0.010,cu.m.,0,0,0,0,Source qty=0 — resource deployment only (idle/no-output day)
2026-02-02,saiffuddin,2.7.6 (i),2.7,Abutment,410.000,cu.m.,0,15000.00,0,1,
2026-02-02,illayaraja,2.8.6 (i),2.8,Wing Walls,20.000,lin.m.,0,0,0,0,
2026-02-02,kbarman,2.8.6 (i),2.8,Wing Walls,300.000,lin.m.,2000.00,6000.00,1,1,
2026-02-02,illayaraja,3.2.6 (ii),3.2,Concrete RCC,0.010,lin.m.,0,0,0,0,Source qty=0 — resource deployment only (idle/no-output day)
2026-02-02,ismaila,3.2.6 (ii),3.2,Concrete RCC,300.000,cu.m.,500.00,13500.00,1,3,
2026-02-02,kbarman,3.2.6 (ii),3.2,Concrete RCC,0.010,cu.m.,0,0,0,0,Source qty=0 — resource deployment only (idle/no-output day)
2026-02-02,parvaiz,3.2.6 (ii),3.2,Concrete RCC,140.000,lin.m.,3500.00,17000.00,2,4,
2026-02-02,kbarman,3.2.6 (ii)a,3.2,Concrete RCC,0.010,cu.m.,0,0,0,0,Source qty=0 — resource deployment only (idle/no-output day)
2026-02-02,vijaykumar,3.3.6 (ii)a,3.3,Pre-stressed Members,800.000,Sqm,0,23000.00,0,3,
2026-02-02,illayaraja,5.1.7 (iii),5.1,Bearings,0.010,cu.m.,0,0,0,0,Source qty=0 — resource deployment only (idle/no-output day)
2026-02-02,kbarman,5.1.7 (iii),5.1,Bearings,0.010,sq.m.,0,0,0,0,Source qty=0 — resource deployment only (idle/no-output day)
2026-02-02,manzar,5.1.7 (iii),5.1,Bearings,0.010,kg.,0,0,0,0,Source qty=0 — resource deployment only (idle/no-output day)
2026-02-02,parvaiz,5.1.7 (iii),5.1,Bearings,0.010,cu.m.,0,0,0,0,Source qty=0 — resource deployment only (idle/no-output day)
2026-02-02,sohail,5.1.7 (iii),5.1,Bearings,0.010,cu.m.,0,0,0,0,Source qty=0 — resource deployment only (idle/no-output day)
2026-02-02,illayaraja,5.1.7 (iii)a,5.1,Bearings,0.010,cu.m.,0,0,0,0,Source qty=0 — resource deployment only (idle/no-output day)
2026-02-02,manzar,5.1.7 (iii)a,5.1,Bearings,0.010,sq.m.,0,0,0,0,Source qty=0 — resource deployment only (idle/no-output day)
2026-02-02,sohail,5.1.7 (iii)a,5.1,Bearings,0.010,Sqm,0,0,0,0,Source qty=0 — resource deployment only (idle/no-output day)
2026-02-02,sohail,5.2.6 (ii),5.2,Expansion Joints,0.010,lin.m.,0,0,0,0,Source qty=0 — resource deployment only (idle/no-output day)
2026-02-02,manzar,5.2.6 (ii)a,5.2,Expansion Joints,0.010,Nos,0,0,0,0,Source qty=0 — resource deployment only (idle/no-output day)
2026-02-02,sohail,5.2.6 (ii)a,5.2,Expansion Joints,0.010,lin.m.,0,0,0,0,Source qty=0 — resource deployment only (idle/no-output day)
2026-02-02,manzar,9.1.6 (iii),9.0,Approach Slab,0.010,cu.m.,0,0,0,0,Source qty=0 — resource deployment only (idle/no-output day)
2026-02-02,illayaraja,9.1.6(ii),9.0,Approach Slab,300.000,cu.m.,7300.00,35000.00,2,5,
2026-02-02,kbarman,9.1.6(ii),9.0,Approach Slab,0.010,sq.m.,0,0,0,0,Source qty=0 — resource deployment only (idle/no-output day)
2026-02-02,manzar,9.1.6(ii),9.0,Approach Slab,0.010,Nos,0,0,0,0,Source qty=0 — resource deployment only (idle/no-output day)
2026-02-02,sohail,9.1.6(ii),9.0,Approach Slab,0.010,Sqm,0,0,0,0,Source qty=0 — resource deployment only (idle/no-output day)
2026-02-03,ismaila,1,1.0,Preliminaries,0.010,cu.m.,0,3000.00,0,1,Source qty=0 — resource deployment only (idle/no-output day)
2026-02-03,sohail,1,1.0,Preliminaries,0.010,cu.m.,0,0,0,0,Source qty=0 — resource deployment only (idle/no-output day)
2026-02-03,akmishra,1.1,1.1,Site Establishment,0.010,lin.m.,0,0,0,0,Source qty=0 — resource deployment only (idle/no-output day)
2026-02-03,parvaiz,1.1,1.1,Site Establishment,0.010,cu.m.,0,0,0,0,Source qty=0 — resource deployment only (idle/no-output day)
2026-02-03,saiffuddin,1.1,1.1,Site Establishment,10.000,m,500.00,10000.00,1,1,
2026-02-03,vijaykumar,1.1,1.1,Site Establishment,480.000,cu.m.,0,0,0,0,
2026-02-03,kbarman,13.1.7(ix)a,13.0,Drainage,0.010,lin.m.,0,0,0,0,Source qty=0 — resource deployment only (idle/no-output day)
2026-02-03,manzar,13.1.7(ix)b,13.0,Drainage,0.010,lin.m.,0,0,0,0,Source qty=0 — resource deployment only (idle/no-output day)
2026-02-03,sohail,13.1.7(ix)b,13.0,Drainage,0.010,Sqm,0,0,0,0,Source qty=0 — resource deployment only (idle/no-output day)
2026-02-03,manzar,13.1.7(ix)b1,13.0,Drainage,0.010,sq.m.,0,0,0,0,Source qty=0 — resource deployment only (idle/no-output day)
2026-02-03,kbarman,13.1.7(ix)b2,13.0,Drainage,80.000,lin.m.,1000.00,3000.00,1,1,
2026-02-03,manzar,13.1.7(ix)b2,13.0,Drainage,0.010,cu.m.,0,0,0,0,Source qty=0 — resource deployment only (idle/no-output day)
2026-02-03,kbarman,18.3.6(i),18.3,Bituminous Layers,245.000,sq.m.,2500.00,5000.00,1,1,
2026-02-03,parvaiz,18.3.6(i),18.3,Bituminous Layers,0.010,lin.m.,0,0,0,0,Source qty=0 — resource deployment only (idle/no-output day)
2026-02-03,ismaila,2.3.6(i),2.3,Bored Cast In-Situ Piling,0.010,cu.m.,0,0,0,0,Source qty=0 — resource deployment only (idle/no-output day)
2026-02-03,kbarman,2.3.6(i),2.3,Bored Cast In-Situ Piling,0.010,cu.m.,0,0,0,0,Source qty=0 — resource deployment only (idle/no-output day)
2026-02-03,akmishra,2.3.6(i)a,2.3,Bored Cast In-Situ Piling,0.010,cu.m.,0,0,0,0,Source qty=0 — resource deployment only (idle/no-output day)
2026-02-03,illayaraja,2.3.6(i)a,2.3,Bored Cast In-Situ Piling,0.010,cu.m.,0,0,0,0,Source qty=0 — resource deployment only (idle/no-output day)
2026-02-03,ismaila,2.3.6(i)a,2.3,Bored Cast In-Situ Piling,630.000,cu.m.,1700.00,16000.00,2,2,
2026-02-03,kbarman,2.3.6(i)a,2.3,Bored Cast In-Situ Piling,200.000,lin.m.,500.00,7500.00,1,2,
2026-02-03,parvaiz,2.3.6(i)a,2.3,Bored Cast In-Situ Piling,0.010,lin.m.,0,0,0,0,Source qty=0 — resource deployment only (idle/no-output day)
2026-02-03,saiffuddin,2.3.6(i)a,2.3,Bored Cast In-Situ Piling,0.010,cu.m.,0,0,0,0,Source qty=0 — resource deployment only (idle/no-output day)
2026-02-03,vijaykumar,2.3.6(i)a,2.3,Bored Cast In-Situ Piling,1200.000,cu.m.,5200.00,75000.00,3,3,
2026-02-03,vpgupta,2.3.6(i)a,2.3,Bored Cast In-Situ Piling,0.010,cu.m.,0,0,0,0,Source qty=0 — resource deployment only (idle/no-output day)
2026-02-03,illayaraja,2.3.6(i)b,2.3,Bored Cast In-Situ Piling,0.010,cu.m.,0,0,0,0,Source qty=0 — resource deployment only (idle/no-output day)
2026-02-03,ismaila,2.3.6(i)b,2.3,Bored Cast In-Situ Piling,0.010,cu.m.,0,0,0,0,Source qty=0 — resource deployment only (idle/no-output day)
2026-02-03,kbarman,2.3.6(i)b,2.3,Bored Cast In-Situ Piling,0.010,cu.m.,0,0,0,0,Source qty=0 — resource deployment only (idle/no-output day)
2026-02-03,saiffuddin,2.3.6(i)b,2.3,Bored Cast In-Situ Piling,1200.000,cu.m.,1500.00,33000.00,1,3,
2026-02-03,vijaykumar,2.3.6(i)b,2.3,Bored Cast In-Situ Piling,1200.000,cu.m.,0,0,0,0,
2026-02-03,akmishra,2.3.6(i)d,2.3,Bored Cast In-Situ Piling,0.010,Sqm,0,0,0,0,Source qty=0 — resource deployment only (idle/no-output day)
2026-02-03,illayaraja,2.3.6(i)d,2.3,Bored Cast In-Situ Piling,0.010,Sqm,0,0,0,0,Source qty=0 — resource deployment only (idle/no-output day)
2026-02-03,kbarman,2.3.6(i)d,2.3,Bored Cast In-Situ Piling,0.010,Sqm,0,0,0,0,Source qty=0 — resource deployment only (idle/no-output day)
2026-02-03,parvaiz,2.3.6(i)d,2.3,Bored Cast In-Situ Piling,0.010,cu.m.,0,0,0,0,Source qty=0 — resource deployment only (idle/no-output day)
2026-02-03,illayaraja,2.4.6(i),2.4,Pile Cap,200.000,cu.m.,0,5000.00,0,1,
2026-02-03,kbarman,2.4.6(i),2.4,Pile Cap,150.000,cu.m.,1500.00,9000.00,1,2,
2026-02-03,parvaiz,2.4.6(i),2.4,Pile Cap,50.000,lin.m.,0,2000.00,0,1,
2026-02-03,sanjar,2.4.6(i),2.4,Pile Cap,0.010,trip,0,0,0,0,Source qty=0 — resource deployment only (idle/no-output day)
2026-02-03,akmishra,2.4.6(i)a,2.4,Pile Cap,0.010,cu.m.,0,0,0,0,Source qty=0 — resource deployment only (idle/no-output day)
2026-02-03,illayaraja,2.4.6(i)a,2.4,Pile Cap,0.010,cu.m.,0,0,0,0,Source qty=0 — resource deployment only (idle/no-output day)
2026-02-03,ismaila,2.4.6(i)a,2.4,Pile Cap,600.000,cu.m.,500.00,13000.00,1,3,
2026-02-03,sanjar,2.4.6(i)a,2.4,Pile Cap,0.010,cu.m.,0,0,0,0,Source qty=0 — resource deployment only (idle/no-output day)
2026-02-03,illayaraja,2.6.6(i),2.6,Pier,100.000,Sqm,3000.00,6000.00,1,1,
2026-02-03,ismaila,2.6.6(i),2.6,Pier,0.010,cu.m.,0,0,0,0,Source qty=0 — resource deployment only (idle/no-output day)
2026-02-03,kbarman,2.6.6(i),2.6,Pier,0.010,cu.m.,0,0,0,0,Source qty=0 — resource deployment only (idle/no-output day)
2026-02-03,parvaiz,2.6.6(i),2.6,Pier,70.000,m,3000.00,9000.00,2,2,
2026-02-03,illayaraja,2.7.6 (i),2.7,Abutment,0.010,cu.m.,0,0,0,0,Source qty=0 — resource deployment only (idle/no-output day)
2026-02-03,kbarman,2.7.6 (i),2.7,Abutment,170.000,cu.m.,1500.00,11500.00,1,3,
2026-02-03,parvaiz,2.7.6 (i),2.7,Abutment,0.010,cu.m.,0,0,0,0,Source qty=0 — resource deployment only (idle/no-output day)
2026-02-03,saiffuddin,2.7.6 (i),2.7,Abutment,340.000,cu.m.,0,15000.00,0,1,
2026-02-03,illayaraja,2.8.6 (i),2.8,Wing Walls,20.000,lin.m.,0,0,0,0,
2026-02-03,kbarman,2.8.6 (i),2.8,Wing Walls,0.010,lin.m.,0,0,0,0,Source qty=0 — resource deployment only (idle/no-output day)
2026-02-03,illayaraja,3.2.6 (ii),3.2,Concrete RCC,0.010,lin.m.,0,0,0,0,Source qty=0 — resource deployment only (idle/no-output day)
2026-02-03,ismaila,3.2.6 (ii),3.2,Concrete RCC,365.000,cu.m.,500.00,9500.00,1,3,
2026-02-03,kbarman,3.2.6 (ii),3.2,Concrete RCC,0.010,cu.m.,0,0,0,0,Source qty=0 — resource deployment only (idle/no-output day)
2026-02-03,parvaiz,3.2.6 (ii),3.2,Concrete RCC,0.010,lin.m.,0,0,0,0,Source qty=0 — resource deployment only (idle/no-output day)
2026-02-03,kbarman,3.2.6 (ii)a,3.2,Concrete RCC,0.010,cu.m.,0,0,0,0,Source qty=0 — resource deployment only (idle/no-output day)
2026-02-03,vijaykumar,3.3.6 (ii)a,3.3,Pre-stressed Members,750.000,Sqm,0,31000.00,0,3,
2026-02-03,illayaraja,5.1.7 (iii),5.1,Bearings,250.000,cu.m.,500.00,10000.00,1,1,
2026-02-03,ismaila,5.1.7 (iii),5.1,Bearings,215.000,cu.m.,0,14000.00,0,2,
2026-02-03,kbarman,5.1.7 (iii),5.1,Bearings,0.010,sq.m.,0,0,0,0,Source qty=0 — resource deployment only (idle/no-output day)
2026-02-03,manzar,5.1.7 (iii),5.1,Bearings,0.010,kg.,0,0,0,0,Source qty=0 — resource deployment only (idle/no-output day)
2026-02-03,parvaiz,5.1.7 (iii),5.1,Bearings,0.010,cu.m.,0,0,0,0,Source qty=0 — resource deployment only (idle/no-output day)
2026-02-03,sohail,5.1.7 (iii),5.1,Bearings,0.010,cu.m.,0,0,0,0,Source qty=0 — resource deployment only (idle/no-output day)
2026-02-03,illayaraja,5.1.7 (iii)a,5.1,Bearings,0.010,cu.m.,0,0,0,0,Source qty=0 — resource deployment only (idle/no-output day)
2026-02-03,manzar,5.1.7 (iii)a,5.1,Bearings,0.010,sq.m.,0,0,0,0,Source qty=0 — resource deployment only (idle/no-output day)
2026-02-03,sohail,5.1.7 (iii)a,5.1,Bearings,0.010,Sqm,0,0,0,0,Source qty=0 — resource deployment only (idle/no-output day)
2026-02-03,sohail,5.2.6 (ii),5.2,Expansion Joints,0.010,lin.m.,0,0,0,0,Source qty=0 — resource deployment only (idle/no-output day)
2026-02-03,manzar,5.2.6 (ii)a,5.2,Expansion Joints,0.010,Nos,0,0,0,0,Source qty=0 — resource deployment only (idle/no-output day)
2026-02-03,sohail,5.2.6 (ii)a,5.2,Expansion Joints,0.010,lin.m.,0,0,0,0,Source qty=0 — resource deployment only (idle/no-output day)
2026-02-03,manzar,9.1.6 (iii),9.0,Approach Slab,0.010,cu.m.,0,0,0,0,Source qty=0 — resource deployment only (idle/no-output day)
2026-02-03,illayaraja,9.1.6(ii),9.0,Approach Slab,90.000,cu.m.,4800.00,17500.00,1,5,
2026-02-03,kbarman,9.1.6(ii),9.0,Approach Slab,0.010,sq.m.,0,0,0,0,Source qty=0 — resource deployment only (idle/no-output day)
2026-02-03,manzar,9.1.6(ii),9.0,Approach Slab,0.010,Nos,0,0,0,0,Source qty=0 — resource deployment only (idle/no-output day)
2026-02-03,sohail,9.1.6(ii),9.0,Approach Slab,0.010,Sqm,0,0,0,0,Source qty=0 — resource deployment only (idle/no-output day)
2026-02-04,ismaila,1,1.0,Preliminaries,0.010,cu.m.,0,3000.00,0,1,Source qty=0 — resource deployment only (idle/no-output day)
2026-02-04,sohail,1,1.0,Preliminaries,0.010,cu.m.,0,0,0,0,Source qty=0 — resource deployment only (idle/no-output day)
2026-02-04,akmishra,1.1,1.1,Site Establishment,0.010,lin.m.,0,0,0,0,Source qty=0 — resource deployment only (idle/no-output day)
2026-02-04,parvaiz,1.1,1.1,Site Establishment,0.010,cu.m.,0,0,0,0,Source qty=0 — resource deployment only (idle/no-output day)
2026-02-04,saiffuddin,1.1,1.1,Site Establishment,11.000,m,500.00,10000.00,1,1,
2026-02-04,vijaykumar,1.1,1.1,Site Establishment,250.000,cu.m.,0,0,0,0,
2026-02-04,kbarman,13.1.7(ix)a,13.0,Drainage,0.010,lin.m.,0,0,0,0,Source qty=0 — resource deployment only (idle/no-output day)
2026-02-04,manzar,13.1.7(ix)b,13.0,Drainage,0.010,lin.m.,0,0,0,0,Source qty=0 — resource deployment only (idle/no-output day)
2026-02-04,sohail,13.1.7(ix)b,13.0,Drainage,0.010,Sqm,0,0,0,0,Source qty=0 — resource deployment only (idle/no-output day)
2026-02-04,manzar,13.1.7(ix)b1,13.0,Drainage,0.010,sq.m.,0,0,0,0,Source qty=0 — resource deployment only (idle/no-output day)
2026-02-04,kbarman,13.1.7(ix)b2,13.0,Drainage,60.000,cu.m.,1000.00,8000.00,1,2,
2026-02-04,manzar,13.1.7(ix)b2,13.0,Drainage,0.010,cu.m.,0,0,0,0,Source qty=0 — resource deployment only (idle/no-output day)
2026-02-04,kbarman,18.3.6(i),18.3,Bituminous Layers,0.010,sq.m.,0,0,0,0,Source qty=0 — resource deployment only (idle/no-output day)
2026-02-04,parvaiz,18.3.6(i),18.3,Bituminous Layers,0.010,lin.m.,0,0,0,0,Source qty=0 — resource deployment only (idle/no-output day)
2026-02-04,ismaila,2.3.6(i),2.3,Bored Cast In-Situ Piling,300.000,cu.m.,0,13000.00,0,2,
2026-02-04,kbarman,2.3.6(i),2.3,Bored Cast In-Situ Piling,0.010,cu.m.,0,0,0,0,Source qty=0 — resource deployment only (idle/no-output day)
2026-02-04,akmishra,2.3.6(i)a,2.3,Bored Cast In-Situ Piling,0.010,cu.m.,0,0,0,0,Source qty=0 — resource deployment only (idle/no-output day)
2026-02-04,illayaraja,2.3.6(i)a,2.3,Bored Cast In-Situ Piling,60.000,cu.m.,1000.00,8000.00,1,2,
2026-02-04,kbarman,2.3.6(i)a,2.3,Bored Cast In-Situ Piling,180.000,cu.m.,500.00,7500.00,1,2,
2026-02-04,parvaiz,2.3.6(i)a,2.3,Bored Cast In-Situ Piling,0.010,lin.m.,0,0,0,0,Source qty=0 — resource deployment only (idle/no-output day)
2026-02-04,saiffuddin,2.3.6(i)a,2.3,Bored Cast In-Situ Piling,0.010,cu.m.,0,0,0,0,Source qty=0 — resource deployment only (idle/no-output day)
2026-02-04,vijaykumar,2.3.6(i)a,2.3,Bored Cast In-Situ Piling,600.000,cu.m.,5200.00,66000.00,3,3,
2026-02-04,vpgupta,2.3.6(i)a,2.3,Bored Cast In-Situ Piling,0.010,cu.m.,0,0,0,0,Source qty=0 — resource deployment only (idle/no-output day)
2026-02-04,illayaraja,2.3.6(i)b,2.3,Bored Cast In-Situ Piling,0.010,cu.m.,0,0,0,0,Source qty=0 — resource deployment only (idle/no-output day)
2026-02-04,ismaila,2.3.6(i)b,2.3,Bored Cast In-Situ Piling,0.010,cu.m.,0,0,0,0,Source qty=0 — resource deployment only (idle/no-output day)
2026-02-04,kbarman,2.3.6(i)b,2.3,Bored Cast In-Situ Piling,0.010,cu.m.,0,0,0,0,Source qty=0 — resource deployment only (idle/no-output day)
2026-02-04,saiffuddin,2.3.6(i)b,2.3,Bored Cast In-Situ Piling,900.000,cu.m.,3500.00,39000.00,2,3,
2026-02-04,vijaykumar,2.3.6(i)b,2.3,Bored Cast In-Situ Piling,500.000,cu.m.,0,0,0,0,
2026-02-04,akmishra,2.3.6(i)d,2.3,Bored Cast In-Situ Piling,0.010,Sqm,0,0,0,0,Source qty=0 — resource deployment only (idle/no-output day)
2026-02-04,illayaraja,2.3.6(i)d,2.3,Bored Cast In-Situ Piling,0.010,Sqm,0,0,0,0,Source qty=0 — resource deployment only (idle/no-output day)
2026-02-04,kbarman,2.3.6(i)d,2.3,Bored Cast In-Situ Piling,0.010,Sqm,0,0,0,0,Source qty=0 — resource deployment only (idle/no-output day)
2026-02-04,parvaiz,2.3.6(i)d,2.3,Bored Cast In-Situ Piling,0.010,cu.m.,0,0,0,0,Source qty=0 — resource deployment only (idle/no-output day)
2026-02-04,illayaraja,2.4.6(i),2.4,Pile Cap,250.000,cu.m.,3200.00,15500.00,1,3,
2026-02-04,ismaila,2.4.6(i),2.4,Pile Cap,180.000,cu.m.,500.00,14000.00,1,2,
2026-02-04,kbarman,2.4.6(i),2.4,Pile Cap,130.000,cu.m.,1000.00,9000.00,1,2,
2026-02-04,parvaiz,2.4.6(i),2.4,Pile Cap,50.000,lin.m.,0,6000.00,0,2,
2026-02-04,sanjar,2.4.6(i),2.4,Pile Cap,0.010,trip,0,0,0,0,Source qty=0 — resource deployment only (idle/no-output day)
2026-02-04,akmishra,2.4.6(i)a,2.4,Pile Cap,0.010,cu.m.,0,0,0,0,Source qty=0 — resource deployment only (idle/no-output day)
2026-02-04,illayaraja,2.4.6(i)a,2.4,Pile Cap,0.010,cu.m.,0,0,0,0,Source qty=0 — resource deployment only (idle/no-output day)
2026-02-04,ismaila,2.4.6(i)a,2.4,Pile Cap,530.000,cu.m.,500.00,8000.00,1,2,
2026-02-04,sanjar,2.4.6(i)a,2.4,Pile Cap,0.010,cu.m.,0,0,0,0,Source qty=0 — resource deployment only (idle/no-output day)
2026-02-04,illayaraja,2.6.6(i),2.6,Pier,50.000,Sqm,2500.00,3000.00,1,1,
2026-02-04,ismaila,2.6.6(i),2.6,Pier,0.010,cu.m.,0,0,0,0,Source qty=0 — resource deployment only (idle/no-output day)
2026-02-04,kbarman,2.6.6(i),2.6,Pier,0.010,cu.m.,0,0,0,0,Source qty=0 — resource deployment only (idle/no-output day)
2026-02-04,parvaiz,2.6.6(i),2.6,Pier,0.010,m,0,0,0,0,Source qty=0 — resource deployment only (idle/no-output day)
2026-02-04,illayaraja,2.7.6 (i),2.7,Abutment,0.010,cu.m.,0,0,0,0,Source qty=0 — resource deployment only (idle/no-output day)
2026-02-04,kbarman,2.7.6 (i),2.7,Abutment,100.000,cu.m.,1500.00,8500.00,1,2,
2026-02-04,parvaiz,2.7.6 (i),2.7,Abutment,0.010,cu.m.,0,0,0,0,Source qty=0 — resource deployment only (idle/no-output day)
2026-02-04,saiffuddin,2.7.6 (i),2.7,Abutment,240.000,cu.m.,0,15000.00,0,1,
2026-02-04,illayaraja,2.8.6 (i),2.8,Wing Walls,0.010,lin.m.,0,0,0,0,Source qty=0 — resource deployment only (idle/no-output day)
2026-02-04,kbarman,2.8.6 (i),2.8,Wing Walls,250.000,lin.m.,1000.00,3000.00,1,1,
2026-02-04,illayaraja,3.2.6 (ii),3.2,Concrete RCC,0.010,lin.m.,0,0,0,0,Source qty=0 — resource deployment only (idle/no-output day)
2026-02-04,ismaila,3.2.6 (ii),3.2,Concrete RCC,105.000,cu.m.,0,5500.00,0,2,
2026-02-04,kbarman,3.2.6 (ii),3.2,Concrete RCC,0.010,cu.m.,0,0,0,0,Source qty=0 — resource deployment only (idle/no-output day)
2026-02-04,parvaiz,3.2.6 (ii),3.2,Concrete RCC,730.000,lin.m.,3500.00,9000.00,2,2,
2026-02-04,kbarman,3.2.6 (ii)a,3.2,Concrete RCC,0.010,cu.m.,0,0,0,0,Source qty=0 — resource deployment only (idle/no-output day)
2026-02-04,vijaykumar,3.3.6 (ii)a,3.3,Pre-stressed Members,250.000,Sqm,0,32000.00,0,4,
2026-02-04,illayaraja,5.1.7 (iii),5.1,Bearings,0.010,Sqm,0,0,0,0,Source qty=0 — resource deployment only (idle/no-output day)
2026-02-04,ismaila,5.1.7 (iii),5.1,Bearings,100.000,cu.m.,1700.00,5000.00,2,1,
2026-02-04,kbarman,5.1.7 (iii),5.1,Bearings,0.010,sq.m.,0,0,0,0,Source qty=0 — resource deployment only (idle/no-output day)
2026-02-04,manzar,5.1.7 (iii),5.1,Bearings,0.010,kg.,0,0,0,0,Source qty=0 — resource deployment only (idle/no-output day)
2026-02-04,parvaiz,5.1.7 (iii),5.1,Bearings,0.010,cu.m.,0,0,0,0,Source qty=0 — resource deployment only (idle/no-output day)
2026-02-04,sohail,5.1.7 (iii),5.1,Bearings,0.010,cu.m.,0,0,0,0,Source qty=0 — resource deployment only (idle/no-output day)
2026-02-04,illayaraja,5.1.7 (iii)a,5.1,Bearings,0.010,cu.m.,0,0,0,0,Source qty=0 — resource deployment only (idle/no-output day)
2026-02-04,manzar,5.1.7 (iii)a,5.1,Bearings,0.010,sq.m.,0,0,0,0,Source qty=0 — resource deployment only (idle/no-output day)
2026-02-04,sohail,5.1.7 (iii)a,5.1,Bearings,0.010,Sqm,0,0,0,0,Source qty=0 — resource deployment only (idle/no-output day)
2026-02-04,sohail,5.2.6 (ii),5.2,Expansion Joints,0.010,lin.m.,0,0,0,0,Source qty=0 — resource deployment only (idle/no-output day)
2026-02-04,manzar,5.2.6 (ii)a,5.2,Expansion Joints,0.010,Nos,0,0,0,0,Source qty=0 — resource deployment only (idle/no-output day)
2026-02-04,sohail,5.2.6 (ii)a,5.2,Expansion Joints,0.010,lin.m.,0,0,0,0,Source qty=0 — resource deployment only (idle/no-output day)
2026-02-04,manzar,9.1.6 (iii),9.0,Approach Slab,0.010,cu.m.,0,0,0,0,Source qty=0 — resource deployment only (idle/no-output day)
2026-02-04,illayaraja,9.1.6(ii),9.0,Approach Slab,80.000,cu.m.,4800.00,13000.00,1,3,
2026-02-04,kbarman,9.1.6(ii),9.0,Approach Slab,0.010,sq.m.,0,0,0,0,Source qty=0 — resource deployment only (idle/no-output day)
2026-02-04,manzar,9.1.6(ii),9.0,Approach Slab,0.010,Nos,0,0,0,0,Source qty=0 — resource deployment only (idle/no-output day)
2026-02-04,sohail,9.1.6(ii),9.0,Approach Slab,0.010,Sqm,0,0,0,0,Source qty=0 — resource deployment only (idle/no-output day)
2026-02-05,ismaila,1,1.0,Preliminaries,0.010,cu.m.,0,0,0,0,Source qty=0 — resource deployment only (idle/no-output day)
2026-02-05,sohail,1,1.0,Preliminaries,0.010,cu.m.,0,0,0,0,Source qty=0 — resource deployment only (idle/no-output day)
2026-02-05,akmishra,1.1,1.1,Site Establishment,0.010,lin.m.,0,0,0,0,Source qty=0 — resource deployment only (idle/no-output day)
2026-02-05,parvaiz,1.1,1.1,Site Establishment,0.010,cu.m.,0,0,0,0,Source qty=0 — resource deployment only (idle/no-output day)
2026-02-05,saiffuddin,1.1,1.1,Site Establishment,4.000,m,500.00,10000.00,1,1,
2026-02-05,vijaykumar,1.1,1.1,Site Establishment,0.010,cu.m.,0,0,0,0,Source qty=0 — resource deployment only (idle/no-output day)
2026-02-05,manzar,13.1.7(ix)b,13.0,Drainage,0.010,lin.m.,0,0,0,0,Source qty=0 — resource deployment only (idle/no-output day)
2026-02-05,sohail,13.1.7(ix)b,13.0,Drainage,0.010,Sqm,0,0,0,0,Source qty=0 — resource deployment only (idle/no-output day)
2026-02-05,manzar,13.1.7(ix)b1,13.0,Drainage,0.010,sq.m.,0,0,0,0,Source qty=0 — resource deployment only (idle/no-output day)
2026-02-05,kbarman,13.1.7(ix)b2,13.0,Drainage,50.000,lin.m.,500.00,8000.00,1,2,
2026-02-05,manzar,13.1.7(ix)b2,13.0,Drainage,0.010,cu.m.,0,0,0,0,Source qty=0 — resource deployment only (idle/no-output day)
2026-02-05,kbarman,18.3.6(i),18.3,Bituminous Layers,0.010,sq.m.,0,0,0,0,Source qty=0 — resource deployment only (idle/no-output day)
2026-02-05,parvaiz,18.3.6(i),18.3,Bituminous Layers,0.010,lin.m.,0,0,0,0,Source qty=0 — resource deployment only (idle/no-output day)
2026-02-05,ismaila,2.3.6(i),2.3,Bored Cast In-Situ Piling,0.010,cu.m.,0,0,0,0,Source qty=0 — resource deployment only (idle/no-output day)
2026-02-05,kbarman,2.3.6(i),2.3,Bored Cast In-Situ Piling,0.010,cu.m.,0,0,0,0,Source qty=0 — resource deployment only (idle/no-output day)
2026-02-05,akmishra,2.3.6(i)a,2.3,Bored Cast In-Situ Piling,0.010,cu.m.,0,0,0,0,Source qty=0 — resource deployment only (idle/no-output day)
2026-02-05,illayaraja,2.3.6(i)a,2.3,Bored Cast In-Situ Piling,60.000,cu.m.,500.00,3000.00,1,1,
2026-02-05,kbarman,2.3.6(i)a,2.3,Bored Cast In-Situ Piling,0.010,cu.m.,0,0,0,0,Source qty=0 — resource deployment only (idle/no-output day)
2026-02-05,parvaiz,2.3.6(i)a,2.3,Bored Cast In-Situ Piling,0.010,lin.m.,0,0,0,0,Source qty=0 — resource deployment only (idle/no-output day)
2026-02-05,saiffuddin,2.3.6(i)a,2.3,Bored Cast In-Situ Piling,0.010,cu.m.,0,0,0,0,Source qty=0 — resource deployment only (idle/no-output day)
2026-02-05,vijaykumar,2.3.6(i)a,2.3,Bored Cast In-Situ Piling,0.010,cu.m.,0,0,0,0,Source qty=0 — resource deployment only (idle/no-output day)
2026-02-05,vpgupta,2.3.6(i)a,2.3,Bored Cast In-Situ Piling,0.010,cu.m.,0,0,0,0,Source qty=0 — resource deployment only (idle/no-output day)
2026-02-05,illayaraja,2.3.6(i)b,2.3,Bored Cast In-Situ Piling,0.010,cu.m.,0,0,0,0,Source qty=0 — resource deployment only (idle/no-output day)
2026-02-05,ismaila,2.3.6(i)b,2.3,Bored Cast In-Situ Piling,2400.000,cu.m.,1700.00,25000.00,2,3,
2026-02-05,kbarman,2.3.6(i)b,2.3,Bored Cast In-Situ Piling,0.010,cu.m.,0,0,0,0,Source qty=0 — resource deployment only (idle/no-output day)
2026-02-05,saiffuddin,2.3.6(i)b,2.3,Bored Cast In-Situ Piling,300.000,cu.m.,3500.00,33000.00,2,3,
2026-02-05,vijaykumar,2.3.6(i)b,2.3,Bored Cast In-Situ Piling,0.010,cu.m.,0,0,0,0,Source qty=0 — resource deployment only (idle/no-output day)
2026-02-05,akmishra,2.3.6(i)d,2.3,Bored Cast In-Situ Piling,0.010,Sqm,0,0,0,0,Source qty=0 — resource deployment only (idle/no-output day)
2026-02-05,illayaraja,2.3.6(i)d,2.3,Bored Cast In-Situ Piling,0.010,Sqm,0,0,0,0,Source qty=0 — resource deployment only (idle/no-output day)
2026-02-05,kbarman,2.3.6(i)d,2.3,Bored Cast In-Situ Piling,0.010,Sqm,0,0,0,0,Source qty=0 — resource deployment only (idle/no-output day)
2026-02-05,parvaiz,2.3.6(i)d,2.3,Bored Cast In-Situ Piling,0.010,cu.m.,0,0,0,0,Source qty=0 — resource deployment only (idle/no-output day)
2026-02-05,illayaraja,2.4.6(i),2.4,Pile Cap,120.000,cu.m.,5700.00,3000.00,2,1,
2026-02-05,ismaila,2.4.6(i),2.4,Pile Cap,450.000,cu.m.,500.00,15500.00,1,3,
2026-02-05,kbarman,2.4.6(i),2.4,Pile Cap,250.000,cu.m.,500.00,10000.00,1,1,
2026-02-05,parvaiz,2.4.6(i),2.4,Pile Cap,0.010,lin.m.,0,0,0,0,Source qty=0 — resource deployment only (idle/no-output day)
2026-02-05,sanjar,2.4.6(i),2.4,Pile Cap,0.010,trip,0,0,0,0,Source qty=0 — resource deployment only (idle/no-output day)
2026-02-05,akmishra,2.4.6(i)a,2.4,Pile Cap,0.010,cu.m.,0,0,0,0,Source qty=0 — resource deployment only (idle/no-output day)
2026-02-05,illayaraja,2.4.6(i)a,2.4,Pile Cap,0.010,cu.m.,0,0,0,0,Source qty=0 — resource deployment only (idle/no-output day)
2026-02-05,ismaila,2.4.6(i)a,2.4,Pile Cap,550.000,cu.m.,500.00,13000.00,1,3,
2026-02-05,sanjar,2.4.6(i)a,2.4,Pile Cap,0.010,cu.m.,0,0,0,0,Source qty=0 — resource deployment only (idle/no-output day)
2026-02-05,illayaraja,2.6.6(i),2.6,Pier,70.000,Sqm,2500.00,3000.00,1,1,
2026-02-05,ismaila,2.6.6(i),2.6,Pier,0.010,cu.m.,0,0,0,0,Source qty=0 — resource deployment only (idle/no-output day)
2026-02-05,kbarman,2.6.6(i),2.6,Pier,110.000,cu.m.,1500.00,9000.00,1,2,
2026-02-05,parvaiz,2.6.6(i),2.6,Pier,0.010,m,0,0,0,0,Source qty=0 — resource deployment only (idle/no-output day)
2026-02-05,illayaraja,2.7.6 (i),2.7,Abutment,0.010,cu.m.,0,0,0,0,Source qty=0 — resource deployment only (idle/no-output day)
2026-02-05,kbarman,2.7.6 (i),2.7,Abutment,0.010,cu.m.,0,0,0,0,Source qty=0 — resource deployment only (idle/no-output day)
2026-02-05,parvaiz,2.7.6 (i),2.7,Abutment,0.010,cu.m.,0,0,0,0,Source qty=0 — resource deployment only (idle/no-output day)
2026-02-05,saiffuddin,2.7.6 (i),2.7,Abutment,260.000,cu.m.,0,15000.00,0,1,
2026-02-05,illayaraja,2.8.6 (i),2.8,Wing Walls,0.010,lin.m.,0,0,0,0,Source qty=0 — resource deployment only (idle/no-output day)
2026-02-05,kbarman,2.8.6 (i),2.8,Wing Walls,250.000,lin.m.,1500.00,10000.00,1,1,
2026-02-05,illayaraja,3.2.6 (ii),3.2,Concrete RCC,0.010,lin.m.,0,0,0,0,Source qty=0 — resource deployment only (idle/no-output day)
2026-02-05,ismaila,3.2.6 (ii),3.2,Concrete RCC,0.010,cu.m.,0,0,0,0,Source qty=0 — resource deployment only (idle/no-output day)
2026-02-05,kbarman,3.2.6 (ii),3.2,Concrete RCC,200.000,lin.m.,1500.00,14000.00,1,3,
2026-02-05,parvaiz,3.2.6 (ii),3.2,Concrete RCC,0.010,lin.m.,0,0,0,0,Source qty=0 — resource deployment only (idle/no-output day)
2026-02-05,kbarman,3.2.6 (ii)a,3.2,Concrete RCC,0.010,cu.m.,0,0,0,0,Source qty=0 — resource deployment only (idle/no-output day)
2026-02-05,vijaykumar,3.3.6 (ii)a,3.3,Pre-stressed Members,0.010,Sqm,0,0,0,0,Source qty=0 — resource deployment only (idle/no-output day)
2026-02-05,illayaraja,5.1.7 (iii),5.1,Bearings,0.010,Sqm,0,0,0,0,Source qty=0 — resource deployment only (idle/no-output day)
2026-02-05,ismaila,5.1.7 (iii),5.1,Bearings,0.010,cu.m.,0,0,0,0,Source qty=0 — resource deployment only (idle/no-output day)
2026-02-05,kbarman,5.1.7 (iii),5.1,Bearings,0.010,sq.m.,0,0,0,0,Source qty=0 — resource deployment only (idle/no-output day)
2026-02-05,manzar,5.1.7 (iii),5.1,Bearings,0.010,kg.,0,0,0,0,Source qty=0 — resource deployment only (idle/no-output day)
2026-02-05,parvaiz,5.1.7 (iii),5.1,Bearings,0.010,cu.m.,0,0,0,0,Source qty=0 — resource deployment only (idle/no-output day)
2026-02-05,sohail,5.1.7 (iii),5.1,Bearings,0.010,cu.m.,0,0,0,0,Source qty=0 — resource deployment only (idle/no-output day)
2026-02-05,illayaraja,5.1.7 (iii)a,5.1,Bearings,162.000,cu.m.,2800.00,0,3,0,
2026-02-05,manzar,5.1.7 (iii)a,5.1,Bearings,0.010,sq.m.,0,0,0,0,Source qty=0 — resource deployment only (idle/no-output day)
2026-02-05,sohail,5.1.7 (iii)a,5.1,Bearings,0.010,Sqm,0,0,0,0,Source qty=0 — resource deployment only (idle/no-output day)
2026-02-05,sohail,5.2.6 (ii),5.2,Expansion Joints,0.010,lin.m.,0,0,0,0,Source qty=0 — resource deployment only (idle/no-output day)
2026-02-05,manzar,5.2.6 (ii)a,5.2,Expansion Joints,0.010,Nos,0,0,0,0,Source qty=0 — resource deployment only (idle/no-output day)
2026-02-05,sohail,5.2.6 (ii)a,5.2,Expansion Joints,0.010,lin.m.,0,0,0,0,Source qty=0 — resource deployment only (idle/no-output day)
2026-02-05,manzar,9.1.6 (iii),9.0,Approach Slab,0.010,cu.m.,0,0,0,0,Source qty=0 — resource deployment only (idle/no-output day)
2026-02-05,illayaraja,9.1.6(ii),9.0,Approach Slab,80.000,cu.m.,5300.00,13000.00,2,3,
2026-02-05,kbarman,9.1.6(ii),9.0,Approach Slab,0.010,sq.m.,0,0,0,0,Source qty=0 — resource deployment only (idle/no-output day)
2026-02-05,manzar,9.1.6(ii),9.0,Approach Slab,0.010,Nos,0,0,0,0,Source qty=0 — resource deployment only (idle/no-output day)
2026-02-05,sohail,9.1.6(ii),9.0,Approach Slab,0.010,Sqm,0,0,0,0,Source qty=0 — resource deployment only (idle/no-output day)
2026-02-06,ismaila,1,1.0,Preliminaries,0.010,cu.m.,0,0,0,0,Source qty=0 — resource deployment only (idle/no-output day)
2026-02-06,sohail,1,1.0,Preliminaries,0.010,cu.m.,0,0,0,0,Source qty=0 — resource deployment only (idle/no-output day)
2026-02-06,akmishra,1.1,1.1,Site Establishment,0.010,lin.m.,0,0,0,0,Source qty=0 — resource deployment only (idle/no-output day)
2026-02-06,ismaila,1.1,1.1,Site Establishment,300.000,cu.m.,0,6000.00,0,1,
2026-02-06,parvaiz,1.1,1.1,Site Establishment,0.010,cu.m.,0,0,0,0,Source qty=0 — resource deployment only (idle/no-output day)
2026-02-06,saiffuddin,1.1,1.1,Site Establishment,280.000,m,2000.00,11000.00,1,2,
2026-02-06,vijaykumar,1.1,1.1,Site Establishment,0.010,cu.m.,0,0,0,0,Source qty=0 — resource deployment only (idle/no-output day)
2026-02-06,manzar,13.1.7(ix)b,13.0,Drainage,0.010,lin.m.,0,0,0,0,Source qty=0 — resource deployment only (idle/no-output day)
2026-02-06,sohail,13.1.7(ix)b,13.0,Drainage,0.010,Sqm,0,0,0,0,Source qty=0 — resource deployment only (idle/no-output day)
2026-02-06,manzar,13.1.7(ix)b1,13.0,Drainage,0.010,sq.m.,0,0,0,0,Source qty=0 — resource deployment only (idle/no-output day)
2026-02-06,kbarman,13.1.7(ix)b2,13.0,Drainage,0.010,lin.m.,0,0,0,0,Source qty=0 — resource deployment only (idle/no-output day)
2026-02-06,manzar,13.1.7(ix)b2,13.0,Drainage,0.010,cu.m.,0,0,0,0,Source qty=0 — resource deployment only (idle/no-output day)
2026-02-06,kbarman,18.3.6(i),18.3,Bituminous Layers,0.010,sq.m.,0,0,0,0,Source qty=0 — resource deployment only (idle/no-output day)
2026-02-06,parvaiz,18.3.6(i),18.3,Bituminous Layers,0.010,lin.m.,0,0,0,0,Source qty=0 — resource deployment only (idle/no-output day)
2026-02-06,ismaila,2.3.6(i),2.3,Bored Cast In-Situ Piling,0.010,cu.m.,0,0,0,0,Source qty=0 — resource deployment only (idle/no-output day)
2026-02-06,kbarman,2.3.6(i),2.3,Bored Cast In-Situ Piling,0.010,cu.m.,0,0,0,0,Source qty=0 — resource deployment only (idle/no-output day)
2026-02-06,akmishra,2.3.6(i)a,2.3,Bored Cast In-Situ Piling,0.010,cu.m.,0,0,0,0,Source qty=0 — resource deployment only (idle/no-output day)
2026-02-06,illayaraja,2.3.6(i)a,2.3,Bored Cast In-Situ Piling,0.010,cu.m.,0,0,0,0,Source qty=0 — resource deployment only (idle/no-output day)
2026-02-06,kbarman,2.3.6(i)a,2.3,Bored Cast In-Situ Piling,0.010,cu.m.,0,0,0,0,Source qty=0 — resource deployment only (idle/no-output day)
2026-02-06,parvaiz,2.3.6(i)a,2.3,Bored Cast In-Situ Piling,0.010,lin.m.,0,0,0,0,Source qty=0 — resource deployment only (idle/no-output day)
2026-02-06,saiffuddin,2.3.6(i)a,2.3,Bored Cast In-Situ Piling,0.010,cu.m.,0,0,0,0,Source qty=0 — resource deployment only (idle/no-output day)
2026-02-06,vijaykumar,2.3.6(i)a,2.3,Bored Cast In-Situ Piling,0.010,cu.m.,0,0,0,0,Source qty=0 — resource deployment only (idle/no-output day)
2026-02-06,vpgupta,2.3.6(i)a,2.3,Bored Cast In-Situ Piling,0.010,cu.m.,0,0,0,0,Source qty=0 — resource deployment only (idle/no-output day)
2026-02-06,illayaraja,2.3.6(i)b,2.3,Bored Cast In-Situ Piling,0.010,cu.m.,0,0,0,0,Source qty=0 — resource deployment only (idle/no-output day)
2026-02-06,ismaila,2.3.6(i)b,2.3,Bored Cast In-Situ Piling,2600.000,cu.m.,2700.00,25000.00,2,1,
2026-02-06,kbarman,2.3.6(i)b,2.3,Bored Cast In-Situ Piling,0.010,cu.m.,0,0,0,0,Source qty=0 — resource deployment only (idle/no-output day)
2026-02-06,saiffuddin,2.3.6(i)b,2.3,Bored Cast In-Situ Piling,0.010,cu.m.,2000.00,40000.00,2,3,Source qty=0 — resource deployment only (idle/no-output day)
2026-02-06,vijaykumar,2.3.6(i)b,2.3,Bored Cast In-Situ Piling,0.010,cu.m.,0,0,0,0,Source qty=0 — resource deployment only (idle/no-output day)
2026-02-06,akmishra,2.3.6(i)d,2.3,Bored Cast In-Situ Piling,0.010,Sqm,0,0,0,0,Source qty=0 — resource deployment only (idle/no-output day)
2026-02-06,illayaraja,2.3.6(i)d,2.3,Bored Cast In-Situ Piling,0.010,Sqm,0,0,0,0,Source qty=0 — resource deployment only (idle/no-output day)
2026-02-06,kbarman,2.3.6(i)d,2.3,Bored Cast In-Situ Piling,0.010,Sqm,0,0,0,0,Source qty=0 — resource deployment only (idle/no-output day)
2026-02-06,parvaiz,2.3.6(i)d,2.3,Bored Cast In-Situ Piling,0.010,cu.m.,0,0,0,0,Source qty=0 — resource deployment only (idle/no-output day)
2026-02-06,illayaraja,2.4.6(i),2.4,Pile Cap,0.010,cu.m.,0,0,0,0,Source qty=0 — resource deployment only (idle/no-output day)
2026-02-06,kbarman,2.4.6(i),2.4,Pile Cap,0.010,cu.m.,0,0,0,0,Source qty=0 — resource deployment only (idle/no-output day)
2026-02-06,parvaiz,2.4.6(i),2.4,Pile Cap,0.010,lin.m.,0,0,0,0,Source qty=0 — resource deployment only (idle/no-output day)
2026-02-06,sanjar,2.4.6(i),2.4,Pile Cap,0.010,trip,0,0,0,0,Source qty=0 — resource deployment only (idle/no-output day)
2026-02-06,akmishra,2.4.6(i)a,2.4,Pile Cap,0.010,cu.m.,0,0,0,0,Source qty=0 — resource deployment only (idle/no-output day)
2026-02-06,illayaraja,2.4.6(i)a,2.4,Pile Cap,0.010,cu.m.,0,0,0,0,Source qty=0 — resource deployment only (idle/no-output day)
2026-02-06,ismaila,2.4.6(i)a,2.4,Pile Cap,0.010,cu.m.,0,0,0,0,Source qty=0 — resource deployment only (idle/no-output day)
2026-02-06,sanjar,2.4.6(i)a,2.4,Pile Cap,0.010,cu.m.,0,0,0,0,Source qty=0 — resource deployment only (idle/no-output day)
2026-02-06,illayaraja,2.6.6(i),2.6,Pier,0.010,Sqm,0,0,0,0,Source qty=0 — resource deployment only (idle/no-output day)
2026-02-06,ismaila,2.6.6(i),2.6,Pier,0.010,cu.m.,0,0,0,0,Source qty=0 — resource deployment only (idle/no-output day)
2026-02-06,kbarman,2.6.6(i),2.6,Pier,0.010,cu.m.,0,0,0,0,Source qty=0 — resource deployment only (idle/no-output day)
2026-02-06,parvaiz,2.6.6(i),2.6,Pier,0.010,m,0,0,0,0,Source qty=0 — resource deployment only (idle/no-output day)
2026-02-06,illayaraja,2.7.6 (i),2.7,Abutment,0.010,cu.m.,0,0,0,0,Source qty=0 — resource deployment only (idle/no-output day)
2026-02-06,kbarman,2.7.6 (i),2.7,Abutment,0.010,cu.m.,0,0,0,0,Source qty=0 — resource deployment only (idle/no-output day)
2026-02-06,parvaiz,2.7.6 (i),2.7,Abutment,0.010,cu.m.,0,0,0,0,Source qty=0 — resource deployment only (idle/no-output day)
2026-02-06,saiffuddin,2.7.6 (i),2.7,Abutment,150.000,cu.m.,0,5000.00,0,1,
2026-02-06,illayaraja,2.8.6 (i),2.8,Wing Walls,0.010,lin.m.,0,0,0,0,Source qty=0 — resource deployment only (idle/no-output day)
2026-02-06,kbarman,2.8.6 (i),2.8,Wing Walls,0.010,lin.m.,0,0,0,0,Source qty=0 — resource deployment only (idle/no-output day)
2026-02-06,illayaraja,3.2.6 (ii),3.2,Concrete RCC,0.010,lin.m.,0,0,0,0,Source qty=0 — resource deployment only (idle/no-output day)
2026-02-06,ismaila,3.2.6 (ii),3.2,Concrete RCC,0.010,cu.m.,0,0,0,0,Source qty=0 — resource deployment only (idle/no-output day)
2026-02-06,kbarman,3.2.6 (ii),3.2,Concrete RCC,0.010,lin.m.,0,0,0,0,Source qty=0 — resource deployment only (idle/no-output day)
2026-02-06,parvaiz,3.2.6 (ii),3.2,Concrete RCC,0.010,lin.m.,0,0,0,0,Source qty=0 — resource deployment only (idle/no-output day)
2026-02-06,kbarman,3.2.6 (ii)a,3.2,Concrete RCC,0.010,cu.m.,0,0,0,0,Source qty=0 — resource deployment only (idle/no-output day)
2026-02-06,vijaykumar,3.3.6 (ii)a,3.3,Pre-stressed Members,0.010,Sqm,0,0,0,0,Source qty=0 — resource deployment only (idle/no-output day)
2026-02-06,illayaraja,5.1.7 (iii),5.1,Bearings,0.010,Sqm,0,0,0,0,Source qty=0 — resource deployment only (idle/no-output day)
2026-02-06,ismaila,5.1.7 (iii),5.1,Bearings,0.010,cu.m.,0,0,0,0,Source qty=0 — resource deployment only (idle/no-output day)
2026-02-06,kbarman,5.1.7 (iii),5.1,Bearings,0.010,sq.m.,0,0,0,0,Source qty=0 — resource deployment only (idle/no-output day)
2026-02-06,manzar,5.1.7 (iii),5.1,Bearings,0.010,kg.,0,0,0,0,Source qty=0 — resource deployment only (idle/no-output day)
2026-02-06,parvaiz,5.1.7 (iii),5.1,Bearings,0.010,cu.m.,0,0,0,0,Source qty=0 — resource deployment only (idle/no-output day)
2026-02-06,sohail,5.1.7 (iii),5.1,Bearings,0.010,cu.m.,0,0,0,0,Source qty=0 — resource deployment only (idle/no-output day)
2026-02-06,illayaraja,5.1.7 (iii)a,5.1,Bearings,0.010,cu.m.,0,0,0,0,Source qty=0 — resource deployment only (idle/no-output day)
2026-02-06,manzar,5.1.7 (iii)a,5.1,Bearings,0.010,sq.m.,0,0,0,0,Source qty=0 — resource deployment only (idle/no-output day)
2026-02-06,sohail,5.1.7 (iii)a,5.1,Bearings,0.010,Sqm,0,0,0,0,Source qty=0 — resource deployment only (idle/no-output day)
2026-02-06,sohail,5.2.6 (ii),5.2,Expansion Joints,0.010,lin.m.,0,0,0,0,Source qty=0 — resource deployment only (idle/no-output day)
2026-02-06,manzar,5.2.6 (ii)a,5.2,Expansion Joints,0.010,Nos,0,0,0,0,Source qty=0 — resource deployment only (idle/no-output day)
2026-02-06,sohail,5.2.6 (ii)a,5.2,Expansion Joints,0.010,lin.m.,0,0,0,0,Source qty=0 — resource deployment only (idle/no-output day)
2026-02-06,manzar,9.1.6 (iii),9.0,Approach Slab,0.010,cu.m.,0,0,0,0,Source qty=0 — resource deployment only (idle/no-output day)
2026-02-06,illayaraja,9.1.6(ii),9.0,Approach Slab,0.010,cu.m.,0,0,0,0,Source qty=0 — resource deployment only (idle/no-output day)
2026-02-06,kbarman,9.1.6(ii),9.0,Approach Slab,0.010,sq.m.,0,0,0,0,Source qty=0 — resource deployment only (idle/no-output day)
2026-02-06,manzar,9.1.6(ii),9.0,Approach Slab,0.010,Nos,0,0,0,0,Source qty=0 — resource deployment only (idle/no-output day)
2026-02-06,sohail,9.1.6(ii),9.0,Approach Slab,0.010,Sqm,0,0,0,0,Source qty=0 — resource deployment only (idle/no-output day)
2026-02-07,ismaila,1,1.0,Preliminaries,0.010,cu.m.,0,0,0,0,Source qty=0 — resource deployment only (idle/no-output day)
2026-02-07,sohail,1,1.0,Preliminaries,0.010,cu.m.,0,0,0,0,Source qty=0 — resource deployment only (idle/no-output day)
2026-02-07,akmishra,1.1,1.1,Site Establishment,0.010,lin.m.,0,0,0,0,Source qty=0 — resource deployment only (idle/no-output day)
2026-02-07,ismaila,1.1,1.1,Site Establishment,1200.000,Sqm,0,0,0,0,
2026-02-07,parvaiz,1.1,1.1,Site Establishment,0.010,cu.m.,0,0,0,0,Source qty=0 — resource deployment only (idle/no-output day)
2026-02-07,saiffuddin,1.1,1.1,Site Establishment,10.000,m,2000.00,5000.00,1,1,
2026-02-07,vijaykumar,1.1,1.1,Site Establishment,350.000,cu.m.,0,3000.00,0,1,
2026-02-07,manzar,13.1.7(ix)b,13.0,Drainage,0.010,lin.m.,0,0,0,0,Source qty=0 — resource deployment only (idle/no-output day)
2026-02-07,sohail,13.1.7(ix)b,13.0,Drainage,0.010,Sqm,0,0,0,0,Source qty=0 — resource deployment only (idle/no-output day)
2026-02-07,manzar,13.1.7(ix)b1,13.0,Drainage,0.010,sq.m.,0,0,0,0,Source qty=0 — resource deployment only (idle/no-output day)
2026-02-07,kbarman,13.1.7(ix)b2,13.0,Drainage,0.010,lin.m.,0,0,0,0,Source qty=0 — resource deployment only (idle/no-output day)
2026-02-07,manzar,13.1.7(ix)b2,13.0,Drainage,0.010,cu.m.,0,0,0,0,Source qty=0 — resource deployment only (idle/no-output day)
2026-02-07,kbarman,18.3.6(i),18.3,Bituminous Layers,0.010,sq.m.,0,0,0,0,Source qty=0 — resource deployment only (idle/no-output day)
2026-02-07,parvaiz,18.3.6(i),18.3,Bituminous Layers,0.010,lin.m.,0,0,0,0,Source qty=0 — resource deployment only (idle/no-output day)
2026-02-07,kbarman,2.3.6(i),2.3,Bored Cast In-Situ Piling,0.010,cu.m.,0,0,0,0,Source qty=0 — resource deployment only (idle/no-output day)
2026-02-07,akmishra,2.3.6(i)a,2.3,Bored Cast In-Situ Piling,0.010,cu.m.,0,0,0,0,Source qty=0 — resource deployment only (idle/no-output day)
2026-02-07,illayaraja,2.3.6(i)a,2.3,Bored Cast In-Situ Piling,70.000,cu.m.,500.00,3000.00,1,1,
2026-02-07,ismaila,2.3.6(i)a,2.3,Bored Cast In-Situ Piling,300.000,sq.m.,2200.00,21000.00,2,2,
2026-02-07,kbarman,2.3.6(i)a,2.3,Bored Cast In-Situ Piling,0.010,cu.m.,0,0,0,0,Source qty=0 — resource deployment only (idle/no-output day)
2026-02-07,parvaiz,2.3.6(i)a,2.3,Bored Cast In-Situ Piling,0.010,lin.m.,0,0,0,0,Source qty=0 — resource deployment only (idle/no-output day)
2026-02-07,saiffuddin,2.3.6(i)a,2.3,Bored Cast In-Situ Piling,90.000,cu.m.,0,5000.00,0,1,
2026-02-07,vijaykumar,2.3.6(i)a,2.3,Bored Cast In-Situ Piling,1350.000,cu.m.,7400.00,87000.00,3,2,
2026-02-07,vpgupta,2.3.6(i)a,2.3,Bored Cast In-Situ Piling,0.010,cu.m.,0,0,0,0,Source qty=0 — resource deployment only (idle/no-output day)
2026-02-07,illayaraja,2.3.6(i)b,2.3,Bored Cast In-Situ Piling,0.010,cu.m.,0,0,0,0,Source qty=0 — resource deployment only (idle/no-output day)
2026-02-07,ismaila,2.3.6(i)b,2.3,Bored Cast In-Situ Piling,2000.000,cu.m.,0,12000.00,0,1,
2026-02-07,kbarman,2.3.6(i)b,2.3,Bored Cast In-Situ Piling,0.010,cu.m.,0,0,0,0,Source qty=0 — resource deployment only (idle/no-output day)
2026-02-07,saiffuddin,2.3.6(i)b,2.3,Bored Cast In-Situ Piling,0.010,cu.m.,2000.00,40000.00,2,3,Source qty=0 — resource deployment only (idle/no-output day)
2026-02-07,vijaykumar,2.3.6(i)b,2.3,Bored Cast In-Situ Piling,1100.000,cu.m.,0,0,0,0,
2026-02-07,akmishra,2.3.6(i)d,2.3,Bored Cast In-Situ Piling,0.010,Sqm,0,0,0,0,Source qty=0 — resource deployment only (idle/no-output day)
2026-02-07,illayaraja,2.3.6(i)d,2.3,Bored Cast In-Situ Piling,0.010,Sqm,0,0,0,0,Source qty=0 — resource deployment only (idle/no-output day)
2026-02-07,kbarman,2.3.6(i)d,2.3,Bored Cast In-Situ Piling,0.010,Sqm,0,0,0,0,Source qty=0 — resource deployment only (idle/no-output day)
2026-02-07,parvaiz,2.3.6(i)d,2.3,Bored Cast In-Situ Piling,0.010,cu.m.,0,0,0,0,Source qty=0 — resource deployment only (idle/no-output day)
2026-02-07,illayaraja,2.4.6(i),2.4,Pile Cap,10.000,cu.m.,5200.00,0,2,0,
2026-02-07,ismaila,2.4.6(i),2.4,Pile Cap,305.000,cu.m.,0,6500.00,0,2,
2026-02-07,kbarman,2.4.6(i),2.4,Pile Cap,250.000,cu.m.,1000.00,10000.00,1,1,
2026-02-07,parvaiz,2.4.6(i),2.4,Pile Cap,150.000,cu.m.,3000.00,15000.00,2,4,
2026-02-07,sanjar,2.4.6(i),2.4,Pile Cap,0.010,trip,0,0,0,0,Source qty=0 — resource deployment only (idle/no-output day)
2026-02-07,akmishra,2.4.6(i)a,2.4,Pile Cap,0.010,cu.m.,0,0,0,0,Source qty=0 — resource deployment only (idle/no-output day)
2026-02-07,illayaraja,2.4.6(i)a,2.4,Pile Cap,0.010,cu.m.,0,0,0,0,Source qty=0 — resource deployment only (idle/no-output day)
2026-02-07,sanjar,2.4.6(i)a,2.4,Pile Cap,0.010,cu.m.,0,0,0,0,Source qty=0 — resource deployment only (idle/no-output day)
2026-02-07,illayaraja,2.6.6(i),2.6,Pier,80.000,Sqm,2000.00,0,1,0,
2026-02-07,kbarman,2.6.6(i),2.6,Pier,0.010,cu.m.,0,0,0,0,Source qty=0 — resource deployment only (idle/no-output day)
2026-02-07,parvaiz,2.6.6(i),2.6,Pier,150.000,m,0,9000.00,0,2,
2026-02-07,vijaykumar,2.6.6(i),2.6,Pier,450.000,Sqm,0,41000.00,0,5,
2026-02-07,ismaila,2.6.6(i)a,2.6,Pier,400.000,cu.m.,500.00,13000.00,1,3,
2026-02-07,illayaraja,2.7.6 (i),2.7,Abutment,0.010,cu.m.,0,0,0,0,Source qty=0 — resource deployment only (idle/no-output day)
2026-02-07,kbarman,2.7.6 (i),2.7,Abutment,0.010,cu.m.,0,0,0,0,Source qty=0 — resource deployment only (idle/no-output day)
2026-02-07,parvaiz,2.7.6 (i),2.7,Abutment,0.010,cu.m.,0,0,0,0,Source qty=0 — resource deployment only (idle/no-output day)
2026-02-07,saiffuddin,2.7.6 (i),2.7,Abutment,220.000,cu.m.,0,8000.00,0,2,
2026-02-07,illayaraja,2.8.6 (i),2.8,Wing Walls,0.010,lin.m.,0,0,0,0,Source qty=0 — resource deployment only (idle/no-output day)
2026-02-07,kbarman,2.8.6 (i),2.8,Wing Walls,100.000,lin.m.,500.00,3000.00,1,1,
2026-02-07,illayaraja,3.2.6 (ii),3.2,Concrete RCC,0.010,lin.m.,0,0,0,0,Source qty=0 — resource deployment only (idle/no-output day)
2026-02-07,ismaila,3.2.6 (ii),3.2,Concrete RCC,0.010,cu.m.,0,0,0,0,Source qty=0 — resource deployment only (idle/no-output day)
2026-02-07,kbarman,3.2.6 (ii),3.2,Concrete RCC,150.000,lin.m.,1500.00,9000.00,1,2,
2026-02-07,parvaiz,3.2.6 (ii),3.2,Concrete RCC,0.010,lin.m.,0,0,0,0,Source qty=0 — resource deployment only (idle/no-output day)
2026-02-07,kbarman,3.2.6 (ii)a,3.2,Concrete RCC,0.010,cu.m.,0,0,0,0,Source qty=0 — resource deployment only (idle/no-output day)
2026-02-07,illayaraja,5.1.7 (iii),5.1,Bearings,0.010,Sqm,0,0,0,0,Source qty=0 — resource deployment only (idle/no-output day)
2026-02-07,ismaila,5.1.7 (iii),5.1,Bearings,675.000,cu.m.,0,9000.00,0,2,
2026-02-07,kbarman,5.1.7 (iii),5.1,Bearings,0.010,sq.m.,0,0,0,0,Source qty=0 — resource deployment only (idle/no-output day)
2026-02-07,manzar,5.1.7 (iii),5.1,Bearings,0.010,kg.,0,0,0,0,Source qty=0 — resource deployment only (idle/no-output day)
2026-02-07,parvaiz,5.1.7 (iii),5.1,Bearings,0.010,cu.m.,0,0,0,0,Source qty=0 — resource deployment only (idle/no-output day)
2026-02-07,sohail,5.1.7 (iii),5.1,Bearings,0.010,cu.m.,0,0,0,0,Source qty=0 — resource deployment only (idle/no-output day)
2026-02-07,illayaraja,5.1.7 (iii)a,5.1,Bearings,0.010,cu.m.,0,0,0,0,Source qty=0 — resource deployment only (idle/no-output day)
2026-02-07,manzar,5.1.7 (iii)a,5.1,Bearings,0.010,sq.m.,0,0,0,0,Source qty=0 — resource deployment only (idle/no-output day)
2026-02-07,sohail,5.1.7 (iii)a,5.1,Bearings,0.010,Sqm,0,0,0,0,Source qty=0 — resource deployment only (idle/no-output day)
2026-02-07,sohail,5.2.6 (ii),5.2,Expansion Joints,0.010,lin.m.,0,0,0,0,Source qty=0 — resource deployment only (idle/no-output day)
2026-02-07,manzar,5.2.6 (ii)a,5.2,Expansion Joints,0.010,Nos,0,0,0,0,Source qty=0 — resource deployment only (idle/no-output day)
2026-02-07,sohail,5.2.6 (ii)a,5.2,Expansion Joints,0.010,lin.m.,0,0,0,0,Source qty=0 — resource deployment only (idle/no-output day)
2026-02-07,manzar,9.1.6 (iii),9.0,Approach Slab,0.010,cu.m.,0,0,0,0,Source qty=0 — resource deployment only (idle/no-output day)
2026-02-07,illayaraja,9.1.6(ii),9.0,Approach Slab,175.000,cu.m.,5800.00,23000.00,2,4,
2026-02-07,kbarman,9.1.6(ii),9.0,Approach Slab,0.010,sq.m.,0,0,0,0,Source qty=0 — resource deployment only (idle/no-output day)
2026-02-07,manzar,9.1.6(ii),9.0,Approach Slab,0.010,Nos,0,0,0,0,Source qty=0 — resource deployment only (idle/no-output day)
2026-02-07,sohail,9.1.6(ii),9.0,Approach Slab,0.010,Sqm,0,0,0,0,Source qty=0 — resource deployment only (idle/no-output day)
2026-02-08,ismaila,1,1.0,Preliminaries,0.010,cu.m.,0,0,0,0,Source qty=0 — resource deployment only (idle/no-output day)
2026-02-08,sohail,1,1.0,Preliminaries,0.010,cu.m.,0,0,0,0,Source qty=0 — resource deployment only (idle/no-output day)
2026-02-08,akmishra,1.1,1.1,Site Establishment,0.010,lin.m.,0,0,0,0,Source qty=0 — resource deployment only (idle/no-output day)
2026-02-08,ismaila,1.1,1.1,Site Establishment,2250.000,Sqm,1700.00,18000.00,2,2,
2026-02-08,parvaiz,1.1,1.1,Site Establishment,0.010,cu.m.,0,0,0,0,Source qty=0 — resource deployment only (idle/no-output day)
2026-02-08,saiffuddin,1.1,1.1,Site Establishment,0.010,m,1500.00,0,1,0,Source qty=0 — resource deployment only (idle/no-output day)
2026-02-08,vijaykumar,1.1,1.1,Site Establishment,340.000,cu.m.,0,3000.00,0,1,
2026-02-08,manzar,13.1.7(ix)b,13.0,Drainage,0.010,lin.m.,0,0,0,0,Source qty=0 — resource deployment only (idle/no-output day)
2026-02-08,sohail,13.1.7(ix)b,13.0,Drainage,0.010,Sqm,0,0,0,0,Source qty=0 — resource deployment only (idle/no-output day)
2026-02-08,manzar,13.1.7(ix)b1,13.0,Drainage,0.010,sq.m.,0,0,0,0,Source qty=0 — resource deployment only (idle/no-output day)
2026-02-08,kbarman,13.1.7(ix)b2,13.0,Drainage,0.010,lin.m.,0,0,0,0,Source qty=0 — resource deployment only (idle/no-output day)
2026-02-08,manzar,13.1.7(ix)b2,13.0,Drainage,0.010,cu.m.,0,0,0,0,Source qty=0 — resource deployment only (idle/no-output day)
2026-02-08,kbarman,18.3.6(i),18.3,Bituminous Layers,0.010,sq.m.,0,0,0,0,Source qty=0 — resource deployment only (idle/no-output day)
2026-02-08,parvaiz,18.3.6(i),18.3,Bituminous Layers,0.010,lin.m.,0,0,0,0,Source qty=0 — resource deployment only (idle/no-output day)
2026-02-08,kbarman,2.3.6(i),2.3,Bored Cast In-Situ Piling,0.010,cu.m.,0,0,0,0,Source qty=0 — resource deployment only (idle/no-output day)
2026-02-08,akmishra,2.3.6(i)a,2.3,Bored Cast In-Situ Piling,0.010,cu.m.,0,0,0,0,Source qty=0 — resource deployment only (idle/no-output day)
2026-02-08,illayaraja,2.3.6(i)a,2.3,Bored Cast In-Situ Piling,80.000,cu.m.,1500.00,5000.00,1,1,
2026-02-08,kbarman,2.3.6(i)a,2.3,Bored Cast In-Situ Piling,0.010,cu.m.,0,0,0,0,Source qty=0 — resource deployment only (idle/no-output day)
2026-02-08,parvaiz,2.3.6(i)a,2.3,Bored Cast In-Situ Piling,0.010,lin.m.,0,0,0,0,Source qty=0 — resource deployment only (idle/no-output day)
2026-02-08,saiffuddin,2.3.6(i)a,2.3,Bored Cast In-Situ Piling,0.010,cu.m.,0,0,0,0,Source qty=0 — resource deployment only (idle/no-output day)
2026-02-08,vijaykumar,2.3.6(i)a,2.3,Bored Cast In-Situ Piling,1300.000,cu.m.,6900.00,104000.00,3,3,
2026-02-08,vpgupta,2.3.6(i)a,2.3,Bored Cast In-Situ Piling,0.010,cu.m.,0,0,0,0,Source qty=0 — resource deployment only (idle/no-output day)
2026-02-08,illayaraja,2.3.6(i)b,2.3,Bored Cast In-Situ Piling,0.010,cu.m.,0,0,0,0,Source qty=0 — resource deployment only (idle/no-output day)
2026-02-08,ismaila,2.3.6(i)b,2.3,Bored Cast In-Situ Piling,1200.000,cu.m.,0,15000.00,0,2,
2026-02-08,kbarman,2.3.6(i)b,2.3,Bored Cast In-Situ Piling,0.010,cu.m.,0,0,0,0,Source qty=0 — resource deployment only (idle/no-output day)
2026-02-08,saiffuddin,2.3.6(i)b,2.3,Bored Cast In-Situ Piling,850.000,cu.m.,2000.00,35000.00,2,3,
2026-02-08,akmishra,2.3.6(i)d,2.3,Bored Cast In-Situ Piling,0.010,Sqm,0,0,0,0,Source qty=0 — resource deployment only (idle/no-output day)
2026-02-08,illayaraja,2.3.6(i)d,2.3,Bored Cast In-Situ Piling,250.000,Sqm,500.00,5000.00,1,1,
2026-02-08,kbarman,2.3.6(i)d,2.3,Bored Cast In-Situ Piling,0.010,Sqm,0,0,0,0,Source qty=0 — resource deployment only (idle/no-output day)
2026-02-08,parvaiz,2.3.6(i)d,2.3,Bored Cast In-Situ Piling,0.010,cu.m.,0,0,0,0,Source qty=0 — resource deployment only (idle/no-output day)
2026-02-08,illayaraja,2.4.6(i),2.4,Pile Cap,170.000,cu.m.,3700.00,5500.00,2,2,
2026-02-08,ismaila,2.4.6(i),2.4,Pile Cap,315.000,cu.m.,0,9500.00,0,3,
2026-02-08,kbarman,2.4.6(i),2.4,Pile Cap,200.000,cu.m.,2000.00,14000.00,1,3,
2026-02-08,parvaiz,2.4.6(i),2.4,Pile Cap,0.010,cu.m.,0,0,0,0,Source qty=0 — resource deployment only (idle/no-output day)
2026-02-08,saiffuddin,2.4.6(i),2.4,Pile Cap,313.000,cu.m.,1500.00,15300.00,1,4,
2026-02-08,sanjar,2.4.6(i),2.4,Pile Cap,0.010,trip,0,0,0,0,Source qty=0 — resource deployment only (idle/no-output day)
2026-02-08,akmishra,2.4.6(i)a,2.4,Pile Cap,0.010,cu.m.,0,0,0,0,Source qty=0 — resource deployment only (idle/no-output day)
2026-02-08,illayaraja,2.4.6(i)a,2.4,Pile Cap,0.010,cu.m.,0,0,0,0,Source qty=0 — resource deployment only (idle/no-output day)
2026-02-08,sanjar,2.4.6(i)a,2.4,Pile Cap,0.010,cu.m.,0,0,0,0,Source qty=0 — resource deployment only (idle/no-output day)
2026-02-08,illayaraja,2.6.6(i),2.6,Pier,12.000,Sqm,4100.00,0,3,0,
2026-02-08,ismaila,2.6.6(i),2.6,Pier,195.000,cu.m.,500.00,12000.00,1,3,
2026-02-08,kbarman,2.6.6(i),2.6,Pier,0.010,cu.m.,0,0,0,0,Source qty=0 — resource deployment only (idle/no-output day)
2026-02-08,parvaiz,2.6.6(i),2.6,Pier,300.000,cu.m.,3500.00,13000.00,2,3,
2026-02-08,vijaykumar,2.6.6(i),2.6,Pier,1200.000,cu.m.,0,0,0,0,
2026-02-08,ismaila,2.6.6(i)a,2.6,Pier,450.000,cu.m.,500.00,8000.00,1,2,
2026-02-08,illayaraja,2.7.6 (i),2.7,Abutment,0.010,cu.m.,0,0,0,0,Source qty=0 — resource deployment only (idle/no-output day)
2026-02-08,kbarman,2.7.6 (i),2.7,Abutment,0.010,cu.m.,0,0,0,0,Source qty=0 — resource deployment only (idle/no-output day)
2026-02-08,parvaiz,2.7.6 (i),2.7,Abutment,0.010,cu.m.,0,0,0,0,Source qty=0 — resource deployment only (idle/no-output day)
2026-02-08,illayaraja,2.8.6 (i),2.8,Wing Walls,0.010,lin.m.,0,0,0,0,Source qty=0 — resource deployment only (idle/no-output day)
2026-02-08,kbarman,2.8.6 (i),2.8,Wing Walls,12.000,lin.m.,500.00,8000.00,1,2,
2026-02-08,illayaraja,3.2.6 (ii),3.2,Concrete RCC,0.010,lin.m.,0,0,0,0,Source qty=0 — resource deployment only (idle/no-output day)
2026-02-08,ismaila,3.2.6 (ii),3.2,Concrete RCC,0.010,cu.m.,0,0,0,0,Source qty=0 — resource deployment only (idle/no-output day)
2026-02-08,kbarman,3.2.6 (ii),3.2,Concrete RCC,80.000,lin.m.,1000.00,9000.00,1,2,
2026-02-08,parvaiz,3.2.6 (ii),3.2,Concrete RCC,0.010,lin.m.,0,0,0,0,Source qty=0 — resource deployment only (idle/no-output day)
2026-02-08,kbarman,3.2.6 (ii)a,3.2,Concrete RCC,0.010,cu.m.,0,0,0,0,Source qty=0 — resource deployment only (idle/no-output day)
2026-02-08,vijaykumar,3.3.6 (ii),3.3,Pre-stressed Members,750.000,Sqm,0,24000.00,0,3,
2026-02-08,illayaraja,5.1.7 (iii),5.1,Bearings,200.000,Sqm,0,5000.00,0,1,
2026-02-08,ismaila,5.1.7 (iii),5.1,Bearings,0.010,cu.m.,0,0,0,0,Source qty=0 — resource deployment only (idle/no-output day)
2026-02-08,kbarman,5.1.7 (iii),5.1,Bearings,90.000,cu.m.,1000.00,8000.00,1,2,
2026-02-08,manzar,5.1.7 (iii),5.1,Bearings,0.010,kg.,0,0,0,0,Source qty=0 — resource deployment only (idle/no-output day)
2026-02-08,parvaiz,5.1.7 (iii),5.1,Bearings,0.010,cu.m.,0,0,0,0,Source qty=0 — resource deployment only (idle/no-output day)
2026-02-08,sohail,5.1.7 (iii),5.1,Bearings,0.010,cu.m.,0,0,0,0,Source qty=0 — resource deployment only (idle/no-output day)
2026-02-08,illayaraja,5.1.7 (iii)a,5.1,Bearings,0.010,cu.m.,0,0,0,0,Source qty=0 — resource deployment only (idle/no-output day)
2026-02-08,manzar,5.1.7 (iii)a,5.1,Bearings,0.010,sq.m.,0,0,0,0,Source qty=0 — resource deployment only (idle/no-output day)
2026-02-08,sohail,5.1.7 (iii)a,5.1,Bearings,0.010,Sqm,0,0,0,0,Source qty=0 — resource deployment only (idle/no-output day)
2026-02-08,sohail,5.2.6 (ii),5.2,Expansion Joints,0.010,lin.m.,0,0,0,0,Source qty=0 — resource deployment only (idle/no-output day)
2026-02-08,manzar,5.2.6 (ii)a,5.2,Expansion Joints,0.010,Nos,0,0,0,0,Source qty=0 — resource deployment only (idle/no-output day)
2026-02-08,sohail,5.2.6 (ii)a,5.2,Expansion Joints,0.010,lin.m.,0,0,0,0,Source qty=0 — resource deployment only (idle/no-output day)
2026-02-08,manzar,9.1.6 (iii),9.0,Approach Slab,0.010,cu.m.,0,0,0,0,Source qty=0 — resource deployment only (idle/no-output day)
2026-02-08,illayaraja,9.1.6(ii),9.0,Approach Slab,16.000,cu.m.,5300.00,7000.00,2,3,
2026-02-08,kbarman,9.1.6(ii),9.0,Approach Slab,0.010,sq.m.,0,0,0,0,Source qty=0 — resource deployment only (idle/no-output day)
2026-02-08,manzar,9.1.6(ii),9.0,Approach Slab,0.010,Nos,0,0,0,0,Source qty=0 — resource deployment only (idle/no-output day)
2026-02-08,sohail,9.1.6(ii),9.0,Approach Slab,0.010,Sqm,0,0,0,0,Source qty=0 — resource deployment only (idle/no-output day)
2026-02-09,akmishra,1.1,1.1,Site Establishment,0.010,lin.m.,0,0,0,0,Source qty=0 — resource deployment only (idle/no-output day)
2026-02-09,ismaila,1.1,1.1,Site Establishment,0.010,Sqm,0,0,0,0,Source qty=0 — resource deployment only (idle/no-output day)
2026-02-09,parvaiz,1.1,1.1,Site Establishment,0.010,cu.m.,0,0,0,0,Source qty=0 — resource deployment only (idle/no-output day)
2026-02-09,saiffuddin,1.1,1.1,Site Establishment,0.010,m,1500.00,0,1,0,Source qty=0 — resource deployment only (idle/no-output day)
2026-02-09,vijaykumar,1.1,1.1,Site Establishment,250.000,cu.m.,0,3000.00,0,1,
2026-02-09,anirban,13.1.7(ix)b,13.0,Drainage,70.000,sq.m.,8800.00,6000.00,1,1,
2026-02-09,anirban,13.1.7(ix)b1,13.0,Drainage,702.000,kg.,4500.00,0,1,0,
2026-02-09,kbarman,13.1.7(ix)b2,13.0,Drainage,0.010,lin.m.,0,0,0,0,Source qty=0 — resource deployment only (idle/no-output day)
2026-02-09,kbarman,18.3.6(i),18.3,Bituminous Layers,0.010,sq.m.,0,0,0,0,Source qty=0 — resource deployment only (idle/no-output day)
2026-02-09,parvaiz,18.3.6(i),18.3,Bituminous Layers,0.010,lin.m.,0,0,0,0,Source qty=0 — resource deployment only (idle/no-output day)
2026-02-09,ismaila,2.3.6(i),2.3,Bored Cast In-Situ Piling,450.000,cu.m.,0,3000.00,0,1,
2026-02-09,kbarman,2.3.6(i),2.3,Bored Cast In-Situ Piling,0.010,cu.m.,0,0,0,0,Source qty=0 — resource deployment only (idle/no-output day)
2026-02-09,akmishra,2.3.6(i)a,2.3,Bored Cast In-Situ Piling,0.010,cu.m.,0,0,0,0,Source qty=0 — resource deployment only (idle/no-output day)
2026-02-09,illayaraja,2.3.6(i)a,2.3,Bored Cast In-Situ Piling,150.000,cu.m.,1500.00,7500.00,1,2,
2026-02-09,ismaila,2.3.6(i)a,2.3,Bored Cast In-Situ Piling,300.000,cu.m.,1700.00,15000.00,2,1,
2026-02-09,kbarman,2.3.6(i)a,2.3,Bored Cast In-Situ Piling,0.010,cu.m.,0,0,0,0,Source qty=0 — resource deployment only (idle/no-output day)
2026-02-09,parvaiz,2.3.6(i)a,2.3,Bored Cast In-Situ Piling,0.010,lin.m.,0,0,0,0,Source qty=0 — resource deployment only (idle/no-output day)
2026-02-09,saiffuddin,2.3.6(i)a,2.3,Bored Cast In-Situ Piling,0.010,cu.m.,0,0,0,0,Source qty=0 — resource deployment only (idle/no-output day)
2026-02-09,vijaykumar,2.3.6(i)a,2.3,Bored Cast In-Situ Piling,1250.000,cu.m.,5200.00,78000.00,3,2,
2026-02-09,vpgupta,2.3.6(i)a,2.3,Bored Cast In-Situ Piling,0.010,cu.m.,0,0,0,0,Source qty=0 — resource deployment only (idle/no-output day)
2026-02-09,illayaraja,2.3.6(i)b,2.3,Bored Cast In-Situ Piling,0.010,cu.m.,0,0,0,0,Source qty=0 — resource deployment only (idle/no-output day)
2026-02-09,ismaila,2.3.6(i)b,2.3,Bored Cast In-Situ Piling,1700.000,cu.m.,500.00,30500.00,1,5,
2026-02-09,kbarman,2.3.6(i)b,2.3,Bored Cast In-Situ Piling,0.010,cu.m.,0,0,0,0,Source qty=0 — resource deployment only (idle/no-output day)
2026-02-09,saiffuddin,2.3.6(i)b,2.3,Bored Cast In-Situ Piling,750.000,cu.m.,2000.00,40000.00,2,3,
2026-02-09,akmishra,2.3.6(i)d,2.3,Bored Cast In-Situ Piling,0.010,Sqm,0,0,0,0,Source qty=0 — resource deployment only (idle/no-output day)
2026-02-09,illayaraja,2.3.6(i)d,2.3,Bored Cast In-Situ Piling,200.000,Sqm,500.00,5000.00,1,1,
2026-02-09,kbarman,2.3.6(i)d,2.3,Bored Cast In-Situ Piling,0.010,Sqm,0,0,0,0,Source qty=0 — resource deployment only (idle/no-output day)
2026-02-09,parvaiz,2.3.6(i)d,2.3,Bored Cast In-Situ Piling,0.010,cu.m.,0,0,0,0,Source qty=0 — resource deployment only (idle/no-output day)
2026-02-09,illayaraja,2.4.6(i),2.4,Pile Cap,0.010,cu.m.,0,0,0,0,Source qty=0 — resource deployment only (idle/no-output day)
2026-02-09,kbarman,2.4.6(i),2.4,Pile Cap,120.000,cu.m.,3000.00,21000.00,2,5,
2026-02-09,parvaiz,2.4.6(i),2.4,Pile Cap,0.010,cu.m.,0,0,0,0,Source qty=0 — resource deployment only (idle/no-output day)
2026-02-09,saiffuddin,2.4.6(i),2.4,Pile Cap,240.000,cu.m.,1500.00,17300.00,1,3,
2026-02-09,sanjar,2.4.6(i),2.4,Pile Cap,0.010,trip,0,0,0,0,Source qty=0 — resource deployment only (idle/no-output day)
2026-02-09,akmishra,2.4.6(i)a,2.4,Pile Cap,0.010,cu.m.,0,0,0,0,Source qty=0 — resource deployment only (idle/no-output day)
2026-02-09,illayaraja,2.4.6(i)a,2.4,Pile Cap,0.010,cu.m.,0,0,0,0,Source qty=0 — resource deployment only (idle/no-output day)
2026-02-09,sanjar,2.4.6(i)a,2.4,Pile Cap,0.010,cu.m.,0,0,0,0,Source qty=0 — resource deployment only (idle/no-output day)
2026-02-09,illayaraja,2.6.6(i),2.6,Pier,200.000,Sqm,8800.00,3000.00,5,1,
2026-02-09,ismaila,2.6.6(i),2.6,Pier,550.000,cu.m.,500.00,8000.00,1,2,
2026-02-09,kbarman,2.6.6(i),2.6,Pier,0.010,cu.m.,0,0,0,0,Source qty=0 — resource deployment only (idle/no-output day)
2026-02-09,parvaiz,2.6.6(i),2.6,Pier,0.010,cu.m.,0,0,0,0,Source qty=0 — resource deployment only (idle/no-output day)
2026-02-09,vijaykumar,2.6.6(i),2.6,Pier,1450.000,cu.m.,0,0,0,0,
2026-02-09,ismaila,2.6.6(i)a,2.6,Pier,0.010,cu.m.,0,0,0,0,Source qty=0 — resource deployment only (idle/no-output day)
2026-02-09,illayaraja,2.7.6 (i),2.7,Abutment,0.010,cu.m.,0,0,0,0,Source qty=0 — resource deployment only (idle/no-output day)
2026-02-09,kbarman,2.7.6 (i),2.7,Abutment,250.000,lin.m.,1000.00,3000.00,1,1,
2026-02-09,parvaiz,2.7.6 (i),2.7,Abutment,0.010,cu.m.,0,0,0,0,Source qty=0 — resource deployment only (idle/no-output day)
2026-02-09,vijaykumar,2.7.6 (i),2.7,Abutment,300.000,cu.m.,0,0,0,0,
2026-02-09,illayaraja,2.8.6 (i),2.8,Wing Walls,0.010,lin.m.,0,0,0,0,Source qty=0 — resource deployment only (idle/no-output day)
2026-02-09,kbarman,2.8.6 (i),2.8,Wing Walls,0.010,lin.m.,0,0,0,0,Source qty=0 — resource deployment only (idle/no-output day)
2026-02-09,illayaraja,3.2.6 (ii),3.2,Concrete RCC,0.010,lin.m.,0,0,0,0,Source qty=0 — resource deployment only (idle/no-output day)
2026-02-09,ismaila,3.2.6 (ii),3.2,Concrete RCC,300.000,cu.m.,0,0,0,0,
2026-02-09,kbarman,3.2.6 (ii),3.2,Concrete RCC,130.000,cu.m.,1500.00,9000.00,1,2,
2026-02-09,parvaiz,3.2.6 (ii),3.2,Concrete RCC,360.000,cu.m.,3000.00,15000.00,2,4,
2026-02-09,kbarman,3.2.6 (ii)a,3.2,Concrete RCC,0.010,cu.m.,0,0,0,0,Source qty=0 — resource deployment only (idle/no-output day)
2026-02-09,vijaykumar,3.3.6 (ii),3.3,Pre-stressed Members,800.000,Sqm,0,21000.00,0,2,
2026-02-09,illayaraja,5.1.7 (iii),5.1,Bearings,10.000,cu.m.,2500.00,0,1,0,
2026-02-09,ismaila,5.1.7 (iii),5.1,Bearings,0.010,cu.m.,0,0,0,0,Source qty=0 — resource deployment only (idle/no-output day)
2026-02-09,kbarman,5.1.7 (iii),5.1,Bearings,0.010,cu.m.,0,0,0,0,Source qty=0 — resource deployment only (idle/no-output day)
2026-02-09,parvaiz,5.1.7 (iii),5.1,Bearings,0.010,cu.m.,0,0,0,0,Source qty=0 — resource deployment only (idle/no-output day)
2026-02-09,illayaraja,5.1.7 (iii)a,5.1,Bearings,0.010,cu.m.,0,0,0,0,Source qty=0 — resource deployment only (idle/no-output day)
2026-02-09,illayaraja,9.1.6(ii),9.0,Approach Slab,70.000,cu.m.,5300.00,15000.00,2,4,
2026-02-09,kbarman,9.1.6(ii),9.0,Approach Slab,0.010,sq.m.,0,0,0,0,Source qty=0 — resource deployment only (idle/no-output day)
2026-02-10,akmishra,1.1,1.1,Site Establishment,0.010,lin.m.,0,0,0,0,Source qty=0 — resource deployment only (idle/no-output day)
2026-02-10,ismaila,1.1,1.1,Site Establishment,350.000,cu.m.,500.00,13000.00,1,2,
2026-02-10,parvaiz,1.1,1.1,Site Establishment,0.010,cu.m.,0,0,0,0,Source qty=0 — resource deployment only (idle/no-output day)
2026-02-10,saiffuddin,1.1,1.1,Site Establishment,0.010,m,1500.00,0,1,0,Source qty=0 — resource deployment only (idle/no-output day)
2026-02-10,vijaykumar,1.1,1.1,Site Establishment,650.000,cu.m.,0,3000.00,0,1,
2026-02-10,anirban,13.1.7(ix)b,13.0,Drainage,40.000,sq.m.,8000.00,0,1,0,
2026-02-10,anirban,13.1.7(ix)b1,13.0,Drainage,380.000,kg.,2700.00,0,1,0,
2026-02-10,kbarman,13.1.7(ix)b2,13.0,Drainage,0.010,lin.m.,0,0,0,0,Source qty=0 — resource deployment only (idle/no-output day)
2026-02-10,kbarman,18.3.6,18.3,Bituminous Layers,1.000,Nos,1000.00,3000.00,1,1,
2026-02-10,kbarman,18.3.6(i),18.3,Bituminous Layers,0.010,Nos,0,0,0,0,Source qty=0 — resource deployment only (idle/no-output day)
2026-02-10,parvaiz,18.3.6(i),18.3,Bituminous Layers,0.010,lin.m.,0,0,0,0,Source qty=0 — resource deployment only (idle/no-output day)
2026-02-10,ismaila,2.3.6(i),2.3,Bored Cast In-Situ Piling,0.010,cu.m.,0,0,0,0,Source qty=0 — resource deployment only (idle/no-output day)
2026-02-10,kbarman,2.3.6(i),2.3,Bored Cast In-Situ Piling,0.010,cu.m.,0,0,0,0,Source qty=0 — resource deployment only (idle/no-output day)
2026-02-10,akmishra,2.3.6(i)a,2.3,Bored Cast In-Situ Piling,0.010,cu.m.,0,0,0,0,Source qty=0 — resource deployment only (idle/no-output day)
2026-02-10,illayaraja,2.3.6(i)a,2.3,Bored Cast In-Situ Piling,0.010,cu.m.,0,0,0,0,Source qty=0 — resource deployment only (idle/no-output day)
2026-02-10,ismaila,2.3.6(i)a,2.3,Bored Cast In-Situ Piling,0.010,cu.m.,0,0,0,0,Source qty=0 — resource deployment only (idle/no-output day)
2026-02-10,kbarman,2.3.6(i)a,2.3,Bored Cast In-Situ Piling,0.010,cu.m.,0,0,0,0,Source qty=0 — resource deployment only (idle/no-output day)
2026-02-10,parvaiz,2.3.6(i)a,2.3,Bored Cast In-Situ Piling,0.010,lin.m.,0,0,0,0,Source qty=0 — resource deployment only (idle/no-output day)
2026-02-10,saiffuddin,2.3.6(i)a,2.3,Bored Cast In-Situ Piling,0.010,cu.m.,0,0,0,0,Source qty=0 — resource deployment only (idle/no-output day)
2026-02-10,vijaykumar,2.3.6(i)a,2.3,Bored Cast In-Situ Piling,1720.000,cu.m.,2000.00,103000.00,2,4,
2026-02-10,vpgupta,2.3.6(i)a,2.3,Bored Cast In-Situ Piling,0.010,cu.m.,0,0,0,0,Source qty=0 — resource deployment only (idle/no-output day)
2026-02-10,illayaraja,2.3.6(i)b,2.3,Bored Cast In-Situ Piling,0.010,cu.m.,0,0,0,0,Source qty=0 — resource deployment only (idle/no-output day)
2026-02-10,ismaila,2.3.6(i)b,2.3,Bored Cast In-Situ Piling,2300.000,cu.m.,1700.00,22000.00,2,2,
2026-02-10,kbarman,2.3.6(i)b,2.3,Bored Cast In-Situ Piling,0.010,cu.m.,0,0,0,0,Source qty=0 — resource deployment only (idle/no-output day)
2026-02-10,saiffuddin,2.3.6(i)b,2.3,Bored Cast In-Situ Piling,950.000,cu.m.,2000.00,40000.00,2,3,
2026-02-10,akmishra,2.3.6(i)d,2.3,Bored Cast In-Situ Piling,0.010,Sqm,0,0,0,0,Source qty=0 — resource deployment only (idle/no-output day)
2026-02-10,illayaraja,2.3.6(i)d,2.3,Bored Cast In-Situ Piling,200.000,Sqm,500.00,5000.00,1,1,
2026-02-10,kbarman,2.3.6(i)d,2.3,Bored Cast In-Situ Piling,0.010,Sqm,0,0,0,0,Source qty=0 — resource deployment only (idle/no-output day)
2026-02-10,parvaiz,2.3.6(i)d,2.3,Bored Cast In-Situ Piling,0.010,cu.m.,0,0,0,0,Source qty=0 — resource deployment only (idle/no-output day)
2026-02-10,illayaraja,2.4.6(i),2.4,Pile Cap,10.000,cu.m.,2500.00,0,1,0,
2026-02-10,ismaila,2.4.6(i),2.4,Pile Cap,560.000,cu.m.,500.00,18500.00,1,4,
2026-02-10,kbarman,2.4.6(i),2.4,Pile Cap,160.000,cu.m.,3000.00,18000.00,1,2,
2026-02-10,parvaiz,2.4.6(i),2.4,Pile Cap,0.010,cu.m.,0,0,0,0,Source qty=0 — resource deployment only (idle/no-output day)
2026-02-10,saiffuddin,2.4.6(i),2.4,Pile Cap,343.000,cu.m.,1500.00,25300.00,1,4,
2026-02-10,sanjar,2.4.6(i),2.4,Pile Cap,0.010,trip,0,0,0,0,Source qty=0 — resource deployment only (idle/no-output day)
2026-02-10,akmishra,2.4.6(i)a,2.4,Pile Cap,0.010,cu.m.,0,0,0,0,Source qty=0 — resource deployment only (idle/no-output day)
2026-02-10,illayaraja,2.4.6(i)a,2.4,Pile Cap,0.010,cu.m.,0,0,0,0,Source qty=0 — resource deployment only (idle/no-output day)
2026-02-10,sanjar,2.4.6(i)a,2.4,Pile Cap,0.010,cu.m.,0,0,0,0,Source qty=0 — resource deployment only (idle/no-output day)
2026-02-10,illayaraja,2.6.6(i),2.6,Pier,12.000,Sqm,2600.00,0,2,0,
2026-02-10,ismaila,2.6.6(i),2.6,Pier,400.000,cu.m.,0,8000.00,0,2,
2026-02-10,kbarman,2.6.6(i),2.6,Pier,0.010,cu.m.,0,0,0,0,Source qty=0 — resource deployment only (idle/no-output day)
2026-02-10,parvaiz,2.6.6(i),2.6,Pier,12.000,Sqm,4100.00,0,3,0,
2026-02-10,vijaykumar,2.6.6(i),2.6,Pier,1200.000,cu.m.,0,0,0,0,
2026-02-10,illayaraja,2.7.6 (i),2.7,Abutment,0.010,cu.m.,0,0,0,0,Source qty=0 — resource deployment only (idle/no-output day)
2026-02-10,kbarman,2.7.6 (i),2.7,Abutment,0.010,lin.m.,0,0,0,0,Source qty=0 — resource deployment only (idle/no-output day)
2026-02-10,parvaiz,2.7.6 (i),2.7,Abutment,0.010,cu.m.,0,0,0,0,Source qty=0 — resource deployment only (idle/no-output day)
2026-02-10,vijaykumar,2.7.6 (i),2.7,Abutment,0.010,cu.m.,0,0,0,0,Source qty=0 — resource deployment only (idle/no-output day)
2026-02-10,illayaraja,2.8.6 (i),2.8,Wing Walls,0.010,lin.m.,0,0,0,0,Source qty=0 — resource deployment only (idle/no-output day)
2026-02-10,kbarman,2.8.6 (i),2.8,Wing Walls,0.010,lin.m.,0,0,0,0,Source qty=0 — resource deployment only (idle/no-output day)
2026-02-10,illayaraja,3.2.6 (ii),3.2,Concrete RCC,0.010,lin.m.,0,0,0,0,Source qty=0 — resource deployment only (idle/no-output day)
2026-02-10,ismaila,3.2.6 (ii),3.2,Concrete RCC,0.010,cu.m.,0,0,0,0,Source qty=0 — resource deployment only (idle/no-output day)
2026-02-10,kbarman,3.2.6 (ii),3.2,Concrete RCC,20.000,cu.m.,1000.00,5500.00,1,2,
2026-02-10,parvaiz,3.2.6 (ii),3.2,Concrete RCC,0.010,cu.m.,0,0,0,0,Source qty=0 — resource deployment only (idle/no-output day)
2026-02-10,kbarman,3.2.6 (ii)a,3.2,Concrete RCC,0.010,cu.m.,0,0,0,0,Source qty=0 — resource deployment only (idle/no-output day)
2026-02-10,vijaykumar,3.3.6 (ii),3.3,Pre-stressed Members,800.000,Sqm,0,11000.00,0,2,
2026-02-10,anirban,5.1.7 (iii),5.1,Bearings,37.000,cu.m.,2400.00,0,1,0,
2026-02-10,illayaraja,5.1.7 (iii),5.1,Bearings,0.010,cu.m.,3200.00,0,1,0,Source qty=0 — resource deployment only (idle/no-output day)
2026-02-10,ismaila,5.1.7 (iii),5.1,Bearings,0.010,cu.m.,0,0,0,0,Source qty=0 — resource deployment only (idle/no-output day)
2026-02-10,kbarman,5.1.7 (iii),5.1,Bearings,3.000,Nos,1000.00,10000.00,1,1,
2026-02-10,parvaiz,5.1.7 (iii),5.1,Bearings,0.010,cu.m.,0,0,0,0,Source qty=0 — resource deployment only (idle/no-output day)
2026-02-10,illayaraja,9.1.6(ii),9.0,Approach Slab,300.000,cu.m.,7800.00,28500.00,2,5,
2026-02-10,kbarman,9.1.6(ii),9.0,Approach Slab,0.010,sq.m.,0,0,0,0,Source qty=0 — resource deployment only (idle/no-output day)
2026-02-11,akmishra,1.1,1.1,Site Establishment,0.010,lin.m.,0,0,0,0,Source qty=0 — resource deployment only (idle/no-output day)
2026-02-11,ismaila,1.1,1.1,Site Establishment,0.010,cu.m.,0,0,0,0,Source qty=0 — resource deployment only (idle/no-output day)
2026-02-11,parvaiz,1.1,1.1,Site Establishment,0.010,cu.m.,0,0,0,0,Source qty=0 — resource deployment only (idle/no-output day)
2026-02-11,saiffuddin,1.1,1.1,Site Establishment,0.010,m,1500.00,0,1,0,Source qty=0 — resource deployment only (idle/no-output day)
2026-02-11,vijaykumar,1.1,1.1,Site Establishment,300.000,cu.m.,0,0,0,0,
2026-02-11,kbarman,13.1.7(ix)b2,13.0,Drainage,0.010,lin.m.,0,0,0,0,Source qty=0 — resource deployment only (idle/no-output day)
2026-02-11,kbarman,18.3.6,18.3,Bituminous Layers,0.010,Nos,1500.00,3000.00,1,1,Source qty=0 — resource deployment only (idle/no-output day)
2026-02-11,kbarman,18.3.6(i),18.3,Bituminous Layers,0.010,Nos,0,0,0,0,Source qty=0 — resource deployment only (idle/no-output day)
2026-02-11,parvaiz,18.3.6(i),18.3,Bituminous Layers,0.010,lin.m.,0,0,0,0,Source qty=0 — resource deployment only (idle/no-output day)
2026-02-11,ismaila,2.3.6(i),2.3,Bored Cast In-Situ Piling,0.010,cu.m.,0,0,0,0,Source qty=0 — resource deployment only (idle/no-output day)
2026-02-11,kbarman,2.3.6(i),2.3,Bored Cast In-Situ Piling,0.010,cu.m.,0,0,0,0,Source qty=0 — resource deployment only (idle/no-output day)
2026-02-11,akmishra,2.3.6(i)a,2.3,Bored Cast In-Situ Piling,0.010,cu.m.,0,0,0,0,Source qty=0 — resource deployment only (idle/no-output day)
2026-02-11,illayaraja,2.3.6(i)a,2.3,Bored Cast In-Situ Piling,300.000,sq.m.,1500.00,5500.00,1,2,
2026-02-11,ismaila,2.3.6(i)a,2.3,Bored Cast In-Situ Piling,630.000,cu.m.,0,10000.00,0,1,
2026-02-11,kbarman,2.3.6(i)a,2.3,Bored Cast In-Situ Piling,0.010,cu.m.,0,0,0,0,Source qty=0 — resource deployment only (idle/no-output day)
2026-02-11,parvaiz,2.3.6(i)a,2.3,Bored Cast In-Situ Piling,0.010,lin.m.,0,0,0,0,Source qty=0 — resource deployment only (idle/no-output day)
2026-02-11,saiffuddin,2.3.6(i)a,2.3,Bored Cast In-Situ Piling,0.010,cu.m.,0,0,0,0,Source qty=0 — resource deployment only (idle/no-output day)
2026-02-11,vijaykumar,2.3.6(i)a,2.3,Bored Cast In-Situ Piling,1250.000,cu.m.,1000.00,92000.00,1,3,
2026-02-11,vpgupta,2.3.6(i)a,2.3,Bored Cast In-Situ Piling,0.010,cu.m.,0,0,0,0,Source qty=0 — resource deployment only (idle/no-output day)
2026-02-11,illayaraja,2.3.6(i)b,2.3,Bored Cast In-Situ Piling,0.010,cu.m.,0,0,0,0,Source qty=0 — resource deployment only (idle/no-output day)
2026-02-11,ismaila,2.3.6(i)b,2.3,Bored Cast In-Situ Piling,850.000,cu.m.,1700.00,14000.00,2,3,
2026-02-11,kbarman,2.3.6(i)b,2.3,Bored Cast In-Situ Piling,0.010,cu.m.,0,0,0,0,Source qty=0 — resource deployment only (idle/no-output day)
2026-02-11,saiffuddin,2.3.6(i)b,2.3,Bored Cast In-Situ Piling,720.000,cu.m.,2000.00,40000.00,2,3,
2026-02-11,akmishra,2.3.6(i)d,2.3,Bored Cast In-Situ Piling,0.010,Sqm,0,0,0,0,Source qty=0 — resource deployment only (idle/no-output day)
2026-02-11,illayaraja,2.3.6(i)d,2.3,Bored Cast In-Situ Piling,200.000,Sqm,500.00,5000.00,1,1,
2026-02-11,kbarman,2.3.6(i)d,2.3,Bored Cast In-Situ Piling,0.010,Sqm,0,0,0,0,Source qty=0 — resource deployment only (idle/no-output day)
2026-02-11,parvaiz,2.3.6(i)d,2.3,Bored Cast In-Situ Piling,0.010,cu.m.,0,0,0,0,Source qty=0 — resource deployment only (idle/no-output day)
2026-02-11,vijaykumar,2.3.6(i)d,2.3,Bored Cast In-Situ Piling,0.010,cu.m.,0,0,0,0,Source qty=0 — resource deployment only (idle/no-output day)
2026-02-11,illayaraja,2.4.6(i),2.4,Pile Cap,0.010,cu.m.,0,0,0,0,Source qty=0 — resource deployment only (idle/no-output day)
2026-02-11,ismaila,2.4.6(i),2.4,Pile Cap,405.000,cu.m.,500.00,18500.00,1,4,
2026-02-11,kbarman,2.4.6(i),2.4,Pile Cap,120.000,cu.m.,1500.00,9000.00,1,2,
2026-02-11,parvaiz,2.4.6(i),2.4,Pile Cap,0.010,cu.m.,0,0,0,0,Source qty=0 — resource deployment only (idle/no-output day)
2026-02-11,saiffuddin,2.4.6(i),2.4,Pile Cap,620.000,cu.m.,1500.00,25300.00,1,4,
2026-02-11,sanjar,2.4.6(i),2.4,Pile Cap,0.010,trip,0,0,0,0,Source qty=0 — resource deployment only (idle/no-output day)
2026-02-11,akmishra,2.4.6(i)a,2.4,Pile Cap,0.010,cu.m.,0,0,0,0,Source qty=0 — resource deployment only (idle/no-output day)
2026-02-11,illayaraja,2.4.6(i)a,2.4,Pile Cap,0.010,cu.m.,0,0,0,0,Source qty=0 — resource deployment only (idle/no-output day)
2026-02-11,sanjar,2.4.6(i)a,2.4,Pile Cap,0.010,cu.m.,0,0,0,0,Source qty=0 — resource deployment only (idle/no-output day)
2026-02-11,illayaraja,2.6.6(i),2.6,Pier,80.000,Sqm,7300.00,0,4,0,
2026-02-11,kbarman,2.6.6(i),2.6,Pier,120.000,cu.m.,1500.00,9000.00,1,2,
2026-02-11,parvaiz,2.6.6(i),2.6,Pier,0.010,Sqm,0,0,0,0,Source qty=0 — resource deployment only (idle/no-output day)
2026-02-11,vijaykumar,2.6.6(i),2.6,Pier,0.010,cu.m.,0,0,0,0,Source qty=0 — resource deployment only (idle/no-output day)
2026-02-11,ismaila,2.6.6(i)a,2.6,Pier,430.000,cu.m.,500.00,13000.00,1,3,
2026-02-11,illayaraja,2.7.6 (i),2.7,Abutment,0.010,cu.m.,0,0,0,0,Source qty=0 — resource deployment only (idle/no-output day)
2026-02-11,kbarman,2.7.6 (i),2.7,Abutment,0.010,lin.m.,0,0,0,0,Source qty=0 — resource deployment only (idle/no-output day)
2026-02-11,parvaiz,2.7.6 (i),2.7,Abutment,0.010,cu.m.,0,0,0,0,Source qty=0 — resource deployment only (idle/no-output day)
2026-02-11,illayaraja,2.8.6 (i),2.8,Wing Walls,0.010,lin.m.,0,0,0,0,Source qty=0 — resource deployment only (idle/no-output day)
2026-02-11,kbarman,2.8.6 (i),2.8,Wing Walls,0.010,lin.m.,0,0,0,0,Source qty=0 — resource deployment only (idle/no-output day)
2026-02-11,illayaraja,3.2.6 (ii),3.2,Concrete RCC,0.010,lin.m.,0,0,0,0,Source qty=0 — resource deployment only (idle/no-output day)
2026-02-11,ismaila,3.2.6 (ii),3.2,Concrete RCC,0.010,cu.m.,0,0,0,0,Source qty=0 — resource deployment only (idle/no-output day)
2026-02-11,kbarman,3.2.6 (ii),3.2,Concrete RCC,0.010,cu.m.,0,0,0,0,Source qty=0 — resource deployment only (idle/no-output day)
2026-02-11,parvaiz,3.2.6 (ii),3.2,Concrete RCC,0.010,cu.m.,0,0,0,0,Source qty=0 — resource deployment only (idle/no-output day)
2026-02-11,kbarman,3.2.6 (ii)a,3.2,Concrete RCC,0.010,cu.m.,0,0,0,0,Source qty=0 — resource deployment only (idle/no-output day)
2026-02-11,vijaykumar,3.2.6 (ii)a,3.2,Concrete RCC,1500.000,Sqm,4700.00,30000.00,3,2,
2026-02-11,anirban,5.1.7 (iii),5.1,Bearings,62.000,cu.m.,1600.00,0,1,0,
2026-02-11,illayaraja,5.1.7 (iii),5.1,Bearings,0.010,cu.m.,0,0,0,0,Source qty=0 — resource deployment only (idle/no-output day)
2026-02-11,ismaila,5.1.7 (iii),5.1,Bearings,0.010,cu.m.,0,0,0,0,Source qty=0 — resource deployment only (idle/no-output day)
2026-02-11,kbarman,5.1.7 (iii),5.1,Bearings,100.000,sq.m.,1000.00,2500.00,1,1,
2026-02-11,parvaiz,5.1.7 (iii),5.1,Bearings,0.010,cu.m.,0,0,0,0,Source qty=0 — resource deployment only (idle/no-output day)
2026-02-11,anirban,5.1.7 (iii)a,5.1,Bearings,45.000,sq.m.,8800.00,0,1,0,
2026-02-11,anirban,5.2.6 (ii)a,5.2,Expansion Joints,654.000,kg.,5400.00,0,1,0,
2026-02-11,illayaraja,9.1.6(ii),9.0,Approach Slab,200.000,sq.m.,6300.00,20000.00,2,4,
2026-02-11,kbarman,9.1.6(ii),9.0,Approach Slab,0.010,sq.m.,0,0,0,0,Source qty=0 — resource deployment only (idle/no-output day)
2026-02-12,akmishra,1.1,1.1,Site Establishment,0.010,lin.m.,0,0,0,0,Source qty=0 — resource deployment only (idle/no-output day)
2026-02-12,ismaila,1.1,1.1,Site Establishment,0.010,cu.m.,0,0,0,0,Source qty=0 — resource deployment only (idle/no-output day)
2026-02-12,parvaiz,1.1,1.1,Site Establishment,0.010,cu.m.,0,0,0,0,Source qty=0 — resource deployment only (idle/no-output day)
2026-02-12,saiffuddin,1.1,1.1,Site Establishment,0.010,m,1500.00,0,1,0,Source qty=0 — resource deployment only (idle/no-output day)
2026-02-12,vijaykumar,1.1,1.1,Site Establishment,300.000,cu.m.,0,3000.00,0,1,
2026-02-12,kbarman,13.1.7(ix)b2,13.0,Drainage,0.010,lin.m.,0,0,0,0,Source qty=0 — resource deployment only (idle/no-output day)
2026-02-12,kbarman,18.3.6,18.3,Bituminous Layers,0.010,Nos,0,0,0,0,Source qty=0 — resource deployment only (idle/no-output day)
2026-02-12,kbarman,18.3.6(i),18.3,Bituminous Layers,4.500,cu.m.,1000.00,2000.00,1,1,
2026-02-12,parvaiz,18.3.6(i),18.3,Bituminous Layers,0.010,lin.m.,0,0,0,0,Source qty=0 — resource deployment only (idle/no-output day)
2026-02-12,ismaila,2.3.6(i),2.3,Bored Cast In-Situ Piling,0.010,cu.m.,0,0,0,0,Source qty=0 — resource deployment only (idle/no-output day)
2026-02-12,kbarman,2.3.6(i),2.3,Bored Cast In-Situ Piling,0.010,cu.m.,0,0,0,0,Source qty=0 — resource deployment only (idle/no-output day)
2026-02-12,akmishra,2.3.6(i)a,2.3,Bored Cast In-Situ Piling,0.010,cu.m.,0,0,0,0,Source qty=0 — resource deployment only (idle/no-output day)
2026-02-12,illayaraja,2.3.6(i)a,2.3,Bored Cast In-Situ Piling,300.000,sq.m.,1500.00,5500.00,1,2,
2026-02-12,ismaila,2.3.6(i)a,2.3,Bored Cast In-Situ Piling,990.000,cu.m.,500.00,23000.00,1,2,
2026-02-12,kbarman,2.3.6(i)a,2.3,Bored Cast In-Situ Piling,0.010,cu.m.,0,0,0,0,Source qty=0 — resource deployment only (idle/no-output day)
2026-02-12,parvaiz,2.3.6(i)a,2.3,Bored Cast In-Situ Piling,0.010,lin.m.,0,0,0,0,Source qty=0 — resource deployment only (idle/no-output day)
2026-02-12,saiffuddin,2.3.6(i)a,2.3,Bored Cast In-Situ Piling,0.010,cu.m.,0,0,0,0,Source qty=0 — resource deployment only (idle/no-output day)
2026-02-12,vijaykumar,2.3.6(i)a,2.3,Bored Cast In-Situ Piling,1250.000,cu.m.,5700.00,79000.00,3,2,
2026-02-12,vpgupta,2.3.6(i)a,2.3,Bored Cast In-Situ Piling,0.010,cu.m.,0,0,0,0,Source qty=0 — resource deployment only (idle/no-output day)
2026-02-12,illayaraja,2.3.6(i)b,2.3,Bored Cast In-Situ Piling,0.010,cu.m.,0,0,0,0,Source qty=0 — resource deployment only (idle/no-output day)
2026-02-12,ismaila,2.3.6(i)b,2.3,Bored Cast In-Situ Piling,1300.000,cu.m.,1700.00,17000.00,2,2,
2026-02-12,kbarman,2.3.6(i)b,2.3,Bored Cast In-Situ Piling,0.010,cu.m.,0,0,0,0,Source qty=0 — resource deployment only (idle/no-output day)
2026-02-12,saiffuddin,2.3.6(i)b,2.3,Bored Cast In-Situ Piling,820.000,cu.m.,2000.00,35000.00,2,3,
2026-02-12,akmishra,2.3.6(i)d,2.3,Bored Cast In-Situ Piling,0.010,Sqm,0,0,0,0,Source qty=0 — resource deployment only (idle/no-output day)
2026-02-12,illayaraja,2.3.6(i)d,2.3,Bored Cast In-Situ Piling,200.000,Sqm,500.00,5000.00,1,1,
2026-02-12,kbarman,2.3.6(i)d,2.3,Bored Cast In-Situ Piling,0.010,Sqm,0,0,0,0,Source qty=0 — resource deployment only (idle/no-output day)
2026-02-12,parvaiz,2.3.6(i)d,2.3,Bored Cast In-Situ Piling,0.010,cu.m.,0,0,0,0,Source qty=0 — resource deployment only (idle/no-output day)
2026-02-12,vijaykumar,2.3.6(i)d,2.3,Bored Cast In-Situ Piling,270.000,sq.m.,0,0,0,0,
2026-02-12,illayaraja,2.4.6(i),2.4,Pile Cap,0.010,cu.m.,0,0,0,0,Source qty=0 — resource deployment only (idle/no-output day)
2026-02-12,ismaila,2.4.6(i),2.4,Pile Cap,0.010,cu.m.,0,0,0,0,Source qty=0 — resource deployment only (idle/no-output day)
2026-02-12,kbarman,2.4.6(i),2.4,Pile Cap,0.010,cu.m.,0,0,0,0,Source qty=0 — resource deployment only (idle/no-output day)
2026-02-12,parvaiz,2.4.6(i),2.4,Pile Cap,0.010,cu.m.,0,0,0,0,Source qty=0 — resource deployment only (idle/no-output day)
2026-02-12,saiffuddin,2.4.6(i),2.4,Pile Cap,600.000,cu.m.,1000.00,13000.00,1,2,
2026-02-12,sanjar,2.4.6(i),2.4,Pile Cap,0.010,trip,0,0,0,0,Source qty=0 — resource deployment only (idle/no-output day)
2026-02-12,akmishra,2.4.6(i)a,2.4,Pile Cap,0.010,cu.m.,0,0,0,0,Source qty=0 — resource deployment only (idle/no-output day)
2026-02-12,illayaraja,2.4.6(i)a,2.4,Pile Cap,0.010,cu.m.,0,0,0,0,Source qty=0 — resource deployment only (idle/no-output day)
2026-02-12,sanjar,2.4.6(i)a,2.4,Pile Cap,0.010,cu.m.,0,0,0,0,Source qty=0 — resource deployment only (idle/no-output day)
2026-02-12,illayaraja,2.6.6(i),2.6,Pier,85.000,Sqm,1500.00,3000.00,1,1,
2026-02-12,ismaila,2.6.6(i),2.6,Pier,415.000,cu.m.,500.00,8000.00,1,2,
2026-02-12,kbarman,2.6.6(i),2.6,Pier,0.010,cu.m.,0,0,0,0,Source qty=0 — resource deployment only (idle/no-output day)
2026-02-12,parvaiz,2.6.6(i),2.6,Pier,0.010,Sqm,0,0,0,0,Source qty=0 — resource deployment only (idle/no-output day)
2026-02-12,vijaykumar,2.6.6(i)a,2.6,Pier,1300.000,cu.m.,0,0,0,0,
2026-02-12,illayaraja,2.7.6 (i),2.7,Abutment,0.010,cu.m.,0,0,0,0,Source qty=0 — resource deployment only (idle/no-output day)
2026-02-12,kbarman,2.7.6 (i),2.7,Abutment,0.010,lin.m.,0,0,0,0,Source qty=0 — resource deployment only (idle/no-output day)
2026-02-12,parvaiz,2.7.6 (i),2.7,Abutment,0.010,cu.m.,0,0,0,0,Source qty=0 — resource deployment only (idle/no-output day)
2026-02-12,illayaraja,2.8.6 (i),2.8,Wing Walls,0.010,lin.m.,0,0,0,0,Source qty=0 — resource deployment only (idle/no-output day)
2026-02-12,kbarman,2.8.6 (i),2.8,Wing Walls,0.010,lin.m.,0,0,0,0,Source qty=0 — resource deployment only (idle/no-output day)
2026-02-12,illayaraja,3.2.6 (ii),3.2,Concrete RCC,0.010,lin.m.,0,0,0,0,Source qty=0 — resource deployment only (idle/no-output day)
2026-02-12,ismaila,3.2.6 (ii),3.2,Concrete RCC,270.000,cu.m.,0,13500.00,0,3,
2026-02-12,kbarman,3.2.6 (ii),3.2,Concrete RCC,210.000,cu.m.,1500.00,9000.00,1,2,
2026-02-12,parvaiz,3.2.6 (ii),3.2,Concrete RCC,0.010,cu.m.,0,0,0,0,Source qty=0 — resource deployment only (idle/no-output day)
2026-02-12,kbarman,3.2.6 (ii)a,3.2,Concrete RCC,0.010,cu.m.,0,0,0,0,Source qty=0 — resource deployment only (idle/no-output day)
2026-02-12,vijaykumar,3.3.6 (ii),3.3,Pre-stressed Members,600.000,Sqm,0,16000.00,0,1,
2026-02-12,anirban,5.1.7 (iii),5.1,Bearings,0.010,cu.m.,0,0,0,0,Source qty=0 — resource deployment only (idle/no-output day)
2026-02-12,illayaraja,5.1.7 (iii),5.1,Bearings,6.000,cu.m.,3200.00,0,1,0,
2026-02-12,ismaila,5.1.7 (iii),5.1,Bearings,0.010,cu.m.,0,0,0,0,Source qty=0 — resource deployment only (idle/no-output day)
2026-02-12,kbarman,5.1.7 (iii),5.1,Bearings,6.000,cu.m.,1500.00,2000.00,1,1,
2026-02-12,parvaiz,5.1.7 (iii),5.1,Bearings,0.010,cu.m.,0,0,0,0,Source qty=0 — resource deployment only (idle/no-output day)
2026-02-12,anirban,5.1.7 (iii)a,5.1,Bearings,90.000,sq.m.,12000.00,12000.00,1,1,
2026-02-12,anirban,5.2.6 (ii)a,5.2,Expansion Joints,0.010,kg.,0,0,0,0,Source qty=0 — resource deployment only (idle/no-output day)
2026-02-12,illayaraja,5.2.6 (ii)a,5.2,Expansion Joints,12.000,cu.m.,4100.00,0,3,0,
2026-02-12,illayaraja,9.1.6(ii),9.0,Approach Slab,200.000,cu.m.,5300.00,15000.00,2,4,
2026-02-12,kbarman,9.1.6(ii),9.0,Approach Slab,0.010,sq.m.,0,0,0,0,Source qty=0 — resource deployment only (idle/no-output day)
2026-02-13,akmishra,1.1,1.1,Site Establishment,0.010,lin.m.,0,0,0,0,Source qty=0 — resource deployment only (idle/no-output day)
2026-02-13,ismaila,1.1,1.1,Site Establishment,0.010,cu.m.,0,0,0,0,Source qty=0 — resource deployment only (idle/no-output day)
2026-02-13,parvaiz,1.1,1.1,Site Establishment,0.010,cu.m.,0,0,0,0,Source qty=0 — resource deployment only (idle/no-output day)
2026-02-13,saiffuddin,1.1,1.1,Site Establishment,0.010,m,500.00,0,1,0,Source qty=0 — resource deployment only (idle/no-output day)
2026-02-13,vijaykumar,1.1,1.1,Site Establishment,0.010,cu.m.,0,0,0,0,Source qty=0 — resource deployment only (idle/no-output day)
2026-02-13,kbarman,13.1.7(ix)b2,13.0,Drainage,0.010,lin.m.,0,0,0,0,Source qty=0 — resource deployment only (idle/no-output day)
2026-02-13,kbarman,18.3.6,18.3,Bituminous Layers,0.010,Nos,0,0,0,0,Source qty=0 — resource deployment only (idle/no-output day)
2026-02-13,kbarman,18.3.6(i),18.3,Bituminous Layers,170.000,cu.m.,3000.00,3000.00,1,1,
2026-02-13,parvaiz,18.3.6(i),18.3,Bituminous Layers,0.010,lin.m.,0,0,0,0,Source qty=0 — resource deployment only (idle/no-output day)
2026-02-13,ismaila,2.3.6(i),2.3,Bored Cast In-Situ Piling,0.010,cu.m.,0,0,0,0,Source qty=0 — resource deployment only (idle/no-output day)
2026-02-13,kbarman,2.3.6(i),2.3,Bored Cast In-Situ Piling,0.010,cu.m.,0,0,0,0,Source qty=0 — resource deployment only (idle/no-output day)
2026-02-13,akmishra,2.3.6(i)a,2.3,Bored Cast In-Situ Piling,0.010,cu.m.,0,0,0,0,Source qty=0 — resource deployment only (idle/no-output day)
2026-02-13,illayaraja,2.3.6(i)a,2.3,Bored Cast In-Situ Piling,0.010,sq.m.,0,0,0,0,Source qty=0 — resource deployment only (idle/no-output day)
2026-02-13,ismaila,2.3.6(i)a,2.3,Bored Cast In-Situ Piling,190.000,cu.m.,0,13000.00,0,2,
2026-02-13,kbarman,2.3.6(i)a,2.3,Bored Cast In-Situ Piling,70.000,lin.m.,1000.00,3000.00,1,1,
2026-02-13,parvaiz,2.3.6(i)a,2.3,Bored Cast In-Situ Piling,0.010,lin.m.,0,0,0,0,Source qty=0 — resource deployment only (idle/no-output day)
2026-02-13,saiffuddin,2.3.6(i)a,2.3,Bored Cast In-Situ Piling,0.010,cu.m.,0,0,0,0,Source qty=0 — resource deployment only (idle/no-output day)
2026-02-13,vijaykumar,2.3.6(i)a,2.3,Bored Cast In-Situ Piling,0.010,cu.m.,0,0,0,0,Source qty=0 — resource deployment only (idle/no-output day)
2026-02-13,vpgupta,2.3.6(i)a,2.3,Bored Cast In-Situ Piling,0.010,cu.m.,0,0,0,0,Source qty=0 — resource deployment only (idle/no-output day)
2026-02-13,illayaraja,2.3.6(i)b,2.3,Bored Cast In-Situ Piling,0.010,cu.m.,0,0,0,0,Source qty=0 — resource deployment only (idle/no-output day)
2026-02-13,ismaila,2.3.6(i)b,2.3,Bored Cast In-Situ Piling,680.000,cu.m.,1700.00,17000.00,2,2,
2026-02-13,kbarman,2.3.6(i)b,2.3,Bored Cast In-Situ Piling,0.010,cu.m.,0,0,0,0,Source qty=0 — resource deployment only (idle/no-output day)
2026-02-13,saiffuddin,2.3.6(i)b,2.3,Bored Cast In-Situ Piling,550.000,cu.m.,1500.00,35000.00,1,3,
2026-02-13,akmishra,2.3.6(i)d,2.3,Bored Cast In-Situ Piling,0.010,Sqm,0,0,0,0,Source qty=0 — resource deployment only (idle/no-output day)
2026-02-13,illayaraja,2.3.6(i)d,2.3,Bored Cast In-Situ Piling,0.010,Sqm,0,0,0,0,Source qty=0 — resource deployment only (idle/no-output day)
2026-02-13,kbarman,2.3.6(i)d,2.3,Bored Cast In-Situ Piling,0.010,Sqm,0,0,0,0,Source qty=0 — resource deployment only (idle/no-output day)
2026-02-13,parvaiz,2.3.6(i)d,2.3,Bored Cast In-Situ Piling,0.010,cu.m.,0,0,0,0,Source qty=0 — resource deployment only (idle/no-output day)
2026-02-13,vijaykumar,2.3.6(i)d,2.3,Bored Cast In-Situ Piling,0.010,sq.m.,0,0,0,0,Source qty=0 — resource deployment only (idle/no-output day)
2026-02-13,illayaraja,2.4.6(i),2.4,Pile Cap,0.010,cu.m.,0,0,0,0,Source qty=0 — resource deployment only (idle/no-output day)
2026-02-13,ismaila,2.4.6(i),2.4,Pile Cap,0.010,cu.m.,0,0,0,0,Source qty=0 — resource deployment only (idle/no-output day)
2026-02-13,kbarman,2.4.6(i),2.4,Pile Cap,0.010,cu.m.,0,0,0,0,Source qty=0 — resource deployment only (idle/no-output day)
2026-02-13,parvaiz,2.4.6(i),2.4,Pile Cap,0.010,cu.m.,0,0,0,0,Source qty=0 — resource deployment only (idle/no-output day)
2026-02-13,saiffuddin,2.4.6(i),2.4,Pile Cap,256.000,cu.m.,1000.00,13000.00,1,2,
2026-02-13,sanjar,2.4.6(i),2.4,Pile Cap,0.010,trip,0,0,0,0,Source qty=0 — resource deployment only (idle/no-output day)
2026-02-13,akmishra,2.4.6(i)a,2.4,Pile Cap,0.010,cu.m.,0,0,0,0,Source qty=0 — resource deployment only (idle/no-output day)
2026-02-13,illayaraja,2.4.6(i)a,2.4,Pile Cap,0.010,cu.m.,0,0,0,0,Source qty=0 — resource deployment only (idle/no-output day)
2026-02-13,sanjar,2.4.6(i)a,2.4,Pile Cap,0.010,cu.m.,0,0,0,0,Source qty=0 — resource deployment only (idle/no-output day)
2026-02-13,illayaraja,2.6.6(i),2.6,Pier,80.000,Sqm,1500.00,5000.00,1,2,
2026-02-13,kbarman,2.6.6(i),2.6,Pier,0.010,cu.m.,0,0,0,0,Source qty=0 — resource deployment only (idle/no-output day)
2026-02-13,parvaiz,2.6.6(i),2.6,Pier,0.010,Sqm,0,0,0,0,Source qty=0 — resource deployment only (idle/no-output day)
2026-02-13,ismaila,2.6.6(i)a,2.6,Pier,210.000,cu.m.,500.00,8000.00,1,2,
2026-02-13,vijaykumar,2.6.6(i)a,2.6,Pier,0.010,cu.m.,0,0,0,0,Source qty=0 — resource deployment only (idle/no-output day)
2026-02-13,illayaraja,2.7.6 (i),2.7,Abutment,0.010,cu.m.,0,0,0,0,Source qty=0 — resource deployment only (idle/no-output day)
2026-02-13,kbarman,2.7.6 (i),2.7,Abutment,0.010,lin.m.,0,0,0,0,Source qty=0 — resource deployment only (idle/no-output day)
2026-02-13,parvaiz,2.7.6 (i),2.7,Abutment,0.010,cu.m.,0,0,0,0,Source qty=0 — resource deployment only (idle/no-output day)
2026-02-13,illayaraja,2.8.6 (i),2.8,Wing Walls,0.010,lin.m.,0,0,0,0,Source qty=0 — resource deployment only (idle/no-output day)
2026-02-13,kbarman,2.8.6 (i),2.8,Wing Walls,0.010,lin.m.,0,0,0,0,Source qty=0 — resource deployment only (idle/no-output day)
2026-02-13,illayaraja,3.2.6 (ii),3.2,Concrete RCC,0.010,lin.m.,0,0,0,0,Source qty=0 — resource deployment only (idle/no-output day)
2026-02-13,ismaila,3.2.6 (ii),3.2,Concrete RCC,270.000,cu.m.,500.00,18000.00,1,3,
2026-02-13,kbarman,3.2.6 (ii),3.2,Concrete RCC,0.010,cu.m.,0,0,0,0,Source qty=0 — resource deployment only (idle/no-output day)
2026-02-13,parvaiz,3.2.6 (ii),3.2,Concrete RCC,0.010,cu.m.,0,0,0,0,Source qty=0 — resource deployment only (idle/no-output day)
2026-02-13,kbarman,3.2.6 (ii)a,3.2,Concrete RCC,0.010,cu.m.,0,0,0,0,Source qty=0 — resource deployment only (idle/no-output day)
2026-02-13,vijaykumar,3.3.6 (ii),3.3,Pre-stressed Members,0.010,Sqm,0,0,0,0,Source qty=0 — resource deployment only (idle/no-output day)
2026-02-13,ismaila,5.1.7 (iii),5.1,Bearings,0.010,cu.m.,0,0,0,0,Source qty=0 — resource deployment only (idle/no-output day)
2026-02-13,kbarman,5.1.7 (iii),5.1,Bearings,120.000,sq.m.,1500.00,5000.00,1,1,
2026-02-13,parvaiz,5.1.7 (iii),5.1,Bearings,0.010,cu.m.,0,0,0,0,Source qty=0 — resource deployment only (idle/no-output day)
2026-02-13,illayaraja,5.1.7 (iii)a,5.1,Bearings,22.000,Sqm,2300.00,0,2,0,
2026-02-13,illayaraja,5.2.6 (ii)a,5.2,Expansion Joints,50.000,kg.,2700.00,0,1,0,
2026-02-13,illayaraja,9.1.6(ii),9.0,Approach Slab,0.010,cu.m.,0,0,0,0,Source qty=0 — resource deployment only (idle/no-output day)
2026-02-13,kbarman,9.1.6(ii),9.0,Approach Slab,0.010,sq.m.,0,0,0,0,Source qty=0 — resource deployment only (idle/no-output day)
2026-02-14,akmishra,1.1,1.1,Site Establishment,0.010,lin.m.,0,0,0,0,Source qty=0 — resource deployment only (idle/no-output day)
2026-02-14,ismaila,1.1,1.1,Site Establishment,0.010,cu.m.,0,0,0,0,Source qty=0 — resource deployment only (idle/no-output day)
2026-02-14,parvaiz,1.1,1.1,Site Establishment,0.010,cu.m.,0,0,0,0,Source qty=0 — resource deployment only (idle/no-output day)
2026-02-14,saiffuddin,1.1,1.1,Site Establishment,30.000,m,1500.00,12300.00,1,3,
2026-02-14,vijaykumar,1.1,1.1,Site Establishment,400.000,cu.m.,0,3000.00,0,1,
2026-02-14,kbarman,13.1.7(ix)b2,13.0,Drainage,0.010,lin.m.,0,0,0,0,Source qty=0 — resource deployment only (idle/no-output day)
2026-02-14,kbarman,18.3.6,18.3,Bituminous Layers,0.010,Nos,0,0,0,0,Source qty=0 — resource deployment only (idle/no-output day)
2026-02-14,kbarman,18.3.6(i),18.3,Bituminous Layers,230.000,lin.m.,4000.00,8000.00,1,2,
2026-02-14,parvaiz,18.3.6(i),18.3,Bituminous Layers,0.010,lin.m.,0,0,0,0,Source qty=0 — resource deployment only (idle/no-output day)
2026-02-14,kbarman,18.3.6(ii),18.3,Bituminous Layers,0.010,cu.m.,1500.00,3000.00,1,1,Source qty=0 — resource deployment only (idle/no-output day)
2026-02-14,ismaila,2.3.6(i),2.3,Bored Cast In-Situ Piling,680.000,cu.m.,0,0,0,0,
2026-02-14,kbarman,2.3.6(i),2.3,Bored Cast In-Situ Piling,0.010,cu.m.,0,0,0,0,Source qty=0 — resource deployment only (idle/no-output day)
2026-02-14,akmishra,2.3.6(i)a,2.3,Bored Cast In-Situ Piling,0.010,cu.m.,0,0,0,0,Source qty=0 — resource deployment only (idle/no-output day)
2026-02-14,illayaraja,2.3.6(i)a,2.3,Bored Cast In-Situ Piling,300.000,sq.m.,1500.00,5500.00,1,2,
2026-02-14,ismaila,2.3.6(i)a,2.3,Bored Cast In-Situ Piling,1600.000,cu.m.,500.00,18000.00,1,2,
2026-02-14,kbarman,2.3.6(i)a,2.3,Bored Cast In-Situ Piling,0.010,lin.m.,0,0,0,0,Source qty=0 — resource deployment only (idle/no-output day)
2026-02-14,parvaiz,2.3.6(i)a,2.3,Bored Cast In-Situ Piling,0.010,lin.m.,0,0,0,0,Source qty=0 — resource deployment only (idle/no-output day)
2026-02-14,saiffuddin,2.3.6(i)a,2.3,Bored Cast In-Situ Piling,50.000,cu.m.,500.00,5000.00,1,1,
2026-02-14,vijaykumar,2.3.6(i)a,2.3,Bored Cast In-Situ Piling,1250.000,cu.m.,6400.00,93000.00,3,2,
2026-02-14,vpgupta,2.3.6(i)a,2.3,Bored Cast In-Situ Piling,0.010,cu.m.,0,0,0,0,Source qty=0 — resource deployment only (idle/no-output day)
2026-02-14,illayaraja,2.3.6(i)b,2.3,Bored Cast In-Situ Piling,0.010,cu.m.,0,0,0,0,Source qty=0 — resource deployment only (idle/no-output day)
2026-02-14,ismaila,2.3.6(i)b,2.3,Bored Cast In-Situ Piling,1650.000,cu.m.,0,17000.00,0,2,
2026-02-14,kbarman,2.3.6(i)b,2.3,Bored Cast In-Situ Piling,0.010,cu.m.,0,0,0,0,Source qty=0 — resource deployment only (idle/no-output day)
2026-02-14,saiffuddin,2.3.6(i)b,2.3,Bored Cast In-Situ Piling,850.000,cu.m.,2500.00,30000.00,2,3,
2026-02-14,akmishra,2.3.6(i)d,2.3,Bored Cast In-Situ Piling,0.010,Sqm,0,0,0,0,Source qty=0 — resource deployment only (idle/no-output day)
2026-02-14,illayaraja,2.3.6(i)d,2.3,Bored Cast In-Situ Piling,0.010,Sqm,0,0,0,0,Source qty=0 — resource deployment only (idle/no-output day)
2026-02-14,kbarman,2.3.6(i)d,2.3,Bored Cast In-Situ Piling,0.010,Sqm,0,0,0,0,Source qty=0 — resource deployment only (idle/no-output day)
2026-02-14,parvaiz,2.3.6(i)d,2.3,Bored Cast In-Situ Piling,0.010,cu.m.,0,0,0,0,Source qty=0 — resource deployment only (idle/no-output day)
2026-02-14,akmishra,2.4.6(i),2.4,Pile Cap,150.000,cu.m.,0,3000.00,0,1,
2026-02-14,illayaraja,2.4.6(i),2.4,Pile Cap,0.010,cu.m.,0,0,0,0,Source qty=0 — resource deployment only (idle/no-output day)
2026-02-14,ismaila,2.4.6(i),2.4,Pile Cap,0.010,cu.m.,0,0,0,0,Source qty=0 — resource deployment only (idle/no-output day)
2026-02-14,kbarman,2.4.6(i),2.4,Pile Cap,0.010,cu.m.,0,0,0,0,Source qty=0 — resource deployment only (idle/no-output day)
2026-02-14,parvaiz,2.4.6(i),2.4,Pile Cap,0.010,cu.m.,0,0,0,0,Source qty=0 — resource deployment only (idle/no-output day)
2026-02-14,saiffuddin,2.4.6(i),2.4,Pile Cap,260.000,cu.m.,500.00,8000.00,1,2,
2026-02-14,sanjar,2.4.6(i),2.4,Pile Cap,0.010,trip,0,0,0,0,Source qty=0 — resource deployment only (idle/no-output day)
2026-02-14,vijaykumar,2.4.6(i),2.4,Pile Cap,600.000,cu.m.,0,0,0,0,
2026-02-14,illayaraja,2.4.6(i)a,2.4,Pile Cap,0.010,cu.m.,0,0,0,0,Source qty=0 — resource deployment only (idle/no-output day)
2026-02-14,sanjar,2.4.6(i)a,2.4,Pile Cap,0.010,cu.m.,0,0,0,0,Source qty=0 — resource deployment only (idle/no-output day)
2026-02-14,illayaraja,2.6.6(i),2.6,Pier,80.000,Sqm,1000.00,3000.00,1,1,
2026-02-14,kbarman,2.6.6(i),2.6,Pier,0.010,cu.m.,0,0,0,0,Source qty=0 — resource deployment only (idle/no-output day)
2026-02-14,parvaiz,2.6.6(i),2.6,Pier,668.000,Sqm,3500.00,6500.00,2,2,
2026-02-14,ismaila,2.6.6(i)a,2.6,Pier,400.000,cu.m.,500.00,13000.00,1,3,
2026-02-14,illayaraja,2.7.6 (i),2.7,Abutment,0.010,cu.m.,0,0,0,0,Source qty=0 — resource deployment only (idle/no-output day)
2026-02-14,kbarman,2.7.6 (i),2.7,Abutment,0.010,lin.m.,0,0,0,0,Source qty=0 — resource deployment only (idle/no-output day)
2026-02-14,parvaiz,2.7.6 (i),2.7,Abutment,0.010,cu.m.,0,0,0,0,Source qty=0 — resource deployment only (idle/no-output day)
2026-02-14,illayaraja,2.8.6 (i),2.8,Wing Walls,0.010,lin.m.,0,0,0,0,Source qty=0 — resource deployment only (idle/no-output day)
2026-02-14,kbarman,2.8.6 (i),2.8,Wing Walls,0.010,lin.m.,0,0,0,0,Source qty=0 — resource deployment only (idle/no-output day)
2026-02-14,ismaila,3.2.6 (ii),3.2,Concrete RCC,375.000,cu.m.,1700.00,13500.00,2,3,
2026-02-14,kbarman,3.2.6 (ii),3.2,Concrete RCC,0.010,cu.m.,0,0,0,0,Source qty=0 — resource deployment only (idle/no-output day)
2026-02-14,parvaiz,3.2.6 (ii),3.2,Concrete RCC,0.010,cu.m.,0,0,0,0,Source qty=0 — resource deployment only (idle/no-output day)
2026-02-14,vijaykumar,3.3.6 (ii)a,3.3,Pre-stressed Members,700.000,cu.m.,0,0,0,0,
2026-02-14,illayaraja,5.1.7 (iii),5.1,Bearings,400.000,lin.m.,3700.00,3000.00,2,1,
2026-02-14,ismaila,5.1.7 (iii),5.1,Bearings,0.010,cu.m.,0,0,0,0,Source qty=0 — resource deployment only (idle/no-output day)
2026-02-14,kbarman,5.1.7 (iii),5.1,Bearings,282.000,sq.m.,4500.00,0,1,0,
2026-02-14,parvaiz,5.1.7 (iii),5.1,Bearings,0.010,cu.m.,0,0,0,0,Source qty=0 — resource deployment only (idle/no-output day)
2026-02-14,vijaykumar,5.1.7 (iii),5.1,Bearings,480.000,cu.m.,0,21000.00,0,3,
2026-02-14,anirban,5.1.7 (iii)a,5.1,Bearings,120.000,sq.m.,9600.00,0,1,0,
2026-02-14,illayaraja,5.1.7 (iii)a,5.1,Bearings,12.000,Sqm,4100.00,0,3,0,
2026-02-14,anirban,5.2.6 (ii)a,5.2,Expansion Joints,410.000,kg.,4500.00,0,1,0,
2026-02-14,illayaraja,5.2.6 (ii)a,5.2,Expansion Joints,0.010,kg.,0,0,0,0,Source qty=0 — resource deployment only (idle/no-output day)
2026-02-14,illayaraja,9.1.6(ii),9.0,Approach Slab,200.000,sq.m.,500.00,10000.00,1,1,
2026-02-14,kbarman,9.1.6(ii),9.0,Approach Slab,0.010,sq.m.,0,0,0,0,Source qty=0 — resource deployment only (idle/no-output day)
2026-02-15,akmishra,1.1,1.1,Site Establishment,0.010,lin.m.,0,0,0,0,Source qty=0 — resource deployment only (idle/no-output day)
2026-02-15,ismaila,1.1,1.1,Site Establishment,1250.000,cu.m.,0,16000.00,0,2,
2026-02-15,parvaiz,1.1,1.1,Site Establishment,0.010,cu.m.,0,0,0,0,Source qty=0 — resource deployment only (idle/no-output day)
2026-02-15,saiffuddin,1.1,1.1,Site Establishment,63.000,m,1500.00,12300.00,1,3,
2026-02-15,vijaykumar,1.1,1.1,Site Establishment,0.010,cu.m.,0,0,0,0,Source qty=0 — resource deployment only (idle/no-output day)
2026-02-15,kbarman,13.1.7(ix)b2,13.0,Drainage,0.010,lin.m.,0,0,0,0,Source qty=0 — resource deployment only (idle/no-output day)
2026-02-15,kbarman,18.3.6,18.3,Bituminous Layers,0.010,Nos,0,0,0,0,Source qty=0 — resource deployment only (idle/no-output day)
2026-02-15,kbarman,18.3.6(i),18.3,Bituminous Layers,0.010,lin.m.,0,0,0,0,Source qty=0 — resource deployment only (idle/no-output day)
2026-02-15,parvaiz,18.3.6(i),18.3,Bituminous Layers,0.010,lin.m.,0,0,0,0,Source qty=0 — resource deployment only (idle/no-output day)
2026-02-15,kbarman,18.3.6(ii),18.3,Bituminous Layers,0.010,cu.m.,0,0,0,0,Source qty=0 — resource deployment only (idle/no-output day)
2026-02-15,ismaila,2.3.6(i),2.3,Bored Cast In-Situ Piling,0.010,cu.m.,0,0,0,0,Source qty=0 — resource deployment only (idle/no-output day)
2026-02-15,kbarman,2.3.6(i),2.3,Bored Cast In-Situ Piling,0.010,cu.m.,0,0,0,0,Source qty=0 — resource deployment only (idle/no-output day)
2026-02-15,akmishra,2.3.6(i)a,2.3,Bored Cast In-Situ Piling,0.010,cu.m.,0,0,0,0,Source qty=0 — resource deployment only (idle/no-output day)
2026-02-15,illayaraja,2.3.6(i)a,2.3,Bored Cast In-Situ Piling,80.000,cu.m.,1500.00,5000.00,1,1,
2026-02-15,ismaila,2.3.6(i)a,2.3,Bored Cast In-Situ Piling,768.000,cu.m.,0,5000.00,0,1,
2026-02-15,kbarman,2.3.6(i)a,2.3,Bored Cast In-Situ Piling,0.010,lin.m.,0,0,0,0,Source qty=0 — resource deployment only (idle/no-output day)
2026-02-15,parvaiz,2.3.6(i)a,2.3,Bored Cast In-Situ Piling,0.010,lin.m.,0,0,0,0,Source qty=0 — resource deployment only (idle/no-output day)
2026-02-15,saiffuddin,2.3.6(i)a,2.3,Bored Cast In-Situ Piling,45.000,lin.m.,500.00,5000.00,1,1,
2026-02-15,vijaykumar,2.3.6(i)a,2.3,Bored Cast In-Situ Piling,0.010,cu.m.,0,0,0,0,Source qty=0 — resource deployment only (idle/no-output day)
2026-02-15,vpgupta,2.3.6(i)a,2.3,Bored Cast In-Situ Piling,0.010,cu.m.,0,0,0,0,Source qty=0 — resource deployment only (idle/no-output day)
2026-02-15,illayaraja,2.3.6(i)b,2.3,Bored Cast In-Situ Piling,0.010,cu.m.,0,0,0,0,Source qty=0 — resource deployment only (idle/no-output day)
2026-02-15,ismaila,2.3.6(i)b,2.3,Bored Cast In-Situ Piling,0.010,cu.m.,0,0,0,0,Source qty=0 — resource deployment only (idle/no-output day)
2026-02-15,kbarman,2.3.6(i)b,2.3,Bored Cast In-Situ Piling,0.010,cu.m.,0,0,0,0,Source qty=0 — resource deployment only (idle/no-output day)
2026-02-15,saiffuddin,2.3.6(i)b,2.3,Bored Cast In-Situ Piling,920.000,cu.m.,2500.00,25000.00,2,3,
2026-02-15,akmishra,2.3.6(i)d,2.3,Bored Cast In-Situ Piling,0.010,Sqm,0,0,0,0,Source qty=0 — resource deployment only (idle/no-output day)
2026-02-15,illayaraja,2.3.6(i)d,2.3,Bored Cast In-Situ Piling,150.000,Sqm,0,5000.00,0,1,
2026-02-15,kbarman,2.3.6(i)d,2.3,Bored Cast In-Situ Piling,0.010,Sqm,0,0,0,0,Source qty=0 — resource deployment only (idle/no-output day)
2026-02-15,parvaiz,2.3.6(i)d,2.3,Bored Cast In-Situ Piling,0.010,cu.m.,0,0,0,0,Source qty=0 — resource deployment only (idle/no-output day)
2026-02-15,akmishra,2.4.6(i),2.4,Pile Cap,0.010,cu.m.,0,0,0,0,Source qty=0 — resource deployment only (idle/no-output day)
2026-02-15,illayaraja,2.4.6(i),2.4,Pile Cap,0.010,cu.m.,0,0,0,0,Source qty=0 — resource deployment only (idle/no-output day)
2026-02-15,ismaila,2.4.6(i),2.4,Pile Cap,480.000,cu.m.,500.00,9000.00,1,2,
2026-02-15,kbarman,2.4.6(i),2.4,Pile Cap,0.010,cu.m.,0,0,0,0,Source qty=0 — resource deployment only (idle/no-output day)
2026-02-15,parvaiz,2.4.6(i),2.4,Pile Cap,0.010,cu.m.,0,0,0,0,Source qty=0 — resource deployment only (idle/no-output day)
2026-02-15,saiffuddin,2.4.6(i),2.4,Pile Cap,100.000,cu.m.,1000.00,0,1,0,
2026-02-15,sanjar,2.4.6(i),2.4,Pile Cap,0.010,trip,0,0,0,0,Source qty=0 — resource deployment only (idle/no-output day)
2026-02-15,vijaykumar,2.4.6(i),2.4,Pile Cap,0.010,cu.m.,0,0,0,0,Source qty=0 — resource deployment only (idle/no-output day)
2026-02-15,illayaraja,2.4.6(i)a,2.4,Pile Cap,0.010,cu.m.,0,0,0,0,Source qty=0 — resource deployment only (idle/no-output day)
2026-02-15,sanjar,2.4.6(i)a,2.4,Pile Cap,0.010,cu.m.,0,0,0,0,Source qty=0 — resource deployment only (idle/no-output day)
2026-02-15,illayaraja,2.6.6(i),2.6,Pier,0.010,Sqm,0,0,0,0,Source qty=0 — resource deployment only (idle/no-output day)
2026-02-15,ismaila,2.6.6(i),2.6,Pier,346.000,cu.m.,1700.00,16500.00,2,3,
2026-02-15,kbarman,2.6.6(i),2.6,Pier,0.010,cu.m.,0,0,0,0,Source qty=0 — resource deployment only (idle/no-output day)
2026-02-15,parvaiz,2.6.6(i),2.6,Pier,0.010,Sqm,0,0,0,0,Source qty=0 — resource deployment only (idle/no-output day)
2026-02-15,ismaila,2.6.6(i)a,2.6,Pier,500.000,cu.m.,500.00,8000.00,1,2,
2026-02-15,illayaraja,2.7.6 (i),2.7,Abutment,0.010,cu.m.,0,0,0,0,Source qty=0 — resource deployment only (idle/no-output day)
2026-02-15,kbarman,2.7.6 (i),2.7,Abutment,0.010,lin.m.,0,0,0,0,Source qty=0 — resource deployment only (idle/no-output day)
2026-02-15,parvaiz,2.7.6 (i),2.7,Abutment,0.010,cu.m.,0,0,0,0,Source qty=0 — resource deployment only (idle/no-output day)
2026-02-15,illayaraja,2.8.6 (i),2.8,Wing Walls,0.010,lin.m.,0,0,0,0,Source qty=0 — resource deployment only (idle/no-output day)
2026-02-15,kbarman,2.8.6 (i),2.8,Wing Walls,0.010,lin.m.,0,0,0,0,Source qty=0 — resource deployment only (idle/no-output day)
2026-02-15,kbarman,3.2.6 (ii),3.2,Concrete RCC,0.010,cu.m.,0,0,0,0,Source qty=0 — resource deployment only (idle/no-output day)
2026-02-15,parvaiz,3.2.6 (ii),3.2,Concrete RCC,0.010,cu.m.,0,0,0,0,Source qty=0 — resource deployment only (idle/no-output day)
2026-02-15,vijaykumar,3.3.6 (ii)a,3.3,Pre-stressed Members,0.010,cu.m.,0,0,0,0,Source qty=0 — resource deployment only (idle/no-output day)
2026-02-15,anirban,5.1.7 (iii),5.1,Bearings,75.000,cu.m.,1600.00,0,1,0,
2026-02-15,illayaraja,5.1.7 (iii),5.1,Bearings,10.000,cu.m.,5700.00,0,2,0,
2026-02-15,ismaila,5.1.7 (iii),5.1,Bearings,0.010,cu.m.,0,0,0,0,Source qty=0 — resource deployment only (idle/no-output day)
2026-02-15,kbarman,5.1.7 (iii),5.1,Bearings,0.010,sq.m.,0,0,0,0,Source qty=0 — resource deployment only (idle/no-output day)
2026-02-15,parvaiz,5.1.7 (iii),5.1,Bearings,732.000,cu.m.,3500.00,15000.00,2,4,
2026-02-15,vijaykumar,5.1.7 (iii),5.1,Bearings,0.010,cu.m.,0,0,0,0,Source qty=0 — resource deployment only (idle/no-output day)
2026-02-15,anirban,5.1.7 (iii)a,5.1,Bearings,40.000,sq.m.,6400.00,0,1,0,
2026-02-15,illayaraja,5.1.7 (iii)a,5.1,Bearings,12.000,cu.m.,0,0,0,0,
2026-02-15,anirban,5.2.6 (ii)a,5.2,Expansion Joints,436.000,kg.,5400.00,0,1,0,
2026-02-15,illayaraja,5.2.6 (ii)a,5.2,Expansion Joints,0.010,kg.,0,0,0,0,Source qty=0 — resource deployment only (idle/no-output day)
2026-02-15,illayaraja,9.1.6(ii),9.0,Approach Slab,250.000,sq.m.,5300.00,24000.00,2,3,
2026-02-15,kbarman,9.1.6(ii),9.0,Approach Slab,0.010,sq.m.,0,0,0,0,Source qty=0 — resource deployment only (idle/no-output day)
2026-02-16,akmishra,1.1,1.1,Site Establishment,0.010,lin.m.,0,0,0,0,Source qty=0 — resource deployment only (idle/no-output day)
2026-02-16,ismaila,1.1,1.1,Site Establishment,0.010,cu.m.,0,0,0,0,Source qty=0 — resource deployment only (idle/no-output day)
2026-02-16,parvaiz,1.1,1.1,Site Establishment,0.010,cu.m.,0,0,0,0,Source qty=0 — resource deployment only (idle/no-output day)
2026-02-16,saiffuddin,1.1,1.1,Site Establishment,63.000,m,1500.00,7300.00,1,3,
2026-02-16,vijaykumar,1.1,1.1,Site Establishment,650.000,cu.m.,0,3000.00,0,1,
2026-02-16,kbarman,13.1.7(ix)b2,13.0,Drainage,0.010,lin.m.,0,0,0,0,Source qty=0 — resource deployment only (idle/no-output day)
2026-02-16,kbarman,18.3.6,18.3,Bituminous Layers,0.010,Nos,0,0,0,0,Source qty=0 — resource deployment only (idle/no-output day)
2026-02-16,kbarman,18.3.6(i),18.3,Bituminous Layers,0.010,lin.m.,0,0,0,0,Source qty=0 — resource deployment only (idle/no-output day)
2026-02-16,parvaiz,18.3.6(i),18.3,Bituminous Layers,0.010,lin.m.,0,0,0,0,Source qty=0 — resource deployment only (idle/no-output day)
2026-02-16,kbarman,18.3.6(ii),18.3,Bituminous Layers,0.010,cu.m.,0,0,0,0,Source qty=0 — resource deployment only (idle/no-output day)
2026-02-16,ismaila,2.3.6(i),2.3,Bored Cast In-Situ Piling,525.000,cu.m.,500.00,14000.00,1,2,
2026-02-16,kbarman,2.3.6(i),2.3,Bored Cast In-Situ Piling,0.010,cu.m.,0,0,0,0,Source qty=0 — resource deployment only (idle/no-output day)
2026-02-16,akmishra,2.3.6(i)a,2.3,Bored Cast In-Situ Piling,0.010,cu.m.,0,0,0,0,Source qty=0 — resource deployment only (idle/no-output day)
2026-02-16,illayaraja,2.3.6(i)a,2.3,Bored Cast In-Situ Piling,300.000,sq.m.,2000.00,5500.00,1,2,
2026-02-16,ismaila,2.3.6(i)a,2.3,Bored Cast In-Situ Piling,0.010,cu.m.,0,0,0,0,Source qty=0 — resource deployment only (idle/no-output day)
2026-02-16,kbarman,2.3.6(i)a,2.3,Bored Cast In-Situ Piling,0.010,Sqm,0,0,0,0,Source qty=0 — resource deployment only (idle/no-output day)
2026-02-16,parvaiz,2.3.6(i)a,2.3,Bored Cast In-Situ Piling,0.010,lin.m.,0,0,0,0,Source qty=0 — resource deployment only (idle/no-output day)
2026-02-16,saiffuddin,2.3.6(i)a,2.3,Bored Cast In-Situ Piling,20.000,lin.m.,500.00,5000.00,1,1,
2026-02-16,vijaykumar,2.3.6(i)a,2.3,Bored Cast In-Situ Piling,1300.000,cu.m.,5700.00,79000.00,3,3,
2026-02-16,vpgupta,2.3.6(i)a,2.3,Bored Cast In-Situ Piling,0.010,cu.m.,0,0,0,0,Source qty=0 — resource deployment only (idle/no-output day)
2026-02-16,illayaraja,2.3.6(i)b,2.3,Bored Cast In-Situ Piling,0.010,cu.m.,0,0,0,0,Source qty=0 — resource deployment only (idle/no-output day)
2026-02-16,ismaila,2.3.6(i)b,2.3,Bored Cast In-Situ Piling,1150.000,cu.m.,0,17000.00,0,2,
2026-02-16,kbarman,2.3.6(i)b,2.3,Bored Cast In-Situ Piling,0.010,cu.m.,0,0,0,0,Source qty=0 — resource deployment only (idle/no-output day)
2026-02-16,saiffuddin,2.3.6(i)b,2.3,Bored Cast In-Situ Piling,1200.000,cu.m.,3000.00,43000.00,2,3,
2026-02-16,akmishra,2.3.6(i)d,2.3,Bored Cast In-Situ Piling,0.010,Sqm,0,0,0,0,Source qty=0 — resource deployment only (idle/no-output day)
2026-02-16,illayaraja,2.3.6(i)d,2.3,Bored Cast In-Situ Piling,300.000,Sqm,1000.00,10000.00,1,1,
2026-02-16,kbarman,2.3.6(i)d,2.3,Bored Cast In-Situ Piling,0.010,Sqm,0,0,0,0,Source qty=0 — resource deployment only (idle/no-output day)
2026-02-16,parvaiz,2.3.6(i)d,2.3,Bored Cast In-Situ Piling,0.010,cu.m.,0,0,0,0,Source qty=0 — resource deployment only (idle/no-output day)
2026-02-16,vijaykumar,2.3.6(i)d,2.3,Bored Cast In-Situ Piling,330.000,sq.m.,0,0,0,0,
2026-02-16,akmishra,2.4.6(i),2.4,Pile Cap,0.010,cu.m.,0,0,0,0,Source qty=0 — resource deployment only (idle/no-output day)
2026-02-16,illayaraja,2.4.6(i),2.4,Pile Cap,0.010,cu.m.,0,0,0,0,Source qty=0 — resource deployment only (idle/no-output day)
2026-02-16,ismaila,2.4.6(i),2.4,Pile Cap,0.010,cu.m.,0,0,0,0,Source qty=0 — resource deployment only (idle/no-output day)
2026-02-16,kbarman,2.4.6(i),2.4,Pile Cap,0.010,cu.m.,0,0,0,0,Source qty=0 — resource deployment only (idle/no-output day)
2026-02-16,parvaiz,2.4.6(i),2.4,Pile Cap,0.010,cu.m.,4500.00,24000.00,2,4,Source qty=0 — resource deployment only (idle/no-output day)
2026-02-16,saiffuddin,2.4.6(i),2.4,Pile Cap,0.010,cu.m.,0,0,0,0,Source qty=0 — resource deployment only (idle/no-output day)
2026-02-16,sanjar,2.4.6(i),2.4,Pile Cap,0.010,trip,0,0,0,0,Source qty=0 — resource deployment only (idle/no-output day)
2026-02-16,illayaraja,2.4.6(i)a,2.4,Pile Cap,0.010,cu.m.,0,0,0,0,Source qty=0 — resource deployment only (idle/no-output day)
2026-02-16,sanjar,2.4.6(i)a,2.4,Pile Cap,0.010,cu.m.,0,0,0,0,Source qty=0 — resource deployment only (idle/no-output day)
2026-02-16,illayaraja,2.6.6(i),2.6,Pier,120.000,Sqm,1500.00,3000.00,1,1,
2026-02-16,ismaila,2.6.6(i),2.6,Pier,0.010,cu.m.,0,0,0,0,Source qty=0 — resource deployment only (idle/no-output day)
2026-02-16,kbarman,2.6.6(i),2.6,Pier,0.010,cu.m.,0,0,0,0,Source qty=0 — resource deployment only (idle/no-output day)
2026-02-16,parvaiz,2.6.6(i),2.6,Pier,0.010,Sqm,0,0,0,0,Source qty=0 — resource deployment only (idle/no-output day)
2026-02-16,ismaila,2.6.6(i)a,2.6,Pier,400.000,cu.m.,500.00,13000.00,1,3,
2026-02-16,vijaykumar,2.6.6(i)a,2.6,Pier,1050.000,cu.m.,0,0,0,0,
2026-02-16,illayaraja,2.7.6 (i),2.7,Abutment,0.010,cu.m.,0,0,0,0,Source qty=0 — resource deployment only (idle/no-output day)
2026-02-16,kbarman,2.7.6 (i),2.7,Abutment,110.000,lin.m.,500.00,3000.00,1,1,
2026-02-16,parvaiz,2.7.6 (i),2.7,Abutment,0.010,cu.m.,0,0,0,0,Source qty=0 — resource deployment only (idle/no-output day)
2026-02-16,illayaraja,2.8.6 (i),2.8,Wing Walls,0.010,lin.m.,0,0,0,0,Source qty=0 — resource deployment only (idle/no-output day)
2026-02-16,kbarman,2.8.6 (i),2.8,Wing Walls,0.010,lin.m.,0,0,0,0,Source qty=0 — resource deployment only (idle/no-output day)
2026-02-16,ismaila,3.2.6 (ii),3.2,Concrete RCC,270.000,cu.m.,1700.00,9500.00,2,3,
2026-02-16,kbarman,3.2.6 (ii),3.2,Concrete RCC,0.010,cu.m.,0,0,0,0,Source qty=0 — resource deployment only (idle/no-output day)
2026-02-16,parvaiz,3.2.6 (ii),3.2,Concrete RCC,0.010,cu.m.,0,0,0,0,Source qty=0 — resource deployment only (idle/no-output day)
2026-02-16,anirban,5.1.7 (iii),5.1,Bearings,75.000,cu.m.,4800.00,0,1,0,
2026-02-16,illayaraja,5.1.7 (iii),5.1,Bearings,7.000,cu.m.,3200.00,0,1,0,
2026-02-16,kbarman,5.1.7 (iii),5.1,Bearings,1200.000,sq.m.,3500.00,11500.00,1,3,
2026-02-16,vijaykumar,5.1.7 (iii),5.1,Bearings,0.010,cu.m.,0,0,0,0,Source qty=0 — resource deployment only (idle/no-output day)
2026-02-16,anirban,5.1.7 (iii)a,5.1,Bearings,57.000,sq.m.,4000.00,0,1,0,
2026-02-16,illayaraja,5.1.7 (iii)a,5.1,Bearings,12.000,cu.m.,0,0,0,0,
2026-02-16,kbarman,5.1.7 (iii)a,5.1,Bearings,71.200,cu.m.,3000.00,3000.00,1,1,
2026-02-16,parvaiz,5.10.6 (i),5.10,Anchor Blocks,0.010,cu.m.,0,0,0,0,Source qty=0 — resource deployment only (idle/no-output day)
2026-02-16,anirban,5.2.6 (ii)a,5.2,Expansion Joints,370.000,kg.,5400.00,0,1,0,
2026-02-16,illayaraja,5.2.6 (ii)a,5.2,Expansion Joints,80.000,kg.,4100.00,0,3,0,
2026-02-16,kbarman,5.2.6 (ii)a,5.2,Expansion Joints,570.000,kg.,3000.00,0,1,0,
2026-02-16,illayaraja,9.1.6(ii),9.0,Approach Slab,180.000,cu.m.,5300.00,18000.00,2,4,
2026-02-16,kbarman,9.1.6(ii),9.0,Approach Slab,0.010,sq.m.,0,0,0,0,Source qty=0 — resource deployment only (idle/no-output day)
2026-02-17,akmishra,1.1,1.1,Site Establishment,0.010,lin.m.,0,0,0,0,Source qty=0 — resource deployment only (idle/no-output day)
2026-02-17,ismaila,1.1,1.1,Site Establishment,0.010,cu.m.,0,0,0,0,Source qty=0 — resource deployment only (idle/no-output day)
2026-02-17,parvaiz,1.1,1.1,Site Establishment,0.010,cu.m.,0,0,0,0,Source qty=0 — resource deployment only (idle/no-output day)
2026-02-17,saiffuddin,1.1,1.1,Site Establishment,35.000,m,1500.00,7300.00,1,3,
2026-02-17,vijaykumar,1.1,1.1,Site Establishment,0.010,cu.m.,0,0,0,0,Source qty=0 — resource deployment only (idle/no-output day)
2026-02-17,anirban,1.2,1.2,Mobilization,0.010,sq.m.,1000.00,6000.00,1,1,Source qty=0 — resource deployment only (idle/no-output day)
2026-02-17,kbarman,13.1.7(ix)b2,13.0,Drainage,0.010,lin.m.,0,0,0,0,Source qty=0 — resource deployment only (idle/no-output day)
2026-02-17,illayaraja,18.3,18.3,Bituminous Layers,10.000,cu.m.,1500.00,3000.00,1,1,
2026-02-17,kbarman,18.3.6,18.3,Bituminous Layers,5.000,Nos,500.00,0,1,0,
2026-02-17,kbarman,18.3.6(i),18.3,Bituminous Layers,0.010,lin.m.,0,0,0,0,Source qty=0 — resource deployment only (idle/no-output day)
2026-02-17,parvaiz,18.3.6(i),18.3,Bituminous Layers,0.010,lin.m.,0,0,0,0,Source qty=0 — resource deployment only (idle/no-output day)
2026-02-17,kbarman,18.3.6(ii),18.3,Bituminous Layers,0.010,cu.m.,0,0,0,0,Source qty=0 — resource deployment only (idle/no-output day)
2026-02-17,ismaila,2.3.6(i),2.3,Bored Cast In-Situ Piling,0.010,cu.m.,0,0,0,0,Source qty=0 — resource deployment only (idle/no-output day)
2026-02-17,kbarman,2.3.6(i),2.3,Bored Cast In-Situ Piling,0.010,cu.m.,0,0,0,0,Source qty=0 — resource deployment only (idle/no-output day)
2026-02-17,akmishra,2.3.6(i)a,2.3,Bored Cast In-Situ Piling,0.010,cu.m.,0,0,0,0,Source qty=0 — resource deployment only (idle/no-output day)
2026-02-17,illayaraja,2.3.6(i)a,2.3,Bored Cast In-Situ Piling,250.000,cu.m.,1500.00,7500.00,1,2,
2026-02-17,ismaila,2.3.6(i)a,2.3,Bored Cast In-Situ Piling,0.010,cu.m.,0,0,0,0,Source qty=0 — resource deployment only (idle/no-output day)
2026-02-17,kbarman,2.3.6(i)a,2.3,Bored Cast In-Situ Piling,0.010,Sqm,0,0,0,0,Source qty=0 — resource deployment only (idle/no-output day)
2026-02-17,parvaiz,2.3.6(i)a,2.3,Bored Cast In-Situ Piling,0.010,lin.m.,0,0,0,0,Source qty=0 — resource deployment only (idle/no-output day)
2026-02-17,saiffuddin,2.3.6(i)a,2.3,Bored Cast In-Situ Piling,0.010,lin.m.,500.00,0,1,0,Source qty=0 — resource deployment only (idle/no-output day)
2026-02-17,vijaykumar,2.3.6(i)a,2.3,Bored Cast In-Situ Piling,0.010,cu.m.,0,0,0,0,Source qty=0 — resource deployment only (idle/no-output day)
2026-02-17,vpgupta,2.3.6(i)a,2.3,Bored Cast In-Situ Piling,0.010,cu.m.,0,0,0,0,Source qty=0 — resource deployment only (idle/no-output day)
2026-02-17,illayaraja,2.3.6(i)b,2.3,Bored Cast In-Situ Piling,0.010,cu.m.,0,0,0,0,Source qty=0 — resource deployment only (idle/no-output day)
2026-02-17,ismaila,2.3.6(i)b,2.3,Bored Cast In-Situ Piling,0.010,cu.m.,0,0,0,0,Source qty=0 — resource deployment only (idle/no-output day)
2026-02-17,kbarman,2.3.6(i)b,2.3,Bored Cast In-Situ Piling,0.010,cu.m.,0,0,0,0,Source qty=0 — resource deployment only (idle/no-output day)
2026-02-17,saiffuddin,2.3.6(i)b,2.3,Bored Cast In-Situ Piling,950.000,cu.m.,3000.00,53000.00,2,3,
2026-02-17,akmishra,2.3.6(i)d,2.3,Bored Cast In-Situ Piling,0.010,Sqm,0,0,0,0,Source qty=0 — resource deployment only (idle/no-output day)
2026-02-17,illayaraja,2.3.6(i)d,2.3,Bored Cast In-Situ Piling,200.000,Sqm,500.00,5000.00,1,1,
2026-02-17,kbarman,2.3.6(i)d,2.3,Bored Cast In-Situ Piling,0.010,Sqm,0,0,0,0,Source qty=0 — resource deployment only (idle/no-output day)
2026-02-17,parvaiz,2.3.6(i)d,2.3,Bored Cast In-Situ Piling,0.010,cu.m.,0,0,0,0,Source qty=0 — resource deployment only (idle/no-output day)
2026-02-17,vijaykumar,2.3.6(i)d,2.3,Bored Cast In-Situ Piling,0.010,sq.m.,0,0,0,0,Source qty=0 — resource deployment only (idle/no-output day)
2026-02-17,akmishra,2.4.6(i),2.4,Pile Cap,0.010,cu.m.,0,0,0,0,Source qty=0 — resource deployment only (idle/no-output day)
2026-02-17,illayaraja,2.4.6(i),2.4,Pile Cap,0.010,cu.m.,0,0,0,0,Source qty=0 — resource deployment only (idle/no-output day)
2026-02-17,ismaila,2.4.6(i),2.4,Pile Cap,0.010,cu.m.,0,0,0,0,Source qty=0 — resource deployment only (idle/no-output day)
2026-02-17,kbarman,2.4.6(i),2.4,Pile Cap,0.010,cu.m.,0,0,0,0,Source qty=0 — resource deployment only (idle/no-output day)
2026-02-17,parvaiz,2.4.6(i),2.4,Pile Cap,80.000,lin.m.,4000.00,17000.00,2,3,
2026-02-17,saiffuddin,2.4.6(i),2.4,Pile Cap,0.010,cu.m.,0,0,0,0,Source qty=0 — resource deployment only (idle/no-output day)
2026-02-17,sanjar,2.4.6(i),2.4,Pile Cap,0.010,trip,0,0,0,0,Source qty=0 — resource deployment only (idle/no-output day)
2026-02-17,illayaraja,2.4.6(i)a,2.4,Pile Cap,0.010,cu.m.,0,0,0,0,Source qty=0 — resource deployment only (idle/no-output day)
2026-02-17,sanjar,2.4.6(i)a,2.4,Pile Cap,0.010,cu.m.,0,0,0,0,Source qty=0 — resource deployment only (idle/no-output day)
2026-02-17,illayaraja,2.6.6(i),2.6,Pier,0.010,Sqm,0,0,0,0,Source qty=0 — resource deployment only (idle/no-output day)
2026-02-17,ismaila,2.6.6(i),2.6,Pier,0.010,cu.m.,0,0,0,0,Source qty=0 — resource deployment only (idle/no-output day)
2026-02-17,kbarman,2.6.6(i),2.6,Pier,0.010,cu.m.,0,0,0,0,Source qty=0 — resource deployment only (idle/no-output day)
2026-02-17,parvaiz,2.6.6(i),2.6,Pier,836.000,cu.m.,0,0,0,0,
2026-02-17,ismaila,2.6.6(i)a,2.6,Pier,0.010,cu.m.,0,0,0,0,Source qty=0 — resource deployment only (idle/no-output day)
2026-02-17,vijaykumar,2.6.6(i)a,2.6,Pier,0.010,cu.m.,0,0,0,0,Source qty=0 — resource deployment only (idle/no-output day)
2026-02-17,illayaraja,2.7.6 (i),2.7,Abutment,0.010,cu.m.,0,0,0,0,Source qty=0 — resource deployment only (idle/no-output day)
2026-02-17,kbarman,2.7.6 (i),2.7,Abutment,80.000,lin.m.,500.00,3000.00,1,1,
2026-02-17,ismaila,3.2.6 (ii),3.2,Concrete RCC,0.010,cu.m.,0,0,0,0,Source qty=0 — resource deployment only (idle/no-output day)
2026-02-17,kbarman,3.2.6 (ii),3.2,Concrete RCC,0.010,cu.m.,0,0,0,0,Source qty=0 — resource deployment only (idle/no-output day)
2026-02-17,parvaiz,3.2.6 (ii),3.2,Concrete RCC,0.010,cu.m.,0,0,0,0,Source qty=0 — resource deployment only (idle/no-output day)
2026-02-17,anirban,5.1.7 (iii),5.1,Bearings,75.000,cu.m.,800.00,0,1,0,
2026-02-17,illayaraja,5.1.7 (iii),5.1,Bearings,7.000,cu.m.,3200.00,0,1,0,
2026-02-17,kbarman,5.1.7 (iii),5.1,Bearings,72.000,sq.m.,11900.00,5000.00,3,1,
2026-02-17,parvaiz,5.1.7 (iii),5.1,Bearings,0.010,cu.m.,0,9000.00,0,2,Source qty=0 — resource deployment only (idle/no-output day)
2026-02-17,vijaykumar,5.1.7 (iii),5.1,Bearings,0.010,cu.m.,0,0,0,0,Source qty=0 — resource deployment only (idle/no-output day)
2026-02-17,anirban,5.1.7 (iii)a,5.1,Bearings,70.000,sq.m.,6400.00,0,1,0,
2026-02-17,illayaraja,5.1.7 (iii)a,5.1,Bearings,80.000,kg.,1800.00,0,1,0,
2026-02-17,kbarman,5.1.7 (iii)a,5.1,Bearings,0.010,cu.m.,0,0,0,0,Source qty=0 — resource deployment only (idle/no-output day)
2026-02-17,kbarman,5.10.6 (i),5.10,Anchor Blocks,100.000,lin.m.,1000.00,0,1,0,
2026-02-17,parvaiz,5.10.6 (i),5.10,Anchor Blocks,0.010,cu.m.,1000.00,0,1,0,Source qty=0 — resource deployment only (idle/no-output day)
2026-02-17,anirban,5.2.6 (ii)a,5.2,Expansion Joints,336.000,kg.,4500.00,0,1,0,
2026-02-17,illayaraja,5.2.6 (ii)a,5.2,Expansion Joints,18.000,kg.,2300.00,0,2,0,
2026-02-17,kbarman,5.2.6 (ii)a,5.2,Expansion Joints,0.010,kg.,0,0,0,0,Source qty=0 — resource deployment only (idle/no-output day)
2026-02-17,illayaraja,9.1.6(ii),9.0,Approach Slab,20.000,cu.m.,4800.00,10000.00,1,3,
2026-02-17,kbarman,9.1.6(ii),9.0,Approach Slab,0.010,sq.m.,0,0,0,0,Source qty=0 — resource deployment only (idle/no-output day)
2026-03-01,ismaila,1,1.0,Preliminaries,0.010,sq.m.,0,3000.00,0,1,Source qty=0 — resource deployment only (idle/no-output day)
2026-03-01,illayaraja,1.1,1.1,Site Establishment,0.010,lin.m.,0,0,0,0,Source qty=0 — resource deployment only (idle/no-output day)
2026-03-01,kbarman,1.1,1.1,Site Establishment,0.010,sq.m.,0,0,0,0,Source qty=0 — resource deployment only (idle/no-output day)
2026-03-01,parvaiz,1.1,1.1,Site Establishment,0.010,cu.m.,0,0,0,0,Source qty=0 — resource deployment only (idle/no-output day)
2026-03-01,saiffuddin,1.1,1.1,Site Establishment,11.000,m,1500.00,5000.00,1,1,
2026-03-01,vijaykumar,1.1,1.1,Site Establishment,550.000,cu.m.,0,3000.00,0,1,
2026-03-01,anirban,1.2,1.2,Mobilization,0.010,sq.m.,0,0,0,0,Source qty=0 — resource deployment only (idle/no-output day)
2026-03-01,anirban,13.1.7(ix)b,13.0,Drainage,24.000,lin.m.,9600.00,18000.00,1,1,
2026-03-01,kbarman,13.1.7(ix)b,13.0,Drainage,7.000,sq.m.,2400.00,0,1,0,
2026-03-01,anirban,13.1.7(ix)b2,13.0,Drainage,70.000,lin.m.,1600.00,1200.00,1,1,
2026-03-01,kbarman,13.1.7(ix)b2,13.0,Drainage,385.000,lin.m.,3800.00,4200.00,2,2,
2026-03-01,illayaraja,18.3,18.3,Bituminous Layers,0.010,cu.m.,0,0,0,0,Source qty=0 — resource deployment only (idle/no-output day)
2026-03-01,kbarman,18.3.6,18.3,Bituminous Layers,0.010,lin.m.,0,0,0,0,Source qty=0 — resource deployment only (idle/no-output day)
2026-03-01,kbarman,18.3.6(i),18.3,Bituminous Layers,0.010,lin.m.,0,0,0,0,Source qty=0 — resource deployment only (idle/no-output day)
2026-03-01,parvaiz,18.3.6(i),18.3,Bituminous Layers,0.010,lin.m.,0,0,0,0,Source qty=0 — resource deployment only (idle/no-output day)
2026-03-01,ismaila,2.3.6(i),2.3,Bored Cast In-Situ Piling,0.010,cu.m.,0,0,0,0,Source qty=0 — resource deployment only (idle/no-output day)
2026-03-01,kbarman,2.3.6(i),2.3,Bored Cast In-Situ Piling,0.010,cu.m.,0,0,0,0,Source qty=0 — resource deployment only (idle/no-output day)
2026-03-01,illayaraja,2.3.6(i)a,2.3,Bored Cast In-Situ Piling,300.000,cu.m.,2000.00,10500.00,1,3,
2026-03-01,ismaila,2.3.6(i)a,2.3,Bored Cast In-Situ Piling,315.000,cu.m.,0,8000.00,0,1,
2026-03-01,kbarman,2.3.6(i)a,2.3,Bored Cast In-Situ Piling,0.010,Sqm,0,0,0,0,Source qty=0 — resource deployment only (idle/no-output day)
2026-03-01,parvaiz,2.3.6(i)a,2.3,Bored Cast In-Situ Piling,0.010,lin.m.,0,0,0,0,Source qty=0 — resource deployment only (idle/no-output day)
2026-03-01,saiffuddin,2.3.6(i)a,2.3,Bored Cast In-Situ Piling,0.010,lin.m.,0,0,0,0,Source qty=0 — resource deployment only (idle/no-output day)
2026-03-01,vijaykumar,2.3.6(i)a,2.3,Bored Cast In-Situ Piling,850.000,cu.m.,6900.00,36000.00,3,2,
2026-03-01,illayaraja,2.3.6(i)b,2.3,Bored Cast In-Situ Piling,0.010,cu.m.,0,0,0,0,Source qty=0 — resource deployment only (idle/no-output day)
2026-03-01,ismaila,2.3.6(i)b,2.3,Bored Cast In-Situ Piling,1150.000,cu.m.,1700.00,19000.00,2,3,
2026-03-01,kbarman,2.3.6(i)b,2.3,Bored Cast In-Situ Piling,0.010,cu.m.,0,0,0,0,Source qty=0 — resource deployment only (idle/no-output day)
2026-03-01,saiffuddin,2.3.6(i)b,2.3,Bored Cast In-Situ Piling,920.000,cu.m.,3500.00,49000.00,2,3,
2026-03-01,vijaykumar,2.3.6(i)b,2.3,Bored Cast In-Situ Piling,4780.000,cu.m.,0,37000.00,0,3,
2026-03-01,illayaraja,2.3.6(i)d,2.3,Bored Cast In-Situ Piling,0.010,Sqm,0,0,0,0,Source qty=0 — resource deployment only (idle/no-output day)
2026-03-01,kbarman,2.3.6(i)d,2.3,Bored Cast In-Situ Piling,1.000,Sqm,500.00,5000.00,1,1,
2026-03-01,parvaiz,2.3.6(i)d,2.3,Bored Cast In-Situ Piling,0.010,cu.m.,0,0,0,0,Source qty=0 — resource deployment only (idle/no-output day)
2026-03-01,illayaraja,2.4.6(i),2.4,Pile Cap,0.010,cu.m.,0,0,0,0,Source qty=0 — resource deployment only (idle/no-output day)
2026-03-01,ismaila,2.4.6(i),2.4,Pile Cap,0.010,cu.m.,0,0,0,0,Source qty=0 — resource deployment only (idle/no-output day)
2026-03-01,kbarman,2.4.6(i),2.4,Pile Cap,0.010,cu.m.,0,0,0,0,Source qty=0 — resource deployment only (idle/no-output day)
2026-03-01,parvaiz,2.4.6(i),2.4,Pile Cap,0.010,lin.m.,3000.00,10000.00,2,3,Source qty=0 — resource deployment only (idle/no-output day)
2026-03-01,saiffuddin,2.4.6(i),2.4,Pile Cap,0.010,cu.m.,0,0,0,0,Source qty=0 — resource deployment only (idle/no-output day)
2026-03-01,sanjar,2.4.6(i),2.4,Pile Cap,0.010,trip,0,0,0,0,Source qty=0 — resource deployment only (idle/no-output day)
2026-03-01,illayaraja,2.4.6(i)a,2.4,Pile Cap,0.010,cu.m.,0,0,0,0,Source qty=0 — resource deployment only (idle/no-output day)
2026-03-01,sanjar,2.4.6(i)a,2.4,Pile Cap,0.010,cu.m.,0,0,0,0,Source qty=0 — resource deployment only (idle/no-output day)
2026-03-01,illayaraja,2.6.6(i),2.6,Pier,0.010,cu.m.,0,0,0,0,Source qty=0 — resource deployment only (idle/no-output day)
2026-03-01,ismaila,2.6.6(i),2.6,Pier,165.000,cu.m.,500.00,23000.00,1,3,
2026-03-01,kbarman,2.6.6(i),2.6,Pier,0.010,cu.m.,0,0,0,0,Source qty=0 — resource deployment only (idle/no-output day)
2026-03-01,parvaiz,2.6.6(i),2.6,Pier,323.000,cu.m.,0,2500.00,0,1,
2026-03-01,vijaykumar,2.6.6(i),2.6,Pier,400.000,cu.m.,0,0,0,0,
2026-03-01,ismaila,2.6.6(i)a,2.6,Pier,450.000,cu.m.,500.00,14000.00,1,3,
2026-03-01,vijaykumar,2.6.6(i)a,2.6,Pier,0.010,cu.m.,0,0,0,0,Source qty=0 — resource deployment only (idle/no-output day)
2026-03-01,illayaraja,2.7.6 (i),2.7,Abutment,0.010,cu.m.,0,0,0,0,Source qty=0 — resource deployment only (idle/no-output day)
2026-03-01,kbarman,2.7.6 (i),2.7,Abutment,370.000,lin.m.,4000.00,3000.00,1,1,
2026-03-01,parvaiz,2.7.6 (i),2.7,Abutment,1236.000,layer,1500.00,13000.00,1,3,
2026-03-01,ismaila,3.2.6 (ii),3.2,Concrete RCC,0.010,cu.m.,0,0,0,0,Source qty=0 — resource deployment only (idle/no-output day)
2026-03-01,kbarman,3.2.6 (ii),3.2,Concrete RCC,0.010,cu.m.,0,0,0,0,Source qty=0 — resource deployment only (idle/no-output day)
2026-03-01,parvaiz,3.2.6 (ii),3.2,Concrete RCC,0.010,cu.m.,0,0,0,0,Source qty=0 — resource deployment only (idle/no-output day)
2026-03-01,anirban,5.1.7 (iii),5.1,Bearings,30.000,lin.m.,800.00,0,1,0,
2026-03-01,illayaraja,5.1.7 (iii),5.1,Bearings,10.000,cu.m.,5700.00,0,2,0,
2026-03-01,kbarman,5.1.7 (iii),5.1,Bearings,0.010,cu.m.,0,0,0,0,Source qty=0 — resource deployment only (idle/no-output day)
2026-03-01,illayaraja,5.1.7 (iii)a,5.1,Bearings,18.000,sq.m.,2300.00,0,2,0,
2026-03-01,kbarman,5.1.7 (iii)a,5.1,Bearings,0.010,sq.m.,0,0,0,0,Source qty=0 — resource deployment only (idle/no-output day)
2026-03-01,kbarman,5.10.6 (i),5.10,Anchor Blocks,0.010,sq.m.,0,0,0,0,Source qty=0 — resource deployment only (idle/no-output day)
2026-03-01,parvaiz,5.10.6 (i),5.10,Anchor Blocks,0.010,cu.m.,0,0,0,0,Source qty=0 — resource deployment only (idle/no-output day)
2026-03-01,illayaraja,5.2.6 (ii),5.2,Expansion Joints,80.000,kg.,1800.00,0,1,0,
2026-03-01,kbarman,5.2.6 (ii)a,5.2,Expansion Joints,0.010,kg.,0,0,0,0,Source qty=0 — resource deployment only (idle/no-output day)
2026-03-01,illayaraja,9.1.6(ii),9.0,Approach Slab,80.000,cu.m.,500.00,5000.00,1,1,
2026-03-01,kbarman,9.1.6(ii),9.0,Approach Slab,0.010,sq.m.,0,0,0,0,Source qty=0 — resource deployment only (idle/no-output day)
2026-03-02,ismaila,1,1.0,Preliminaries,0.010,sq.m.,0,0,0,0,Source qty=0 — resource deployment only (idle/no-output day)
2026-03-02,illayaraja,1.1,1.1,Site Establishment,0.010,lin.m.,0,0,0,0,Source qty=0 — resource deployment only (idle/no-output day)
2026-03-02,kbarman,1.1,1.1,Site Establishment,0.010,sq.m.,0,0,0,0,Source qty=0 — resource deployment only (idle/no-output day)
2026-03-02,parvaiz,1.1,1.1,Site Establishment,0.010,cu.m.,0,0,0,0,Source qty=0 — resource deployment only (idle/no-output day)
2026-03-02,saiffuddin,1.1,1.1,Site Establishment,9.000,m,1500.00,5000.00,1,1,
2026-03-02,vijaykumar,1.1,1.1,Site Establishment,0.010,cu.m.,0,3000.00,0,1,Source qty=0 — resource deployment only (idle/no-output day)
2026-03-02,anirban,1.2,1.2,Mobilization,0.010,sq.m.,0,0,0,0,Source qty=0 — resource deployment only (idle/no-output day)
2026-03-02,anirban,13.1.7(ix)b,13.0,Drainage,0.010,lin.m.,0,0,0,0,Source qty=0 — resource deployment only (idle/no-output day)
2026-03-02,kbarman,13.1.7(ix)b,13.0,Drainage,20.000,sq.m.,3100.00,0,2,0,
2026-03-02,anirban,13.1.7(ix)b1,13.0,Drainage,0.010,kg.,0,0,0,0,Source qty=0 — resource deployment only (idle/no-output day)
2026-03-02,anirban,13.1.7(ix)b2,13.0,Drainage,0.010,cu.m.,0,0,0,0,Source qty=0 — resource deployment only (idle/no-output day)
2026-03-02,kbarman,13.1.7(ix)b2,13.0,Drainage,772.000,lin.m.,5600.00,4200.00,2,2,
2026-03-02,illayaraja,18.3,18.3,Bituminous Layers,0.010,cu.m.,0,0,0,0,Source qty=0 — resource deployment only (idle/no-output day)
2026-03-02,kbarman,18.3.6,18.3,Bituminous Layers,230.000,lin.m.,2000.00,3000.00,1,1,
2026-03-02,kbarman,18.3.6(i),18.3,Bituminous Layers,0.010,lin.m.,0,0,0,0,Source qty=0 — resource deployment only (idle/no-output day)
2026-03-02,parvaiz,18.3.6(i),18.3,Bituminous Layers,0.010,lin.m.,0,0,0,0,Source qty=0 — resource deployment only (idle/no-output day)
2026-03-02,ismaila,2.3.6(i),2.3,Bored Cast In-Situ Piling,0.010,cu.m.,0,0,0,0,Source qty=0 — resource deployment only (idle/no-output day)
2026-03-02,kbarman,2.3.6(i),2.3,Bored Cast In-Situ Piling,0.010,cu.m.,0,0,0,0,Source qty=0 — resource deployment only (idle/no-output day)
2026-03-02,illayaraja,2.3.6(i)a,2.3,Bored Cast In-Situ Piling,200.000,cu.m.,1500.00,5500.00,1,2,
2026-03-02,ismaila,2.3.6(i)a,2.3,Bored Cast In-Situ Piling,2260.000,cu.m.,1700.00,25000.00,2,3,
2026-03-02,kbarman,2.3.6(i)a,2.3,Bored Cast In-Situ Piling,0.010,Sqm,0,0,0,0,Source qty=0 — resource deployment only (idle/no-output day)
2026-03-02,parvaiz,2.3.6(i)a,2.3,Bored Cast In-Situ Piling,0.010,lin.m.,0,0,0,0,Source qty=0 — resource deployment only (idle/no-output day)
2026-03-02,saiffuddin,2.3.6(i)a,2.3,Bored Cast In-Situ Piling,0.010,lin.m.,0,0,0,0,Source qty=0 — resource deployment only (idle/no-output day)
2026-03-02,vijaykumar,2.3.6(i)a,2.3,Bored Cast In-Situ Piling,550.000,cu.m.,5700.00,36000.00,3,2,
2026-03-02,anirban,2.3.6(i)b,2.3,Bored Cast In-Situ Piling,24.000,lin.m.,9600.00,18000.00,1,1,
2026-03-02,illayaraja,2.3.6(i)b,2.3,Bored Cast In-Situ Piling,0.010,cu.m.,0,0,0,0,Source qty=0 — resource deployment only (idle/no-output day)
2026-03-02,ismaila,2.3.6(i)b,2.3,Bored Cast In-Situ Piling,0.010,cu.m.,0,0,0,0,Source qty=0 — resource deployment only (idle/no-output day)
2026-03-02,kbarman,2.3.6(i)b,2.3,Bored Cast In-Situ Piling,0.010,cu.m.,0,0,0,0,Source qty=0 — resource deployment only (idle/no-output day)
2026-03-02,saiffuddin,2.3.6(i)b,2.3,Bored Cast In-Situ Piling,960.000,cu.m.,3500.00,49000.00,2,3,
2026-03-02,vijaykumar,2.3.6(i)b,2.3,Bored Cast In-Situ Piling,3000.000,cu.m.,0,56000.00,0,3,
2026-03-02,illayaraja,2.3.6(i)d,2.3,Bored Cast In-Situ Piling,0.010,Sqm,0,0,0,0,Source qty=0 — resource deployment only (idle/no-output day)
2026-03-02,kbarman,2.3.6(i)d,2.3,Bored Cast In-Situ Piling,0.010,Sqm,0,0,0,0,Source qty=0 — resource deployment only (idle/no-output day)
2026-03-02,parvaiz,2.3.6(i)d,2.3,Bored Cast In-Situ Piling,0.010,cu.m.,0,0,0,0,Source qty=0 — resource deployment only (idle/no-output day)
2026-03-02,illayaraja,2.4.6(i),2.4,Pile Cap,0.010,cu.m.,0,0,0,0,Source qty=0 — resource deployment only (idle/no-output day)
2026-03-02,ismaila,2.4.6(i),2.4,Pile Cap,0.010,cu.m.,0,0,0,0,Source qty=0 — resource deployment only (idle/no-output day)
2026-03-02,kbarman,2.4.6(i),2.4,Pile Cap,0.010,cu.m.,0,0,0,0,Source qty=0 — resource deployment only (idle/no-output day)
2026-03-02,parvaiz,2.4.6(i),2.4,Pile Cap,6736.000,cu.m.,2000.00,19500.00,1,4,
2026-03-02,saiffuddin,2.4.6(i),2.4,Pile Cap,0.010,cu.m.,0,0,0,0,Source qty=0 — resource deployment only (idle/no-output day)
2026-03-02,sanjar,2.4.6(i),2.4,Pile Cap,0.010,trip,0,0,0,0,Source qty=0 — resource deployment only (idle/no-output day)
2026-03-02,illayaraja,2.4.6(i)a,2.4,Pile Cap,0.010,cu.m.,0,0,0,0,Source qty=0 — resource deployment only (idle/no-output day)
2026-03-02,sanjar,2.4.6(i)a,2.4,Pile Cap,0.010,cu.m.,0,0,0,0,Source qty=0 — resource deployment only (idle/no-output day)
2026-03-02,illayaraja,2.6.6(i),2.6,Pier,12.000,cu.m.,1800.00,0,1,0,
2026-03-02,ismaila,2.6.6(i),2.6,Pier,600.000,cu.m.,500.00,15500.00,1,3,
2026-03-02,kbarman,2.6.6(i),2.6,Pier,0.010,cu.m.,0,0,0,0,Source qty=0 — resource deployment only (idle/no-output day)
2026-03-02,parvaiz,2.6.6(i),2.6,Pier,0.010,cu.m.,0,0,0,0,Source qty=0 — resource deployment only (idle/no-output day)
2026-03-02,vijaykumar,2.6.6(i),2.6,Pier,650.000,cu.m.,0,0,0,0,
2026-03-02,ismaila,2.6.6(i)a,2.6,Pier,450.000,cu.m.,500.00,11000.00,1,2,
2026-03-02,illayaraja,2.7.6 (i),2.7,Abutment,0.010,cu.m.,0,0,0,0,Source qty=0 — resource deployment only (idle/no-output day)
2026-03-02,kbarman,2.7.6 (i),2.7,Abutment,0.010,lin.m.,0,0,0,0,Source qty=0 — resource deployment only (idle/no-output day)
2026-03-02,parvaiz,2.7.6 (i),2.7,Abutment,8966.000,cu.m.,3500.00,10000.00,2,3,
2026-03-02,ismaila,3.2.6 (ii),3.2,Concrete RCC,0.010,cu.m.,0,0,0,0,Source qty=0 — resource deployment only (idle/no-output day)
2026-03-02,kbarman,3.2.6 (ii),3.2,Concrete RCC,0.010,cu.m.,0,0,0,0,Source qty=0 — resource deployment only (idle/no-output day)
2026-03-02,parvaiz,3.2.6 (ii),3.2,Concrete RCC,0.010,cu.m.,0,0,0,0,Source qty=0 — resource deployment only (idle/no-output day)
2026-03-02,anirban,5.1.7 (iii),5.1,Bearings,42.000,lin.m.,2400.00,0,1,0,
2026-03-02,illayaraja,5.1.7 (iii),5.1,Bearings,10.000,cu.m.,6200.00,0,2,0,
2026-03-02,kbarman,5.1.7 (iii),5.1,Bearings,0.010,cu.m.,0,0,0,0,Source qty=0 — resource deployment only (idle/no-output day)
2026-03-02,vijaykumar,5.1.7 (iii),5.1,Bearings,0.010,cu.m.,0,0,0,0,Source qty=0 — resource deployment only (idle/no-output day)
2026-03-02,illayaraja,5.1.7 (iii)a,5.1,Bearings,0.010,sq.m.,0,0,0,0,Source qty=0 — resource deployment only (idle/no-output day)
2026-03-02,kbarman,5.1.7 (iii)a,5.1,Bearings,0.010,sq.m.,0,0,0,0,Source qty=0 — resource deployment only (idle/no-output day)
2026-03-02,kbarman,5.10.6 (i),5.10,Anchor Blocks,0.010,sq.m.,0,0,0,0,Source qty=0 — resource deployment only (idle/no-output day)
2026-03-02,parvaiz,5.10.6 (i),5.10,Anchor Blocks,0.010,cu.m.,0,0,0,0,Source qty=0 — resource deployment only (idle/no-output day)
2026-03-02,illayaraja,5.2.6 (ii),5.2,Expansion Joints,80.000,kg.,2300.00,0,2,0,
2026-03-02,kbarman,5.2.6 (ii)a,5.2,Expansion Joints,0.010,kg.,0,0,0,0,Source qty=0 — resource deployment only (idle/no-output day)
2026-03-02,illayaraja,9.1.6(ii),9.0,Approach Slab,150.000,cu.m.,7100.00,10000.00,2,3,
2026-03-02,kbarman,9.1.6(ii),9.0,Approach Slab,0.010,sq.m.,0,0,0,0,Source qty=0 — resource deployment only (idle/no-output day)
2026-03-03,ismaila,1,1.0,Preliminaries,0.010,sq.m.,0,0,0,0,Source qty=0 — resource deployment only (idle/no-output day)
2026-03-03,illayaraja,1.1,1.1,Site Establishment,0.010,lin.m.,0,0,0,0,Source qty=0 — resource deployment only (idle/no-output day)
2026-03-03,kbarman,1.1,1.1,Site Establishment,0.010,sq.m.,0,0,0,0,Source qty=0 — resource deployment only (idle/no-output day)
2026-03-03,parvaiz,1.1,1.1,Site Establishment,0.010,cu.m.,0,0,0,0,Source qty=0 — resource deployment only (idle/no-output day)
2026-03-03,saiffuddin,1.1,1.1,Site Establishment,24.000,m,1500.00,7300.00,1,3,
2026-03-03,anirban,1.2,1.2,Mobilization,0.010,sq.m.,0,0,0,0,Source qty=0 — resource deployment only (idle/no-output day)
2026-03-03,kbarman,13.1.7(ix)b,13.0,Drainage,56.000,sq.m.,3100.00,0,2,0,
2026-03-03,anirban,13.1.7(ix)b1,13.0,Drainage,0.010,kg.,0,0,0,0,Source qty=0 — resource deployment only (idle/no-output day)
2026-03-03,kbarman,13.1.7(ix)b2,13.0,Drainage,38.000,lin.m.,5500.00,3000.00,2,1,
2026-03-03,illayaraja,18.3,18.3,Bituminous Layers,0.010,cu.m.,0,0,0,0,Source qty=0 — resource deployment only (idle/no-output day)
2026-03-03,kbarman,18.3.6,18.3,Bituminous Layers,0.010,lin.m.,0,0,0,0,Source qty=0 — resource deployment only (idle/no-output day)
2026-03-03,kbarman,18.3.6(i),18.3,Bituminous Layers,0.010,lin.m.,0,0,0,0,Source qty=0 — resource deployment only (idle/no-output day)
2026-03-03,parvaiz,18.3.6(i),18.3,Bituminous Layers,0.010,lin.m.,0,0,0,0,Source qty=0 — resource deployment only (idle/no-output day)
2026-03-03,ismaila,2.3.6(i),2.3,Bored Cast In-Situ Piling,0.010,cu.m.,0,0,0,0,Source qty=0 — resource deployment only (idle/no-output day)
2026-03-03,kbarman,2.3.6(i),2.3,Bored Cast In-Situ Piling,0.010,cu.m.,0,0,0,0,Source qty=0 — resource deployment only (idle/no-output day)
2026-03-03,illayaraja,2.3.6(i)a,2.3,Bored Cast In-Situ Piling,200.000,cu.m.,0,7500.00,0,2,
2026-03-03,ismaila,2.3.6(i)a,2.3,Bored Cast In-Situ Piling,1350.000,cu.m.,1700.00,16000.00,2,2,
2026-03-03,kbarman,2.3.6(i)a,2.3,Bored Cast In-Situ Piling,0.010,Sqm,0,0,0,0,Source qty=0 — resource deployment only (idle/no-output day)
2026-03-03,parvaiz,2.3.6(i)a,2.3,Bored Cast In-Situ Piling,0.010,lin.m.,0,0,0,0,Source qty=0 — resource deployment only (idle/no-output day)
2026-03-03,saiffuddin,2.3.6(i)a,2.3,Bored Cast In-Situ Piling,0.010,lin.m.,0,0,0,0,Source qty=0 — resource deployment only (idle/no-output day)
2026-03-03,vijaykumar,2.3.6(i)a,2.3,Bored Cast In-Situ Piling,450.000,cu.m.,6900.00,45000.00,3,3,
2026-03-03,anirban,2.3.6(i)b,2.3,Bored Cast In-Situ Piling,24.000,lin.m.,9600.00,18000.00,1,1,
2026-03-03,illayaraja,2.3.6(i)b,2.3,Bored Cast In-Situ Piling,0.010,cu.m.,0,0,0,0,Source qty=0 — resource deployment only (idle/no-output day)
2026-03-03,ismaila,2.3.6(i)b,2.3,Bored Cast In-Situ Piling,0.010,cu.m.,0,0,0,0,Source qty=0 — resource deployment only (idle/no-output day)
2026-03-03,kbarman,2.3.6(i)b,2.3,Bored Cast In-Situ Piling,0.010,cu.m.,0,0,0,0,Source qty=0 — resource deployment only (idle/no-output day)
2026-03-03,saiffuddin,2.3.6(i)b,2.3,Bored Cast In-Situ Piling,920.000,cu.m.,3500.00,44000.00,2,3,
2026-03-03,vijaykumar,2.3.6(i)b,2.3,Bored Cast In-Situ Piling,3800.000,cu.m.,0,68000.00,0,2,
2026-03-03,illayaraja,2.3.6(i)d,2.3,Bored Cast In-Situ Piling,0.010,Sqm,0,0,0,0,Source qty=0 — resource deployment only (idle/no-output day)
2026-03-03,kbarman,2.3.6(i)d,2.3,Bored Cast In-Situ Piling,0.010,Sqm,0,0,0,0,Source qty=0 — resource deployment only (idle/no-output day)
2026-03-03,parvaiz,2.3.6(i)d,2.3,Bored Cast In-Situ Piling,0.010,cu.m.,0,0,0,0,Source qty=0 — resource deployment only (idle/no-output day)
2026-03-03,vijaykumar,2.3.6(i)d,2.3,Bored Cast In-Situ Piling,300.000,sq.m.,0,3000.00,0,1,
2026-03-03,illayaraja,2.4.6(i),2.4,Pile Cap,120.000,cu.m.,0,13000.00,0,3,
2026-03-03,kbarman,2.4.6(i),2.4,Pile Cap,0.010,cu.m.,0,0,0,0,Source qty=0 — resource deployment only (idle/no-output day)
2026-03-03,parvaiz,2.4.6(i),2.4,Pile Cap,10768.000,cu.m.,5000.00,27000.00,2,4,
2026-03-03,saiffuddin,2.4.6(i),2.4,Pile Cap,0.010,cu.m.,0,0,0,0,Source qty=0 — resource deployment only (idle/no-output day)
2026-03-03,sanjar,2.4.6(i),2.4,Pile Cap,0.010,trip,0,0,0,0,Source qty=0 — resource deployment only (idle/no-output day)
2026-03-03,illayaraja,2.4.6(i)a,2.4,Pile Cap,0.010,cu.m.,0,0,0,0,Source qty=0 — resource deployment only (idle/no-output day)
2026-03-03,ismaila,2.4.6(i)a,2.4,Pile Cap,400.000,cu.m.,0,6000.00,0,1,
2026-03-03,sanjar,2.4.6(i)a,2.4,Pile Cap,0.010,cu.m.,0,0,0,0,Source qty=0 — resource deployment only (idle/no-output day)
2026-03-03,illayaraja,2.6.6(i),2.6,Pier,0.010,cu.m.,0,0,0,0,Source qty=0 — resource deployment only (idle/no-output day)
2026-03-03,ismaila,2.6.6(i),2.6,Pier,270.000,cu.m.,500.00,15500.00,1,3,
2026-03-03,kbarman,2.6.6(i),2.6,Pier,0.010,cu.m.,0,0,0,0,Source qty=0 — resource deployment only (idle/no-output day)
2026-03-03,parvaiz,2.6.6(i),2.6,Pier,0.010,cu.m.,0,0,0,0,Source qty=0 — resource deployment only (idle/no-output day)
2026-03-03,vijaykumar,2.6.6(i),2.6,Pier,350.000,cu.m.,0,0,0,0,
2026-03-03,ismaila,2.6.6(i)a,2.6,Pier,400.000,cu.m.,500.00,8000.00,1,2,
2026-03-03,illayaraja,2.7.6 (i),2.7,Abutment,0.010,cu.m.,0,0,0,0,Source qty=0 — resource deployment only (idle/no-output day)
2026-03-03,kbarman,2.7.6 (i),2.7,Abutment,0.010,lin.m.,0,0,0,0,Source qty=0 — resource deployment only (idle/no-output day)
2026-03-03,parvaiz,2.7.6 (i),2.7,Abutment,130.000,cu.m.,500.00,2500.00,1,1,
2026-03-03,ismaila,3.2.6 (ii),3.2,Concrete RCC,0.010,cu.m.,0,0,0,0,Source qty=0 — resource deployment only (idle/no-output day)
2026-03-03,kbarman,3.2.6 (ii),3.2,Concrete RCC,0.010,cu.m.,0,0,0,0,Source qty=0 — resource deployment only (idle/no-output day)
2026-03-03,parvaiz,3.2.6 (ii),3.2,Concrete RCC,0.010,cu.m.,0,0,0,0,Source qty=0 — resource deployment only (idle/no-output day)
2026-03-03,anirban,5.1.7 (iii),5.1,Bearings,36.000,lin.m.,2100.00,0,2,0,
2026-03-03,illayaraja,5.1.7 (iii),5.1,Bearings,18.000,cu.m.,4900.00,0,2,0,
2026-03-03,kbarman,5.1.7 (iii),5.1,Bearings,0.010,cu.m.,0,0,0,0,Source qty=0 — resource deployment only (idle/no-output day)
2026-03-03,vijaykumar,5.1.7 (iii),5.1,Bearings,0.010,cu.m.,0,0,0,0,Source qty=0 — resource deployment only (idle/no-output day)
2026-03-03,illayaraja,5.1.7 (iii)a,5.1,Bearings,18.000,sq.m.,1800.00,0,1,0,
2026-03-03,kbarman,5.1.7 (iii)a,5.1,Bearings,0.010,sq.m.,0,0,0,0,Source qty=0 — resource deployment only (idle/no-output day)
2026-03-03,kbarman,5.10.6 (i),5.10,Anchor Blocks,0.010,sq.m.,0,0,0,0,Source qty=0 — resource deployment only (idle/no-output day)
2026-03-03,parvaiz,5.10.6 (i),5.10,Anchor Blocks,0.010,cu.m.,0,0,0,0,Source qty=0 — resource deployment only (idle/no-output day)
2026-03-03,illayaraja,5.2.6 (ii),5.2,Expansion Joints,80.000,kg.,2300.00,0,2,0,
2026-03-03,kbarman,5.2.6 (ii)a,5.2,Expansion Joints,0.010,kg.,0,0,0,0,Source qty=0 — resource deployment only (idle/no-output day)
2026-03-03,illayaraja,9.1.6(ii),9.0,Approach Slab,150.000,cu.m.,6100.00,10000.00,2,3,
2026-03-03,kbarman,9.1.6(ii),9.0,Approach Slab,0.010,sq.m.,0,0,0,0,Source qty=0 — resource deployment only (idle/no-output day)
2026-03-04,ismaila,1,1.0,Preliminaries,0.010,sq.m.,0,0,0,0,Source qty=0 — resource deployment only (idle/no-output day)
2026-03-04,illayaraja,1.1,1.1,Site Establishment,0.010,lin.m.,0,0,0,0,Source qty=0 — resource deployment only (idle/no-output day)
2026-03-04,kbarman,1.1,1.1,Site Establishment,0.010,sq.m.,0,0,0,0,Source qty=0 — resource deployment only (idle/no-output day)
2026-03-04,parvaiz,1.1,1.1,Site Establishment,0.010,cu.m.,0,0,0,0,Source qty=0 — resource deployment only (idle/no-output day)
2026-03-04,saiffuddin,1.1,1.1,Site Establishment,24.000,m,1500.00,7300.00,1,3,
2026-03-04,vijaykumar,1.1,1.1,Site Establishment,0.010,sq.m.,0,3000.00,0,1,Source qty=0 — resource deployment only (idle/no-output day)
2026-03-04,anirban,13.1.7(ix)b,13.0,Drainage,36.000,lin.m.,3200.00,0,1,0,
2026-03-04,kbarman,13.1.7(ix)b,13.0,Drainage,0.010,sq.m.,0,0,0,0,Source qty=0 — resource deployment only (idle/no-output day)
2026-03-04,anirban,13.1.7(ix)b2,13.0,Drainage,0.010,cu.m.,0,0,0,0,Source qty=0 — resource deployment only (idle/no-output day)
2026-03-04,kbarman,13.1.7(ix)b2,13.0,Drainage,0.010,lin.m.,0,0,0,0,Source qty=0 — resource deployment only (idle/no-output day)
2026-03-04,illayaraja,18.3,18.3,Bituminous Layers,0.010,cu.m.,0,0,0,0,Source qty=0 — resource deployment only (idle/no-output day)
2026-03-04,kbarman,18.3.6,18.3,Bituminous Layers,0.010,lin.m.,0,0,0,0,Source qty=0 — resource deployment only (idle/no-output day)
2026-03-04,kbarman,18.3.6(i),18.3,Bituminous Layers,0.010,lin.m.,0,0,0,0,Source qty=0 — resource deployment only (idle/no-output day)
2026-03-04,parvaiz,18.3.6(i),18.3,Bituminous Layers,0.010,lin.m.,0,0,0,0,Source qty=0 — resource deployment only (idle/no-output day)
2026-03-04,ismaila,2.3.6(i),2.3,Bored Cast In-Situ Piling,0.010,cu.m.,0,0,0,0,Source qty=0 — resource deployment only (idle/no-output day)
2026-03-04,kbarman,2.3.6(i),2.3,Bored Cast In-Situ Piling,0.010,cu.m.,0,0,0,0,Source qty=0 — resource deployment only (idle/no-output day)
2026-03-04,anirban,2.3.6(i)a,2.3,Bored Cast In-Situ Piling,20.000,lin.m.,1000.00,3000.00,1,1,
2026-03-04,illayaraja,2.3.6(i)a,2.3,Bored Cast In-Situ Piling,150.000,cu.m.,1500.00,7500.00,1,2,
2026-03-04,ismaila,2.3.6(i)a,2.3,Bored Cast In-Situ Piling,1200.000,cu.m.,2200.00,20000.00,2,3,
2026-03-04,kbarman,2.3.6(i)a,2.3,Bored Cast In-Situ Piling,0.010,Sqm,0,0,0,0,Source qty=0 — resource deployment only (idle/no-output day)
2026-03-04,parvaiz,2.3.6(i)a,2.3,Bored Cast In-Situ Piling,0.010,lin.m.,0,0,0,0,Source qty=0 — resource deployment only (idle/no-output day)
2026-03-04,vijaykumar,2.3.6(i)a,2.3,Bored Cast In-Situ Piling,450.000,cu.m.,6900.00,0,3,0,
2026-03-04,illayaraja,2.3.6(i)b,2.3,Bored Cast In-Situ Piling,0.010,cu.m.,0,0,0,0,Source qty=0 — resource deployment only (idle/no-output day)
2026-03-04,ismaila,2.3.6(i)b,2.3,Bored Cast In-Situ Piling,0.010,cu.m.,0,0,0,0,Source qty=0 — resource deployment only (idle/no-output day)
2026-03-04,kbarman,2.3.6(i)b,2.3,Bored Cast In-Situ Piling,0.010,cu.m.,0,0,0,0,Source qty=0 — resource deployment only (idle/no-output day)
2026-03-04,saiffuddin,2.3.6(i)b,2.3,Bored Cast In-Situ Piling,830.000,cu.m.,3500.00,44000.00,2,3,
2026-03-04,vijaykumar,2.3.6(i)b,2.3,Bored Cast In-Situ Piling,4000.000,cu.m.,0,78000.00,0,4,
2026-03-04,illayaraja,2.3.6(i)d,2.3,Bored Cast In-Situ Piling,0.010,Sqm,0,0,0,0,Source qty=0 — resource deployment only (idle/no-output day)
2026-03-04,kbarman,2.3.6(i)d,2.3,Bored Cast In-Situ Piling,0.010,Sqm,0,0,0,0,Source qty=0 — resource deployment only (idle/no-output day)
2026-03-04,parvaiz,2.3.6(i)d,2.3,Bored Cast In-Situ Piling,0.010,cu.m.,0,0,0,0,Source qty=0 — resource deployment only (idle/no-output day)
2026-03-04,illayaraja,2.4.6(i),2.4,Pile Cap,150.000,cu.m.,0,8000.00,0,2,
2026-03-04,ismaila,2.4.6(i),2.4,Pile Cap,0.010,cu.m.,0,5000.00,0,1,Source qty=0 — resource deployment only (idle/no-output day)
2026-03-04,kbarman,2.4.6(i),2.4,Pile Cap,0.010,cu.m.,0,0,0,0,Source qty=0 — resource deployment only (idle/no-output day)
2026-03-04,parvaiz,2.4.6(i),2.4,Pile Cap,0.010,cu.m.,0,0,0,0,Source qty=0 — resource deployment only (idle/no-output day)
2026-03-04,sanjar,2.4.6(i),2.4,Pile Cap,0.010,trip,0,0,0,0,Source qty=0 — resource deployment only (idle/no-output day)
2026-03-04,illayaraja,2.4.6(i)a,2.4,Pile Cap,0.010,cu.m.,0,0,0,0,Source qty=0 — resource deployment only (idle/no-output day)
2026-03-04,ismaila,2.4.6(i)a,2.4,Pile Cap,0.010,cu.m.,0,0,0,0,Source qty=0 — resource deployment only (idle/no-output day)
2026-03-04,sanjar,2.4.6(i)a,2.4,Pile Cap,0.010,cu.m.,0,0,0,0,Source qty=0 — resource deployment only (idle/no-output day)
2026-03-04,illayaraja,2.6.6(i),2.6,Pier,0.010,cu.m.,0,0,0,0,Source qty=0 — resource deployment only (idle/no-output day)
2026-03-04,kbarman,2.6.6(i),2.6,Pier,0.010,cu.m.,0,0,0,0,Source qty=0 — resource deployment only (idle/no-output day)
2026-03-04,parvaiz,2.6.6(i),2.6,Pier,0.010,cu.m.,0,0,0,0,Source qty=0 — resource deployment only (idle/no-output day)
2026-03-04,ismaila,2.6.6(i)a,2.6,Pier,0.010,cu.m.,0,0,0,0,Source qty=0 — resource deployment only (idle/no-output day)
2026-03-04,vijaykumar,2.6.6(i)a,2.6,Pier,600.000,cu.m.,0,0,0,0,
2026-03-04,illayaraja,2.7.6 (i),2.7,Abutment,0.010,cu.m.,0,0,0,0,Source qty=0 — resource deployment only (idle/no-output day)
2026-03-04,kbarman,2.7.6 (i),2.7,Abutment,0.010,lin.m.,0,0,0,0,Source qty=0 — resource deployment only (idle/no-output day)
2026-03-04,parvaiz,2.7.6 (i),2.7,Abutment,0.010,cu.m.,0,0,0,0,Source qty=0 — resource deployment only (idle/no-output day)
2026-03-04,ismaila,3.2.6 (ii),3.2,Concrete RCC,415.000,cu.m.,500.00,17500.00,1,4,
2026-03-04,kbarman,3.2.6 (ii),3.2,Concrete RCC,0.010,cu.m.,0,0,0,0,Source qty=0 — resource deployment only (idle/no-output day)
2026-03-04,parvaiz,3.2.6 (ii),3.2,Concrete RCC,0.010,cu.m.,0,0,0,0,Source qty=0 — resource deployment only (idle/no-output day)
2026-03-04,saiffuddin,3.2.6 (ii)a,3.2,Concrete RCC,250.000,cu.m.,0,15000.00,0,2,
2026-03-04,illayaraja,5.1.7 (iii),5.1,Bearings,0.010,cu.m.,0,0,0,0,Source qty=0 — resource deployment only (idle/no-output day)
2026-03-04,kbarman,5.1.7 (iii),5.1,Bearings,0.010,cu.m.,0,0,0,0,Source qty=0 — resource deployment only (idle/no-output day)
2026-03-04,vijaykumar,5.1.7 (iii),5.1,Bearings,250.000,cu.m.,0,0,0,0,
2026-03-04,illayaraja,5.1.7 (iii)a,5.1,Bearings,0.010,sq.m.,0,0,0,0,Source qty=0 — resource deployment only (idle/no-output day)
2026-03-04,kbarman,5.1.7 (iii)a,5.1,Bearings,0.010,sq.m.,0,0,0,0,Source qty=0 — resource deployment only (idle/no-output day)
2026-03-04,kbarman,5.10.6 (i),5.10,Anchor Blocks,0.010,sq.m.,0,0,0,0,Source qty=0 — resource deployment only (idle/no-output day)
2026-03-04,parvaiz,5.10.6 (i),5.10,Anchor Blocks,0.010,cu.m.,0,0,0,0,Source qty=0 — resource deployment only (idle/no-output day)
2026-03-04,illayaraja,5.2.6 (ii),5.2,Expansion Joints,0.010,kg.,0,0,0,0,Source qty=0 — resource deployment only (idle/no-output day)
2026-03-04,anirban,5.2.6 (ii)a,5.2,Expansion Joints,117.000,kg.,900.00,0,1,0,
2026-03-04,kbarman,5.2.6 (ii)a,5.2,Expansion Joints,0.010,kg.,0,0,0,0,Source qty=0 — resource deployment only (idle/no-output day)
2026-03-04,illayaraja,9.1.6(ii),9.0,Approach Slab,25.000,cu.m.,6600.00,5000.00,2,2,
2026-03-04,ismaila,9.1.6(ii),9.0,Approach Slab,40.000,lin.m.,0,0,0,0,
2026-03-04,kbarman,9.1.6(ii),9.0,Approach Slab,0.010,sq.m.,0,0,0,0,Source qty=0 — resource deployment only (idle/no-output day)
2026-03-05,ismaila,1,1.0,Preliminaries,0.010,sq.m.,0,3000.00,0,1,Source qty=0 — resource deployment only (idle/no-output day)
2026-03-05,illayaraja,1.1,1.1,Site Establishment,0.010,lin.m.,0,0,0,0,Source qty=0 — resource deployment only (idle/no-output day)
2026-03-05,kbarman,1.1,1.1,Site Establishment,0.010,sq.m.,0,0,0,0,Source qty=0 — resource deployment only (idle/no-output day)
2026-03-05,parvaiz,1.1,1.1,Site Establishment,0.010,cu.m.,0,0,0,0,Source qty=0 — resource deployment only (idle/no-output day)
2026-03-05,saiffuddin,1.1,1.1,Site Establishment,21.000,m,1500.00,7300.00,1,3,
2026-03-05,vijaykumar,1.1,1.1,Site Establishment,0.010,sq.m.,0,3000.00,0,1,Source qty=0 — resource deployment only (idle/no-output day)
2026-03-05,anirban,13.1.7(ix)b,13.0,Drainage,24.000,lin.m.,5800.00,12000.00,2,1,
2026-03-05,kbarman,13.1.7(ix)b,13.0,Drainage,0.010,sq.m.,0,0,0,0,Source qty=0 — resource deployment only (idle/no-output day)
2026-03-05,anirban,13.1.7(ix)b2,13.0,Drainage,703.000,cu.m.,7700.00,0,2,0,
2026-03-05,kbarman,13.1.7(ix)b2,13.0,Drainage,352.000,kg.,8500.00,3000.00,4,1,
2026-03-05,illayaraja,18.3,18.3,Bituminous Layers,0.010,cu.m.,0,0,0,0,Source qty=0 — resource deployment only (idle/no-output day)
2026-03-05,kbarman,18.3.6,18.3,Bituminous Layers,0.010,lin.m.,0,0,0,0,Source qty=0 — resource deployment only (idle/no-output day)
2026-03-05,kbarman,18.3.6(i),18.3,Bituminous Layers,0.010,lin.m.,0,0,0,0,Source qty=0 — resource deployment only (idle/no-output day)
2026-03-05,parvaiz,18.3.6(i),18.3,Bituminous Layers,0.010,lin.m.,0,0,0,0,Source qty=0 — resource deployment only (idle/no-output day)
2026-03-05,ismaila,2.3.6(i),2.3,Bored Cast In-Situ Piling,0.010,cu.m.,0,0,0,0,Source qty=0 — resource deployment only (idle/no-output day)
2026-03-05,kbarman,2.3.6(i),2.3,Bored Cast In-Situ Piling,0.010,cu.m.,0,0,0,0,Source qty=0 — resource deployment only (idle/no-output day)
2026-03-05,anirban,2.3.6(i)a,2.3,Bored Cast In-Situ Piling,30.000,lin.m.,1000.00,3000.00,1,1,
2026-03-05,illayaraja,2.3.6(i)a,2.3,Bored Cast In-Situ Piling,300.000,cu.m.,1500.00,7500.00,1,2,
2026-03-05,ismaila,2.3.6(i)a,2.3,Bored Cast In-Situ Piling,1050.000,cu.m.,1700.00,11000.00,2,2,
2026-03-05,kbarman,2.3.6(i)a,2.3,Bored Cast In-Situ Piling,0.010,Sqm,0,0,0,0,Source qty=0 — resource deployment only (idle/no-output day)
2026-03-05,parvaiz,2.3.6(i)a,2.3,Bored Cast In-Situ Piling,0.010,lin.m.,0,0,0,0,Source qty=0 — resource deployment only (idle/no-output day)
2026-03-05,vijaykumar,2.3.6(i)a,2.3,Bored Cast In-Situ Piling,600.000,cu.m.,6900.00,24000.00,3,3,
2026-03-05,illayaraja,2.3.6(i)b,2.3,Bored Cast In-Situ Piling,0.010,cu.m.,0,0,0,0,Source qty=0 — resource deployment only (idle/no-output day)
2026-03-05,ismaila,2.3.6(i)b,2.3,Bored Cast In-Situ Piling,0.010,cu.m.,0,0,0,0,Source qty=0 — resource deployment only (idle/no-output day)
2026-03-05,kbarman,2.3.6(i)b,2.3,Bored Cast In-Situ Piling,0.010,cu.m.,0,0,0,0,Source qty=0 — resource deployment only (idle/no-output day)
2026-03-05,saiffuddin,2.3.6(i)b,2.3,Bored Cast In-Situ Piling,850.000,cu.m.,3500.00,44000.00,2,3,
2026-03-05,vijaykumar,2.3.6(i)b,2.3,Bored Cast In-Situ Piling,3000.000,cu.m.,0,80000.00,0,3,
2026-03-05,illayaraja,2.3.6(i)d,2.3,Bored Cast In-Situ Piling,0.010,Sqm,0,0,0,0,Source qty=0 — resource deployment only (idle/no-output day)
2026-03-05,kbarman,2.3.6(i)d,2.3,Bored Cast In-Situ Piling,0.010,Sqm,0,0,0,0,Source qty=0 — resource deployment only (idle/no-output day)
2026-03-05,parvaiz,2.3.6(i)d,2.3,Bored Cast In-Situ Piling,0.010,cu.m.,0,0,0,0,Source qty=0 — resource deployment only (idle/no-output day)
2026-03-05,illayaraja,2.4.6(i),2.4,Pile Cap,130.000,cu.m.,0,8000.00,0,2,
2026-03-05,ismaila,2.4.6(i),2.4,Pile Cap,200.000,cu.m.,0,5000.00,0,1,
2026-03-05,kbarman,2.4.6(i),2.4,Pile Cap,180.000,cu.m.,2000.00,12500.00,1,2,
2026-03-05,parvaiz,2.4.6(i),2.4,Pile Cap,0.010,cu.m.,0,0,0,0,Source qty=0 — resource deployment only (idle/no-output day)
2026-03-05,sanjar,2.4.6(i),2.4,Pile Cap,0.010,trip,0,0,0,0,Source qty=0 — resource deployment only (idle/no-output day)
2026-03-05,illayaraja,2.4.6(i)a,2.4,Pile Cap,0.010,cu.m.,0,0,0,0,Source qty=0 — resource deployment only (idle/no-output day)
2026-03-05,ismaila,2.4.6(i)a,2.4,Pile Cap,0.010,cu.m.,0,0,0,0,Source qty=0 — resource deployment only (idle/no-output day)
2026-03-05,sanjar,2.4.6(i)a,2.4,Pile Cap,0.010,cu.m.,0,0,0,0,Source qty=0 — resource deployment only (idle/no-output day)
2026-03-05,illayaraja,2.6.6(i),2.6,Pier,0.010,cu.m.,0,0,0,0,Source qty=0 — resource deployment only (idle/no-output day)
2026-03-05,ismaila,2.6.6(i),2.6,Pier,570.000,cu.m.,500.00,18500.00,1,4,
2026-03-05,kbarman,2.6.6(i),2.6,Pier,0.010,cu.m.,0,0,0,0,Source qty=0 — resource deployment only (idle/no-output day)
2026-03-05,parvaiz,2.6.6(i),2.6,Pier,0.010,cu.m.,0,0,0,0,Source qty=0 — resource deployment only (idle/no-output day)
2026-03-05,ismaila,2.6.6(i)a,2.6,Pier,450.000,cu.m.,500.00,14000.00,1,3,
2026-03-05,vijaykumar,2.6.6(i)a,2.6,Pier,250.000,cu.m.,0,0,0,0,
2026-03-05,illayaraja,2.7.6 (i),2.7,Abutment,0.010,cu.m.,0,0,0,0,Source qty=0 — resource deployment only (idle/no-output day)
2026-03-05,kbarman,2.7.6 (i),2.7,Abutment,0.010,lin.m.,0,0,0,0,Source qty=0 — resource deployment only (idle/no-output day)
2026-03-05,parvaiz,2.7.6 (i),2.7,Abutment,0.010,cu.m.,0,0,0,0,Source qty=0 — resource deployment only (idle/no-output day)
2026-03-05,ismaila,3.2.6 (ii),3.2,Concrete RCC,0.010,cu.m.,0,0,0,0,Source qty=0 — resource deployment only (idle/no-output day)
2026-03-05,kbarman,3.2.6 (ii),3.2,Concrete RCC,0.010,cu.m.,0,0,0,0,Source qty=0 — resource deployment only (idle/no-output day)
2026-03-05,parvaiz,3.2.6 (ii),3.2,Concrete RCC,0.010,cu.m.,0,0,0,0,Source qty=0 — resource deployment only (idle/no-output day)
2026-03-05,saiffuddin,3.2.6 (ii)a,3.2,Concrete RCC,350.000,cu.m.,0,15000.00,0,2,
2026-03-05,illayaraja,5.1.7 (iii),5.1,Bearings,0.010,cu.m.,1600.00,0,1,0,Source qty=0 — resource deployment only (idle/no-output day)
2026-03-05,kbarman,5.1.7 (iii),5.1,Bearings,0.010,cu.m.,0,0,0,0,Source qty=0 — resource deployment only (idle/no-output day)
2026-03-05,vijaykumar,5.1.7 (iii),5.1,Bearings,250.000,cu.m.,0,0,0,0,
2026-03-05,illayaraja,5.1.7 (iii)a,5.1,Bearings,0.010,sq.m.,0,0,0,0,Source qty=0 — resource deployment only (idle/no-output day)
2026-03-05,kbarman,5.1.7 (iii)a,5.1,Bearings,0.010,sq.m.,0,0,0,0,Source qty=0 — resource deployment only (idle/no-output day)
2026-03-05,kbarman,5.10.6 (i),5.10,Anchor Blocks,127.000,sq.m.,2000.00,0,1,0,
2026-03-05,parvaiz,5.10.6 (i),5.10,Anchor Blocks,0.010,cu.m.,0,0,0,0,Source qty=0 — resource deployment only (idle/no-output day)
2026-03-05,illayaraja,5.2.6 (ii),5.2,Expansion Joints,0.010,kg.,0,0,0,0,Source qty=0 — resource deployment only (idle/no-output day)
2026-03-05,anirban,5.2.6 (ii)a,5.2,Expansion Joints,682.000,kg.,4500.00,0,1,0,
2026-03-05,kbarman,5.2.6 (ii)a,5.2,Expansion Joints,0.010,kg.,0,0,0,0,Source qty=0 — resource deployment only (idle/no-output day)
2026-03-05,illayaraja,9.1.6(ii),9.0,Approach Slab,150.000,cu.m.,0,13000.00,0,3,
2026-03-05,kbarman,9.1.6(ii),9.0,Approach Slab,0.010,sq.m.,0,0,0,0,Source qty=0 — resource deployment only (idle/no-output day)
2026-03-06,ismaila,1,1.0,Preliminaries,0.010,sq.m.,0,0,0,0,Source qty=0 — resource deployment only (idle/no-output day)
2026-03-06,kbarman,1,1.0,Preliminaries,0.010,sq.m.,3500.00,3000.00,1,1,Source qty=0 — resource deployment only (idle/no-output day)
2026-03-06,illayaraja,1.1,1.1,Site Establishment,0.010,lin.m.,0,0,0,0,Source qty=0 — resource deployment only (idle/no-output day)
2026-03-06,parvaiz,1.1,1.1,Site Establishment,0.010,cu.m.,0,0,0,0,Source qty=0 — resource deployment only (idle/no-output day)
2026-03-06,saiffuddin,1.1,1.1,Site Establishment,24.000,m,1500.00,12300.00,1,3,
2026-03-06,vijaykumar,1.1,1.1,Site Establishment,0.010,sq.m.,0,0,0,0,Source qty=0 — resource deployment only (idle/no-output day)
2026-03-06,anirban,1.2,1.2,Mobilization,0.010,sq.m.,0,0,0,0,Source qty=0 — resource deployment only (idle/no-output day)
2026-03-06,anirban,13.1.7(ix)b,13.0,Drainage,0.010,lin.m.,0,0,0,0,Source qty=0 — resource deployment only (idle/no-output day)
2026-03-06,kbarman,13.1.7(ix)b,13.0,Drainage,0.010,sq.m.,0,0,0,0,Source qty=0 — resource deployment only (idle/no-output day)
2026-03-06,anirban,13.1.7(ix)b1,13.0,Drainage,0.010,kg.,0,0,0,0,Source qty=0 — resource deployment only (idle/no-output day)
2026-03-06,anirban,13.1.7(ix)b2,13.0,Drainage,0.010,cu.m.,0,0,0,0,Source qty=0 — resource deployment only (idle/no-output day)
2026-03-06,kbarman,13.1.7(ix)b2,13.0,Drainage,0.010,kg.,0,0,0,0,Source qty=0 — resource deployment only (idle/no-output day)
2026-03-06,illayaraja,18.3,18.3,Bituminous Layers,0.010,cu.m.,0,0,0,0,Source qty=0 — resource deployment only (idle/no-output day)
2026-03-06,kbarman,18.3.6,18.3,Bituminous Layers,0.010,lin.m.,0,0,0,0,Source qty=0 — resource deployment only (idle/no-output day)
2026-03-06,kbarman,18.3.6(i),18.3,Bituminous Layers,0.010,lin.m.,0,0,0,0,Source qty=0 — resource deployment only (idle/no-output day)
2026-03-06,parvaiz,18.3.6(i),18.3,Bituminous Layers,0.010,lin.m.,0,0,0,0,Source qty=0 — resource deployment only (idle/no-output day)
2026-03-06,ismaila,2.3.6(i),2.3,Bored Cast In-Situ Piling,0.010,cu.m.,0,0,0,0,Source qty=0 — resource deployment only (idle/no-output day)
2026-03-06,kbarman,2.3.6(i),2.3,Bored Cast In-Situ Piling,0.010,cu.m.,0,0,0,0,Source qty=0 — resource deployment only (idle/no-output day)
2026-03-06,illayaraja,2.3.6(i)a,2.3,Bored Cast In-Situ Piling,0.010,cu.m.,0,0,0,0,Source qty=0 — resource deployment only (idle/no-output day)
2026-03-06,ismaila,2.3.6(i)a,2.3,Bored Cast In-Situ Piling,0.010,cu.m.,0,0,0,0,Source qty=0 — resource deployment only (idle/no-output day)
2026-03-06,kbarman,2.3.6(i)a,2.3,Bored Cast In-Situ Piling,0.010,Sqm,0,0,0,0,Source qty=0 — resource deployment only (idle/no-output day)
2026-03-06,parvaiz,2.3.6(i)a,2.3,Bored Cast In-Situ Piling,0.010,lin.m.,0,0,0,0,Source qty=0 — resource deployment only (idle/no-output day)
2026-03-06,vijaykumar,2.3.6(i)a,2.3,Bored Cast In-Situ Piling,0.010,cu.m.,0,0,0,0,Source qty=0 — resource deployment only (idle/no-output day)
2026-03-06,illayaraja,2.3.6(i)b,2.3,Bored Cast In-Situ Piling,0.010,cu.m.,0,0,0,0,Source qty=0 — resource deployment only (idle/no-output day)
2026-03-06,ismaila,2.3.6(i)b,2.3,Bored Cast In-Situ Piling,550.000,cu.m.,1700.00,6000.00,2,1,
2026-03-06,kbarman,2.3.6(i)b,2.3,Bored Cast In-Situ Piling,0.010,cu.m.,0,0,0,0,Source qty=0 — resource deployment only (idle/no-output day)
2026-03-06,saiffuddin,2.3.6(i)b,2.3,Bored Cast In-Situ Piling,850.000,cu.m.,3500.00,39000.00,2,3,
2026-03-06,vijaykumar,2.3.6(i)b,2.3,Bored Cast In-Situ Piling,0.010,cu.m.,0,0,0,0,Source qty=0 — resource deployment only (idle/no-output day)
2026-03-06,illayaraja,2.3.6(i)d,2.3,Bored Cast In-Situ Piling,0.010,Sqm,0,0,0,0,Source qty=0 — resource deployment only (idle/no-output day)
2026-03-06,kbarman,2.3.6(i)d,2.3,Bored Cast In-Situ Piling,0.010,Sqm,0,0,0,0,Source qty=0 — resource deployment only (idle/no-output day)
2026-03-06,parvaiz,2.3.6(i)d,2.3,Bored Cast In-Situ Piling,0.010,cu.m.,0,0,0,0,Source qty=0 — resource deployment only (idle/no-output day)
2026-03-06,illayaraja,2.4.6(i),2.4,Pile Cap,0.010,cu.m.,0,0,0,0,Source qty=0 — resource deployment only (idle/no-output day)
2026-03-06,ismaila,2.4.6(i),2.4,Pile Cap,120.000,cu.m.,0,5000.00,0,1,
2026-03-06,kbarman,2.4.6(i),2.4,Pile Cap,0.010,cu.m.,0,0,0,0,Source qty=0 — resource deployment only (idle/no-output day)
2026-03-06,parvaiz,2.4.6(i),2.4,Pile Cap,0.010,cu.m.,0,0,0,0,Source qty=0 — resource deployment only (idle/no-output day)
2026-03-06,sanjar,2.4.6(i),2.4,Pile Cap,0.010,trip,0,0,0,0,Source qty=0 — resource deployment only (idle/no-output day)
2026-03-06,illayaraja,2.4.6(i)a,2.4,Pile Cap,0.010,cu.m.,0,0,0,0,Source qty=0 — resource deployment only (idle/no-output day)
2026-03-06,ismaila,2.4.6(i)a,2.4,Pile Cap,0.010,cu.m.,0,0,0,0,Source qty=0 — resource deployment only (idle/no-output day)
2026-03-06,sanjar,2.4.6(i)a,2.4,Pile Cap,0.010,cu.m.,0,0,0,0,Source qty=0 — resource deployment only (idle/no-output day)
2026-03-06,illayaraja,2.6.6(i),2.6,Pier,0.010,cu.m.,0,0,0,0,Source qty=0 — resource deployment only (idle/no-output day)
2026-03-06,ismaila,2.6.6(i),2.6,Pier,645.000,cu.m.,500.00,18500.00,1,4,
2026-03-06,kbarman,2.6.6(i),2.6,Pier,0.010,cu.m.,0,0,0,0,Source qty=0 — resource deployment only (idle/no-output day)
2026-03-06,parvaiz,2.6.6(i),2.6,Pier,0.010,cu.m.,0,0,0,0,Source qty=0 — resource deployment only (idle/no-output day)
2026-03-06,ismaila,2.6.6(i)a,2.6,Pier,210.000,cu.m.,500.00,8000.00,1,2,
2026-03-06,vijaykumar,2.6.6(i)a,2.6,Pier,0.010,cu.m.,0,0,0,0,Source qty=0 — resource deployment only (idle/no-output day)
2026-03-06,illayaraja,2.7.6 (i),2.7,Abutment,0.010,cu.m.,0,0,0,0,Source qty=0 — resource deployment only (idle/no-output day)
2026-03-06,kbarman,2.7.6 (i),2.7,Abutment,0.010,lin.m.,0,0,0,0,Source qty=0 — resource deployment only (idle/no-output day)
2026-03-06,parvaiz,2.7.6 (i),2.7,Abutment,0.010,cu.m.,0,0,0,0,Source qty=0 — resource deployment only (idle/no-output day)
2026-03-06,ismaila,3.2.6 (ii),3.2,Concrete RCC,0.010,cu.m.,0,0,0,0,Source qty=0 — resource deployment only (idle/no-output day)
2026-03-06,kbarman,3.2.6 (ii),3.2,Concrete RCC,300.000,cu.m.,1000.00,4500.00,1,2,
2026-03-06,parvaiz,3.2.6 (ii),3.2,Concrete RCC,0.010,cu.m.,0,0,0,0,Source qty=0 — resource deployment only (idle/no-output day)
2026-03-06,saiffuddin,3.2.6 (ii)a,3.2,Concrete RCC,300.000,cu.m.,0,15000.00,0,2,
2026-03-06,illayaraja,5.1.7 (iii),5.1,Bearings,0.010,cu.m.,0,0,0,0,Source qty=0 — resource deployment only (idle/no-output day)
2026-03-06,kbarman,5.1.7 (iii),5.1,Bearings,0.010,cu.m.,0,0,0,0,Source qty=0 — resource deployment only (idle/no-output day)
2026-03-06,vijaykumar,5.1.7 (iii),5.1,Bearings,0.010,cu.m.,0,0,0,0,Source qty=0 — resource deployment only (idle/no-output day)
2026-03-06,illayaraja,5.1.7 (iii)a,5.1,Bearings,0.010,sq.m.,0,0,0,0,Source qty=0 — resource deployment only (idle/no-output day)
2026-03-06,kbarman,5.1.7 (iii)a,5.1,Bearings,0.010,sq.m.,0,0,0,0,Source qty=0 — resource deployment only (idle/no-output day)
2026-03-06,kbarman,5.10.6 (i),5.10,Anchor Blocks,0.010,sq.m.,0,0,0,0,Source qty=0 — resource deployment only (idle/no-output day)
2026-03-06,parvaiz,5.10.6 (i),5.10,Anchor Blocks,0.010,cu.m.,0,0,0,0,Source qty=0 — resource deployment only (idle/no-output day)
2026-03-06,illayaraja,5.2.6 (ii),5.2,Expansion Joints,0.010,kg.,0,0,0,0,Source qty=0 — resource deployment only (idle/no-output day)
2026-03-06,kbarman,5.2.6 (ii)a,5.2,Expansion Joints,0.010,kg.,0,0,0,0,Source qty=0 — resource deployment only (idle/no-output day)
2026-03-06,illayaraja,9.1.6(ii),9.0,Approach Slab,25.000,cu.m.,4800.00,5000.00,1,2,
2026-03-06,kbarman,9.1.6(ii),9.0,Approach Slab,0.010,sq.m.,0,0,0,0,Source qty=0 — resource deployment only (idle/no-output day)
2026-03-07,ismaila,1,1.0,Preliminaries,0.010,sq.m.,0,0,0,0,Source qty=0 — resource deployment only (idle/no-output day)
2026-03-07,kbarman,1,1.0,Preliminaries,0.010,sq.m.,0,0,0,0,Source qty=0 — resource deployment only (idle/no-output day)
2026-03-07,illayaraja,1.1,1.1,Site Establishment,0.010,lin.m.,0,0,0,0,Source qty=0 — resource deployment only (idle/no-output day)
2026-03-07,parvaiz,1.1,1.1,Site Establishment,0.010,cu.m.,0,0,0,0,Source qty=0 — resource deployment only (idle/no-output day)
2026-03-07,saiffuddin,1.1,1.1,Site Establishment,6.000,m,500.00,10000.00,1,1,
2026-03-07,vijaykumar,1.1,1.1,Site Establishment,0.010,sq.m.,0,3000.00,0,1,Source qty=0 — resource deployment only (idle/no-output day)
2026-03-07,anirban,13.1.7(ix)b,13.0,Drainage,24.000,lin.m.,5600.00,9000.00,1,1,
2026-03-07,kbarman,13.1.7(ix)b,13.0,Drainage,0.010,sq.m.,0,0,0,0,Source qty=0 — resource deployment only (idle/no-output day)
2026-03-07,anirban,13.1.7(ix)b1,13.0,Drainage,0.010,kg.,0,0,0,0,Source qty=0 — resource deployment only (idle/no-output day)
2026-03-07,anirban,13.1.7(ix)b2,13.0,Drainage,0.010,cu.m.,0,0,0,0,Source qty=0 — resource deployment only (idle/no-output day)
2026-03-07,kbarman,13.1.7(ix)b2,13.0,Drainage,775.000,lin.m.,12200.00,0,2,0,
2026-03-07,illayaraja,18.3,18.3,Bituminous Layers,0.010,cu.m.,0,0,0,0,Source qty=0 — resource deployment only (idle/no-output day)
2026-03-07,kbarman,18.3.6,18.3,Bituminous Layers,0.010,lin.m.,0,0,0,0,Source qty=0 — resource deployment only (idle/no-output day)
2026-03-07,kbarman,18.3.6(i),18.3,Bituminous Layers,0.010,lin.m.,0,0,0,0,Source qty=0 — resource deployment only (idle/no-output day)
2026-03-07,parvaiz,18.3.6(i),18.3,Bituminous Layers,0.010,lin.m.,0,0,0,0,Source qty=0 — resource deployment only (idle/no-output day)
2026-03-07,ismaila,2.3.6(i),2.3,Bored Cast In-Situ Piling,0.010,cu.m.,0,0,0,0,Source qty=0 — resource deployment only (idle/no-output day)
2026-03-07,kbarman,2.3.6(i),2.3,Bored Cast In-Situ Piling,0.010,cu.m.,0,0,0,0,Source qty=0 — resource deployment only (idle/no-output day)
2026-03-07,illayaraja,2.3.6(i)a,2.3,Bored Cast In-Situ Piling,300.000,cu.m.,1500.00,5500.00,1,2,
2026-03-07,ismaila,2.3.6(i)a,2.3,Bored Cast In-Situ Piling,800.000,cu.m.,1700.00,22000.00,2,2,
2026-03-07,kbarman,2.3.6(i)a,2.3,Bored Cast In-Situ Piling,0.010,Sqm,0,0,0,0,Source qty=0 — resource deployment only (idle/no-output day)
2026-03-07,parvaiz,2.3.6(i)a,2.3,Bored Cast In-Situ Piling,0.010,lin.m.,0,0,0,0,Source qty=0 — resource deployment only (idle/no-output day)
2026-03-07,vijaykumar,2.3.6(i)a,2.3,Bored Cast In-Situ Piling,850.000,cu.m.,6900.00,26000.00,3,2,
2026-03-07,illayaraja,2.3.6(i)b,2.3,Bored Cast In-Situ Piling,0.010,cu.m.,0,0,0,0,Source qty=0 — resource deployment only (idle/no-output day)
2026-03-07,ismaila,2.3.6(i)b,2.3,Bored Cast In-Situ Piling,0.010,cu.m.,0,0,0,0,Source qty=0 — resource deployment only (idle/no-output day)
2026-03-07,kbarman,2.3.6(i)b,2.3,Bored Cast In-Situ Piling,0.010,cu.m.,0,0,0,0,Source qty=0 — resource deployment only (idle/no-output day)
2026-03-07,saiffuddin,2.3.6(i)b,2.3,Bored Cast In-Situ Piling,510.000,cu.m.,2500.00,31000.00,2,3,
2026-03-07,vijaykumar,2.3.6(i)b,2.3,Bored Cast In-Situ Piling,3500.000,cu.m.,0,66000.00,0,3,
2026-03-07,illayaraja,2.3.6(i)d,2.3,Bored Cast In-Situ Piling,0.010,Sqm,0,0,0,0,Source qty=0 — resource deployment only (idle/no-output day)
2026-03-07,kbarman,2.3.6(i)d,2.3,Bored Cast In-Situ Piling,0.010,Sqm,0,0,0,0,Source qty=0 — resource deployment only (idle/no-output day)
2026-03-07,parvaiz,2.3.6(i)d,2.3,Bored Cast In-Situ Piling,0.010,cu.m.,0,0,0,0,Source qty=0 — resource deployment only (idle/no-output day)
2026-03-07,illayaraja,2.4.6(i),2.4,Pile Cap,150.000,cu.m.,0,8000.00,0,2,
2026-03-07,ismaila,2.4.6(i),2.4,Pile Cap,0.010,cu.m.,0,0,0,0,Source qty=0 — resource deployment only (idle/no-output day)
2026-03-07,kbarman,2.4.6(i),2.4,Pile Cap,200.000,cu.m.,1000.00,9000.00,1,2,
2026-03-07,parvaiz,2.4.6(i),2.4,Pile Cap,100.000,lin.m.,3500.00,19500.00,2,4,
2026-03-07,sanjar,2.4.6(i),2.4,Pile Cap,0.010,trip,0,0,0,0,Source qty=0 — resource deployment only (idle/no-output day)
2026-03-07,illayaraja,2.4.6(i)a,2.4,Pile Cap,0.010,cu.m.,0,0,0,0,Source qty=0 — resource deployment only (idle/no-output day)
2026-03-07,ismaila,2.4.6(i)a,2.4,Pile Cap,0.010,cu.m.,0,0,0,0,Source qty=0 — resource deployment only (idle/no-output day)
2026-03-07,sanjar,2.4.6(i)a,2.4,Pile Cap,0.010,cu.m.,0,0,0,0,Source qty=0 — resource deployment only (idle/no-output day)
2026-03-07,illayaraja,2.6.6(i),2.6,Pier,0.010,cu.m.,0,0,0,0,Source qty=0 — resource deployment only (idle/no-output day)
2026-03-07,ismaila,2.6.6(i),2.6,Pier,1850.000,cu.m.,500.00,23500.00,1,4,
2026-03-07,kbarman,2.6.6(i),2.6,Pier,0.010,cu.m.,0,0,0,0,Source qty=0 — resource deployment only (idle/no-output day)
2026-03-07,parvaiz,2.6.6(i),2.6,Pier,0.010,cu.m.,0,0,0,0,Source qty=0 — resource deployment only (idle/no-output day)
2026-03-07,vijaykumar,2.6.6(i)a,2.6,Pier,380.000,cu.m.,0,0,0,0,
2026-03-07,illayaraja,2.7.6 (i),2.7,Abutment,0.010,cu.m.,0,0,0,0,Source qty=0 — resource deployment only (idle/no-output day)
2026-03-07,kbarman,2.7.6 (i),2.7,Abutment,230.000,cu.m.,3000.00,6500.00,1,2,
2026-03-07,parvaiz,2.7.6 (i),2.7,Abutment,60.000,cu.m.,1500.00,17000.00,1,3,
2026-03-07,ismaila,3.2.6 (ii),3.2,Concrete RCC,0.010,cu.m.,0,0,0,0,Source qty=0 — resource deployment only (idle/no-output day)
2026-03-07,kbarman,3.2.6 (ii),3.2,Concrete RCC,0.010,cu.m.,0,0,0,0,Source qty=0 — resource deployment only (idle/no-output day)
2026-03-07,parvaiz,3.2.6 (ii),3.2,Concrete RCC,0.010,cu.m.,0,0,0,0,Source qty=0 — resource deployment only (idle/no-output day)
2026-03-07,saiffuddin,3.2.6 (ii)a,3.2,Concrete RCC,200.000,cu.m.,0,15000.00,0,2,
2026-03-07,illayaraja,5.1.7 (iii),5.1,Bearings,0.010,cu.m.,1600.00,0,1,0,Source qty=0 — resource deployment only (idle/no-output day)
2026-03-07,kbarman,5.1.7 (iii),5.1,Bearings,0.010,cu.m.,0,0,0,0,Source qty=0 — resource deployment only (idle/no-output day)
2026-03-07,vijaykumar,5.1.7 (iii),5.1,Bearings,350.000,cu.m.,0,0,0,0,
2026-03-07,anirban,5.1.7 (iii)a,5.1,Bearings,75.000,sq.m.,14400.00,0,1,0,
2026-03-07,illayaraja,5.1.7 (iii)a,5.1,Bearings,0.010,sq.m.,0,0,0,0,Source qty=0 — resource deployment only (idle/no-output day)
2026-03-07,kbarman,5.1.7 (iii)a,5.1,Bearings,12.000,sq.m.,3200.00,0,1,0,
2026-03-07,kbarman,5.10.6 (i),5.10,Anchor Blocks,0.010,sq.m.,0,0,0,0,Source qty=0 — resource deployment only (idle/no-output day)
2026-03-07,parvaiz,5.10.6 (i),5.10,Anchor Blocks,0.010,cu.m.,0,0,0,0,Source qty=0 — resource deployment only (idle/no-output day)
2026-03-07,illayaraja,5.2.6 (ii),5.2,Expansion Joints,0.010,kg.,0,0,0,0,Source qty=0 — resource deployment only (idle/no-output day)
2026-03-07,kbarman,5.2.6 (ii)a,5.2,Expansion Joints,0.010,kg.,0,0,0,0,Source qty=0 — resource deployment only (idle/no-output day)
2026-03-07,illayaraja,9.1.6(ii),9.0,Approach Slab,370.000,cu.m.,5600.00,16000.00,1,3,
2026-03-07,kbarman,9.1.6(ii),9.0,Approach Slab,0.010,sq.m.,0,0,0,0,Source qty=0 — resource deployment only (idle/no-output day)
2026-03-08,ismaila,1,1.0,Preliminaries,415.000,sq.m.,0,8500.00,0,2,
2026-03-08,kbarman,1,1.0,Preliminaries,0.010,sq.m.,0,0,0,0,Source qty=0 — resource deployment only (idle/no-output day)
2026-03-08,illayaraja,1.1,1.1,Site Establishment,0.010,lin.m.,0,0,0,0,Source qty=0 — resource deployment only (idle/no-output day)
2026-03-08,parvaiz,1.1,1.1,Site Establishment,0.010,cu.m.,0,0,0,0,Source qty=0 — resource deployment only (idle/no-output day)
2026-03-08,saiffuddin,1.1,1.1,Site Establishment,29.000,m,1500.00,12300.00,1,3,
2026-03-08,vijaykumar,1.1,1.1,Site Establishment,0.010,sq.m.,0,3000.00,0,1,Source qty=0 — resource deployment only (idle/no-output day)
2026-03-08,anirban,13.1.7(ix)b,13.0,Drainage,24.000,lin.m.,5600.00,9000.00,1,1,
2026-03-08,kbarman,13.1.7(ix)b,13.0,Drainage,35.000,sq.m.,3200.00,0,1,0,
2026-03-08,anirban,13.1.7(ix)b1,13.0,Drainage,0.010,kg.,0,0,0,0,Source qty=0 — resource deployment only (idle/no-output day)
2026-03-08,anirban,13.1.7(ix)b2,13.0,Drainage,0.010,cu.m.,0,0,0,0,Source qty=0 — resource deployment only (idle/no-output day)
2026-03-08,kbarman,13.1.7(ix)b2,13.0,Drainage,30.000,lin.m.,5500.00,3000.00,2,1,
2026-03-08,illayaraja,18.3,18.3,Bituminous Layers,0.010,cu.m.,0,0,0,0,Source qty=0 — resource deployment only (idle/no-output day)
2026-03-08,kbarman,18.3.6,18.3,Bituminous Layers,0.010,lin.m.,0,0,0,0,Source qty=0 — resource deployment only (idle/no-output day)
2026-03-08,kbarman,18.3.6(i),18.3,Bituminous Layers,0.010,lin.m.,0,0,0,0,Source qty=0 — resource deployment only (idle/no-output day)
2026-03-08,parvaiz,18.3.6(i),18.3,Bituminous Layers,0.010,lin.m.,0,0,0,0,Source qty=0 — resource deployment only (idle/no-output day)
2026-03-08,ismaila,2.3.6(i),2.3,Bored Cast In-Situ Piling,0.010,cu.m.,0,0,0,0,Source qty=0 — resource deployment only (idle/no-output day)
2026-03-08,kbarman,2.3.6(i),2.3,Bored Cast In-Situ Piling,0.010,cu.m.,0,0,0,0,Source qty=0 — resource deployment only (idle/no-output day)
2026-03-08,illayaraja,2.3.6(i)a,2.3,Bored Cast In-Situ Piling,200.000,sq.m.,1500.00,4500.00,1,2,
2026-03-08,ismaila,2.3.6(i)a,2.3,Bored Cast In-Situ Piling,450.000,cu.m.,500.00,8000.00,1,2,
2026-03-08,kbarman,2.3.6(i)a,2.3,Bored Cast In-Situ Piling,0.010,Sqm,0,0,0,0,Source qty=0 — resource deployment only (idle/no-output day)
2026-03-08,parvaiz,2.3.6(i)a,2.3,Bored Cast In-Situ Piling,0.010,lin.m.,0,0,0,0,Source qty=0 — resource deployment only (idle/no-output day)
2026-03-08,vijaykumar,2.3.6(i)a,2.3,Bored Cast In-Situ Piling,900.000,cu.m.,5200.00,20000.00,3,1,
2026-03-08,illayaraja,2.3.6(i)b,2.3,Bored Cast In-Situ Piling,0.010,cu.m.,0,0,0,0,Source qty=0 — resource deployment only (idle/no-output day)
2026-03-08,ismaila,2.3.6(i)b,2.3,Bored Cast In-Situ Piling,1800.000,cu.m.,1700.00,11000.00,2,2,
2026-03-08,kbarman,2.3.6(i)b,2.3,Bored Cast In-Situ Piling,0.010,cu.m.,0,0,0,0,Source qty=0 — resource deployment only (idle/no-output day)
2026-03-08,saiffuddin,2.3.6(i)b,2.3,Bored Cast In-Situ Piling,720.000,cu.m.,3500.00,33000.00,2,3,
2026-03-08,vijaykumar,2.3.6(i)b,2.3,Bored Cast In-Situ Piling,2100.000,cu.m.,0,57000.00,0,2,
2026-03-08,illayaraja,2.3.6(i)d,2.3,Bored Cast In-Situ Piling,0.010,Sqm,0,0,0,0,Source qty=0 — resource deployment only (idle/no-output day)
2026-03-08,kbarman,2.3.6(i)d,2.3,Bored Cast In-Situ Piling,0.010,Sqm,0,0,0,0,Source qty=0 — resource deployment only (idle/no-output day)
2026-03-08,parvaiz,2.3.6(i)d,2.3,Bored Cast In-Situ Piling,0.010,cu.m.,0,0,0,0,Source qty=0 — resource deployment only (idle/no-output day)
2026-03-08,illayaraja,2.4.6(i),2.4,Pile Cap,100.000,cu.m.,0,10000.00,0,2,
2026-03-08,ismaila,2.4.6(i),2.4,Pile Cap,0.010,cu.m.,0,0,0,0,Source qty=0 — resource deployment only (idle/no-output day)
2026-03-08,kbarman,2.4.6(i),2.4,Pile Cap,200.000,cu.m.,3000.00,14500.00,1,4,
2026-03-08,parvaiz,2.4.6(i),2.4,Pile Cap,100.000,lin.m.,3000.00,13000.00,2,3,
2026-03-08,sanjar,2.4.6(i),2.4,Pile Cap,0.010,trip,0,0,0,0,Source qty=0 — resource deployment only (idle/no-output day)
2026-03-08,illayaraja,2.4.6(i)a,2.4,Pile Cap,0.010,cu.m.,0,0,0,0,Source qty=0 — resource deployment only (idle/no-output day)
2026-03-08,ismaila,2.4.6(i)a,2.4,Pile Cap,0.010,cu.m.,0,0,0,0,Source qty=0 — resource deployment only (idle/no-output day)
2026-03-08,sanjar,2.4.6(i)a,2.4,Pile Cap,0.010,cu.m.,0,0,0,0,Source qty=0 — resource deployment only (idle/no-output day)
2026-03-08,illayaraja,2.6.6(i),2.6,Pier,0.010,cu.m.,0,0,0,0,Source qty=0 — resource deployment only (idle/no-output day)
2026-03-08,ismaila,2.6.6(i),2.6,Pier,240.000,cu.m.,0,13000.00,0,2,
2026-03-08,kbarman,2.6.6(i),2.6,Pier,0.010,cu.m.,0,0,0,0,Source qty=0 — resource deployment only (idle/no-output day)
2026-03-08,parvaiz,2.6.6(i),2.6,Pier,60.000,m,1500.00,11000.00,1,3,
2026-03-08,vijaykumar,2.6.6(i)a,2.6,Pier,600.000,cu.m.,0,0,0,0,
2026-03-08,illayaraja,2.7.6 (i),2.7,Abutment,0.010,cu.m.,0,0,0,0,Source qty=0 — resource deployment only (idle/no-output day)
2026-03-08,kbarman,2.7.6 (i),2.7,Abutment,0.010,cu.m.,0,0,0,0,Source qty=0 — resource deployment only (idle/no-output day)
2026-03-08,parvaiz,2.7.6 (i),2.7,Abutment,60.000,lin.m.,1000.00,7000.00,1,2,
2026-03-08,vijaykumar,2.7.6 (i),2.7,Abutment,200.000,cu.m.,0,0,0,0,
2026-03-08,ismaila,3.2.6 (ii),3.2,Concrete RCC,0.010,cu.m.,0,0,0,0,Source qty=0 — resource deployment only (idle/no-output day)
2026-03-08,kbarman,3.2.6 (ii),3.2,Concrete RCC,0.010,cu.m.,0,0,0,0,Source qty=0 — resource deployment only (idle/no-output day)
2026-03-08,parvaiz,3.2.6 (ii),3.2,Concrete RCC,0.010,cu.m.,0,0,0,0,Source qty=0 — resource deployment only (idle/no-output day)
2026-03-08,saiffuddin,3.2.6 (ii)a,3.2,Concrete RCC,340.000,cu.m.,0,15000.00,0,2,
2026-03-08,illayaraja,5.1.7 (iii),5.1,Bearings,18.000,cu.m.,6200.00,0,2,0,
2026-03-08,kbarman,5.1.7 (iii),5.1,Bearings,0.010,cu.m.,0,0,0,0,Source qty=0 — resource deployment only (idle/no-output day)
2026-03-08,anirban,5.1.7 (iii)a,5.1,Bearings,89.000,sq.m.,19200.00,0,1,0,
2026-03-08,illayaraja,5.1.7 (iii)a,5.1,Bearings,18.000,sq.m.,2700.00,0,1,0,
2026-03-08,kbarman,5.1.7 (iii)a,5.1,Bearings,32.000,sq.m.,4800.00,0,1,0,
2026-03-08,kbarman,5.10.6 (i),5.10,Anchor Blocks,60.000,sq.m.,1000.00,0,1,0,
2026-03-08,parvaiz,5.10.6 (i),5.10,Anchor Blocks,0.010,cu.m.,0,0,0,0,Source qty=0 — resource deployment only (idle/no-output day)
2026-03-08,illayaraja,5.2.6 (ii),5.2,Expansion Joints,80.000,kg.,2300.00,0,2,0,
2026-03-08,kbarman,5.2.6 (ii)a,5.2,Expansion Joints,0.010,kg.,0,0,0,0,Source qty=0 — resource deployment only (idle/no-output day)
2026-03-08,illayaraja,9.1.6(ii),9.0,Approach Slab,50.000,cu.m.,500.00,3000.00,1,1,
2026-03-08,kbarman,9.1.6(ii),9.0,Approach Slab,0.010,sq.m.,0,0,0,0,Source qty=0 — resource deployment only (idle/no-output day)
2026-03-09,ismaila,1,1.0,Preliminaries,0.010,sq.m.,0,3000.00,0,1,Source qty=0 — resource deployment only (idle/no-output day)
2026-03-09,kbarman,1,1.0,Preliminaries,0.010,sq.m.,0,0,0,0,Source qty=0 — resource deployment only (idle/no-output day)
2026-03-09,illayaraja,1.1,1.1,Site Establishment,0.010,lin.m.,0,0,0,0,Source qty=0 — resource deployment only (idle/no-output day)
2026-03-09,parvaiz,1.1,1.1,Site Establishment,0.010,cu.m.,0,0,0,0,Source qty=0 — resource deployment only (idle/no-output day)
2026-03-09,saiffuddin,1.1,1.1,Site Establishment,24.000,m,1500.00,12300.00,1,3,
2026-03-09,vijaykumar,1.1,1.1,Site Establishment,300.000,cu.m.,0,3000.00,0,1,
2026-03-09,anirban,1.2,1.2,Mobilization,0.010,sq.m.,0,0,0,0,Source qty=0 — resource deployment only (idle/no-output day)
2026-03-09,anirban,13.1.7(ix)b,13.0,Drainage,24.000,lin.m.,5600.00,9000.00,1,1,
2026-03-09,kbarman,13.1.7(ix)b,13.0,Drainage,0.010,sq.m.,0,0,0,0,Source qty=0 — resource deployment only (idle/no-output day)
2026-03-09,kbarman,13.1.7(ix)b2,13.0,Drainage,235.000,kg.,1800.00,0,1,0,
2026-03-09,illayaraja,18.3,18.3,Bituminous Layers,0.010,cu.m.,0,0,0,0,Source qty=0 — resource deployment only (idle/no-output day)
2026-03-09,kbarman,18.3.6,18.3,Bituminous Layers,0.010,lin.m.,0,0,0,0,Source qty=0 — resource deployment only (idle/no-output day)
2026-03-09,kbarman,18.3.6(i),18.3,Bituminous Layers,0.010,lin.m.,0,0,0,0,Source qty=0 — resource deployment only (idle/no-output day)
2026-03-09,parvaiz,18.3.6(i),18.3,Bituminous Layers,0.010,lin.m.,0,0,0,0,Source qty=0 — resource deployment only (idle/no-output day)
2026-03-09,ismaila,2.3.6(i),2.3,Bored Cast In-Situ Piling,0.010,cu.m.,0,0,0,0,Source qty=0 — resource deployment only (idle/no-output day)
2026-03-09,kbarman,2.3.6(i),2.3,Bored Cast In-Situ Piling,0.010,cu.m.,0,0,0,0,Source qty=0 — resource deployment only (idle/no-output day)
2026-03-09,anirban,2.3.6(i)a,2.3,Bored Cast In-Situ Piling,30.000,sq.m.,2000.00,6000.00,1,1,
2026-03-09,illayaraja,2.3.6(i)a,2.3,Bored Cast In-Situ Piling,0.010,sq.m.,0,0,0,0,Source qty=0 — resource deployment only (idle/no-output day)
2026-03-09,ismaila,2.3.6(i)a,2.3,Bored Cast In-Situ Piling,380.000,cu.m.,0,13000.00,0,2,
2026-03-09,kbarman,2.3.6(i)a,2.3,Bored Cast In-Situ Piling,0.010,Sqm,0,0,0,0,Source qty=0 — resource deployment only (idle/no-output day)
2026-03-09,parvaiz,2.3.6(i)a,2.3,Bored Cast In-Situ Piling,0.010,lin.m.,0,0,0,0,Source qty=0 — resource deployment only (idle/no-output day)
2026-03-09,vijaykumar,2.3.6(i)a,2.3,Bored Cast In-Situ Piling,850.000,cu.m.,6400.00,56000.00,3,2,
2026-03-09,illayaraja,2.3.6(i)b,2.3,Bored Cast In-Situ Piling,0.010,cu.m.,0,0,0,0,Source qty=0 — resource deployment only (idle/no-output day)
2026-03-09,ismaila,2.3.6(i)b,2.3,Bored Cast In-Situ Piling,1300.000,cu.m.,1700.00,11000.00,2,2,
2026-03-09,kbarman,2.3.6(i)b,2.3,Bored Cast In-Situ Piling,0.010,cu.m.,0,0,0,0,Source qty=0 — resource deployment only (idle/no-output day)
2026-03-09,saiffuddin,2.3.6(i)b,2.3,Bored Cast In-Situ Piling,700.000,cu.m.,3500.00,33000.00,2,3,
2026-03-09,vijaykumar,2.3.6(i)b,2.3,Bored Cast In-Situ Piling,1500.000,cu.m.,0,32000.00,0,2,
2026-03-09,illayaraja,2.3.6(i)d,2.3,Bored Cast In-Situ Piling,0.010,Sqm,0,0,0,0,Source qty=0 — resource deployment only (idle/no-output day)
2026-03-09,kbarman,2.3.6(i)d,2.3,Bored Cast In-Situ Piling,0.010,Sqm,0,0,0,0,Source qty=0 — resource deployment only (idle/no-output day)
2026-03-09,parvaiz,2.3.6(i)d,2.3,Bored Cast In-Situ Piling,0.010,cu.m.,0,0,0,0,Source qty=0 — resource deployment only (idle/no-output day)
2026-03-09,vijaykumar,2.3.6(i)d,2.3,Bored Cast In-Situ Piling,300.000,sq.m.,0,17000.00,0,2,
2026-03-09,illayaraja,2.4.6(i),2.4,Pile Cap,0.010,cu.m.,0,0,0,0,Source qty=0 — resource deployment only (idle/no-output day)
2026-03-09,ismaila,2.4.6(i),2.4,Pile Cap,0.010,cu.m.,0,0,0,0,Source qty=0 — resource deployment only (idle/no-output day)
2026-03-09,kbarman,2.4.6(i),2.4,Pile Cap,0.010,cu.m.,0,0,0,0,Source qty=0 — resource deployment only (idle/no-output day)
2026-03-09,parvaiz,2.4.6(i),2.4,Pile Cap,100.000,lin.m.,4000.00,19000.00,2,4,
2026-03-09,illayaraja,2.4.6(i)a,2.4,Pile Cap,0.010,cu.m.,0,0,0,0,Source qty=0 — resource deployment only (idle/no-output day)
2026-03-09,ismaila,2.4.6(i)a,2.4,Pile Cap,0.010,cu.m.,0,0,0,0,Source qty=0 — resource deployment only (idle/no-output day)
2026-03-09,sanjar,2.4.6(i)a,2.4,Pile Cap,0.010,cu.m.,0,0,0,0,Source qty=0 — resource deployment only (idle/no-output day)
2026-03-09,illayaraja,2.6.6(i),2.6,Pier,0.010,cu.m.,0,0,0,0,Source qty=0 — resource deployment only (idle/no-output day)
2026-03-09,ismaila,2.6.6(i),2.6,Pier,270.000,cu.m.,500.00,13000.00,1,2,
2026-03-09,kbarman,2.6.6(i),2.6,Pier,0.010,cu.m.,0,0,0,0,Source qty=0 — resource deployment only (idle/no-output day)
2026-03-09,parvaiz,2.6.6(i),2.6,Pier,0.010,m,0,0,0,0,Source qty=0 — resource deployment only (idle/no-output day)
2026-03-09,ismaila,2.6.6(i)a,2.6,Pier,850.000,cu.m.,500.00,10500.00,1,3,
2026-03-09,vijaykumar,2.6.6(i)a,2.6,Pier,650.000,cu.m.,0,0,0,0,
2026-03-09,illayaraja,2.7.6 (i),2.7,Abutment,0.010,cu.m.,0,0,0,0,Source qty=0 — resource deployment only (idle/no-output day)
2026-03-09,kbarman,2.7.6 (i),2.7,Abutment,0.010,cu.m.,0,0,0,0,Source qty=0 — resource deployment only (idle/no-output day)
2026-03-09,parvaiz,2.7.6 (i),2.7,Abutment,0.010,lin.m.,0,0,0,0,Source qty=0 — resource deployment only (idle/no-output day)
2026-03-09,vijaykumar,2.7.6 (i),2.7,Abutment,350.000,cu.m.,0,0,0,0,
2026-03-09,ismaila,3.2.6 (ii),3.2,Concrete RCC,0.010,cu.m.,0,0,0,0,Source qty=0 — resource deployment only (idle/no-output day)
2026-03-09,kbarman,3.2.6 (ii),3.2,Concrete RCC,0.010,cu.m.,0,0,0,0,Source qty=0 — resource deployment only (idle/no-output day)
2026-03-09,parvaiz,3.2.6 (ii),3.2,Concrete RCC,60.000,lin.m.,1000.00,5500.00,1,1,
2026-03-09,saiffuddin,3.2.6 (ii)a,3.2,Concrete RCC,360.000,cu.m.,0,15000.00,0,2,
2026-03-09,illayaraja,5.1.7 (iii),5.1,Bearings,0.010,cu.m.,0,0,0,0,Source qty=0 — resource deployment only (idle/no-output day)
2026-03-09,kbarman,5.1.7 (iii),5.1,Bearings,0.010,cu.m.,0,0,0,0,Source qty=0 — resource deployment only (idle/no-output day)
2026-03-09,anirban,5.1.7 (iii)a,5.1,Bearings,84.000,sq.m.,10400.00,9000.00,1,1,
2026-03-09,illayaraja,5.1.7 (iii)a,5.1,Bearings,0.010,sq.m.,0,0,0,0,Source qty=0 — resource deployment only (idle/no-output day)
2026-03-09,kbarman,5.1.7 (iii)a,5.1,Bearings,0.010,sq.m.,0,0,0,0,Source qty=0 — resource deployment only (idle/no-output day)
2026-03-09,kbarman,5.10.6 (i),5.10,Anchor Blocks,0.010,sq.m.,0,0,0,0,Source qty=0 — resource deployment only (idle/no-output day)
2026-03-09,parvaiz,5.10.6 (i),5.10,Anchor Blocks,0.010,cu.m.,0,0,0,0,Source qty=0 — resource deployment only (idle/no-output day)
2026-03-09,illayaraja,5.2.6 (ii),5.2,Expansion Joints,0.010,kg.,0,0,0,0,Source qty=0 — resource deployment only (idle/no-output day)
2026-03-09,kbarman,5.2.6 (ii),5.2,Expansion Joints,375.000,kg.,3600.00,0,1,0,
2026-03-09,illayaraja,9.1.6(ii),9.0,Approach Slab,200.000,cu.m.,7100.00,25500.00,2,4,
2026-03-09,kbarman,9.1.6(ii),9.0,Approach Slab,0.010,sq.m.,0,0,0,0,Source qty=0 — resource deployment only (idle/no-output day)
2026-03-10,ismaila,1,1.0,Preliminaries,0.010,sq.m.,0,3000.00,0,1,Source qty=0 — resource deployment only (idle/no-output day)
2026-03-10,kbarman,1,1.0,Preliminaries,0.010,sq.m.,0,0,0,0,Source qty=0 — resource deployment only (idle/no-output day)
2026-03-10,illayaraja,1.1,1.1,Site Establishment,0.010,lin.m.,0,0,0,0,Source qty=0 — resource deployment only (idle/no-output day)
2026-03-10,parvaiz,1.1,1.1,Site Establishment,0.010,cu.m.,0,0,0,0,Source qty=0 — resource deployment only (idle/no-output day)
2026-03-10,saiffuddin,1.1,1.1,Site Establishment,21.000,m,1500.00,12300.00,1,3,
2026-03-10,vijaykumar,1.1,1.1,Site Establishment,200.000,cu.m.,0,3000.00,0,1,
2026-03-10,anirban,13.1.7(ix)b,13.0,Drainage,24.000,lin.m.,5600.00,9000.00,1,1,
2026-03-10,kbarman,13.1.7(ix)b,13.0,Drainage,0.010,sq.m.,0,0,0,0,Source qty=0 — resource deployment only (idle/no-output day)
2026-03-10,anirban,13.1.7(ix)b2,13.0,Drainage,586.000,kg.,2700.00,0,1,0,
2026-03-10,kbarman,13.1.7(ix)b2,13.0,Drainage,235.000,kg.,1800.00,0,1,0,
2026-03-10,illayaraja,18.3,18.3,Bituminous Layers,0.010,cu.m.,0,0,0,0,Source qty=0 — resource deployment only (idle/no-output day)
2026-03-10,kbarman,18.3.6,18.3,Bituminous Layers,0.010,lin.m.,0,0,0,0,Source qty=0 — resource deployment only (idle/no-output day)
2026-03-10,kbarman,18.3.6(i),18.3,Bituminous Layers,0.010,lin.m.,0,0,0,0,Source qty=0 — resource deployment only (idle/no-output day)
2026-03-10,parvaiz,18.3.6(i),18.3,Bituminous Layers,0.010,lin.m.,0,0,0,0,Source qty=0 — resource deployment only (idle/no-output day)
2026-03-10,ismaila,2.3.6(i),2.3,Bored Cast In-Situ Piling,0.010,cu.m.,0,0,0,0,Source qty=0 — resource deployment only (idle/no-output day)
2026-03-10,kbarman,2.3.6(i),2.3,Bored Cast In-Situ Piling,0.010,cu.m.,0,0,0,0,Source qty=0 — resource deployment only (idle/no-output day)
2026-03-10,illayaraja,2.3.6(i)a,2.3,Bored Cast In-Situ Piling,300.000,sq.m.,3500.00,10500.00,1,3,
2026-03-10,ismaila,2.3.6(i)a,2.3,Bored Cast In-Situ Piling,255.000,cu.m.,500.00,23000.00,1,2,
2026-03-10,kbarman,2.3.6(i)a,2.3,Bored Cast In-Situ Piling,0.010,Sqm,0,0,0,0,Source qty=0 — resource deployment only (idle/no-output day)
2026-03-10,parvaiz,2.3.6(i)a,2.3,Bored Cast In-Situ Piling,0.010,lin.m.,0,0,0,0,Source qty=0 — resource deployment only (idle/no-output day)
2026-03-10,vijaykumar,2.3.6(i)a,2.3,Bored Cast In-Situ Piling,0.010,cu.m.,4700.00,25000.00,3,1,Source qty=0 — resource deployment only (idle/no-output day)
2026-03-10,illayaraja,2.3.6(i)b,2.3,Bored Cast In-Situ Piling,0.010,cu.m.,0,0,0,0,Source qty=0 — resource deployment only (idle/no-output day)
2026-03-10,ismaila,2.3.6(i)b,2.3,Bored Cast In-Situ Piling,400.000,cu.m.,1700.00,11000.00,2,2,
2026-03-10,kbarman,2.3.6(i)b,2.3,Bored Cast In-Situ Piling,0.010,cu.m.,0,0,0,0,Source qty=0 — resource deployment only (idle/no-output day)
2026-03-10,saiffuddin,2.3.6(i)b,2.3,Bored Cast In-Situ Piling,750.000,cu.m.,3500.00,33000.00,2,3,
2026-03-10,vijaykumar,2.3.6(i)b,2.3,Bored Cast In-Situ Piling,1800.000,cu.m.,0,62000.00,0,2,
2026-03-10,illayaraja,2.3.6(i)d,2.3,Bored Cast In-Situ Piling,0.010,Sqm,0,0,0,0,Source qty=0 — resource deployment only (idle/no-output day)
2026-03-10,kbarman,2.3.6(i)d,2.3,Bored Cast In-Situ Piling,0.010,Sqm,0,0,0,0,Source qty=0 — resource deployment only (idle/no-output day)
2026-03-10,parvaiz,2.3.6(i)d,2.3,Bored Cast In-Situ Piling,0.010,cu.m.,0,0,0,0,Source qty=0 — resource deployment only (idle/no-output day)
2026-03-10,vijaykumar,2.3.6(i)d,2.3,Bored Cast In-Situ Piling,280.000,sq.m.,0,15000.00,0,1,
2026-03-10,illayaraja,2.4.6(i),2.4,Pile Cap,110.000,cu.m.,0,8000.00,0,2,
2026-03-10,ismaila,2.4.6(i),2.4,Pile Cap,0.010,cu.m.,0,0,0,0,Source qty=0 — resource deployment only (idle/no-output day)
2026-03-10,kbarman,2.4.6(i),2.4,Pile Cap,80.000,cu.m.,3000.00,8000.00,1,2,
2026-03-10,parvaiz,2.4.6(i),2.4,Pile Cap,100.000,lin.m.,3000.00,13000.00,2,3,
2026-03-10,illayaraja,2.4.6(i)a,2.4,Pile Cap,0.010,cu.m.,0,0,0,0,Source qty=0 — resource deployment only (idle/no-output day)
2026-03-10,ismaila,2.4.6(i)a,2.4,Pile Cap,0.010,cu.m.,0,0,0,0,Source qty=0 — resource deployment only (idle/no-output day)
2026-03-10,sanjar,2.4.6(i)a,2.4,Pile Cap,0.010,cu.m.,0,0,0,0,Source qty=0 — resource deployment only (idle/no-output day)
2026-03-10,illayaraja,2.6.6(i),2.6,Pier,0.010,cu.m.,0,0,0,0,Source qty=0 — resource deployment only (idle/no-output day)
2026-03-10,ismaila,2.6.6(i),2.6,Pier,450.000,cu.m.,0,5500.00,0,2,
2026-03-10,kbarman,2.6.6(i),2.6,Pier,0.010,cu.m.,0,0,0,0,Source qty=0 — resource deployment only (idle/no-output day)
2026-03-10,parvaiz,2.6.6(i),2.6,Pier,0.010,m,0,0,0,0,Source qty=0 — resource deployment only (idle/no-output day)
2026-03-10,ismaila,2.6.6(i)a,2.6,Pier,400.000,cu.m.,500.00,8000.00,1,2,
2026-03-10,vijaykumar,2.6.6(i)a,2.6,Pier,650.000,cu.m.,0,0,0,0,
2026-03-10,illayaraja,2.7.6 (i),2.7,Abutment,0.010,cu.m.,0,0,0,0,Source qty=0 — resource deployment only (idle/no-output day)
2026-03-10,kbarman,2.7.6 (i),2.7,Abutment,0.010,cu.m.,0,0,0,0,Source qty=0 — resource deployment only (idle/no-output day)
2026-03-10,parvaiz,2.7.6 (i),2.7,Abutment,0.010,lin.m.,500.00,6500.00,1,2,Source qty=0 — resource deployment only (idle/no-output day)
2026-03-10,ismaila,3.2.6 (ii),3.2,Concrete RCC,0.010,cu.m.,0,0,0,0,Source qty=0 — resource deployment only (idle/no-output day)
2026-03-10,kbarman,3.2.6 (ii),3.2,Concrete RCC,0.010,cu.m.,0,0,0,0,Source qty=0 — resource deployment only (idle/no-output day)
2026-03-10,parvaiz,3.2.6 (ii),3.2,Concrete RCC,60.000,lin.m.,1500.00,15000.00,1,4,
2026-03-10,saiffuddin,3.2.6 (ii)a,3.2,Concrete RCC,400.000,cu.m.,0,15000.00,0,2,
2026-03-10,illayaraja,5.1.7 (iii),5.1,Bearings,0.010,cu.m.,0,0,0,0,Source qty=0 — resource deployment only (idle/no-output day)
2026-03-10,kbarman,5.1.7 (iii),5.1,Bearings,0.010,cu.m.,0,0,0,0,Source qty=0 — resource deployment only (idle/no-output day)
2026-03-10,vijaykumar,5.1.7 (iii),5.1,Bearings,250.000,cu.m.,0,0,0,0,
2026-03-10,anirban,5.1.7 (iii)a,5.1,Bearings,48.000,sq.m.,6400.00,9000.00,1,1,
2026-03-10,illayaraja,5.1.7 (iii)a,5.1,Bearings,18.000,sq.m.,1800.00,0,1,0,
2026-03-10,kbarman,5.1.7 (iii)a,5.1,Bearings,0.010,sq.m.,0,0,0,0,Source qty=0 — resource deployment only (idle/no-output day)
2026-03-10,kbarman,5.10.6 (i),5.10,Anchor Blocks,0.010,sq.m.,0,0,0,0,Source qty=0 — resource deployment only (idle/no-output day)
2026-03-10,parvaiz,5.10.6 (i),5.10,Anchor Blocks,0.010,cu.m.,500.00,0,1,0,Source qty=0 — resource deployment only (idle/no-output day)
2026-03-10,illayaraja,5.2.6 (ii),5.2,Expansion Joints,18.000,sq.m.,1800.00,0,1,0,
2026-03-10,kbarman,5.2.6 (ii),5.2,Expansion Joints,250.000,kg.,2000.00,0,1,0,
2026-03-10,anirban,5.2.6 (ii)a,5.2,Expansion Joints,412.000,kg.,3600.00,0,1,0,
2026-03-10,illayaraja,9.1.6(ii),9.0,Approach Slab,160.000,cu.m.,7100.00,0,2,0,
2026-03-10,kbarman,9.1.6(ii),9.0,Approach Slab,0.010,sq.m.,0,0,0,0,Source qty=0 — resource deployment only (idle/no-output day)
2026-03-11,ismaila,1,1.0,Preliminaries,0.010,sq.m.,0,3000.00,0,1,Source qty=0 — resource deployment only (idle/no-output day)
2026-03-11,kbarman,1,1.0,Preliminaries,0.010,sq.m.,0,0,0,0,Source qty=0 — resource deployment only (idle/no-output day)
2026-03-11,illayaraja,1.1,1.1,Site Establishment,0.010,lin.m.,0,0,0,0,Source qty=0 — resource deployment only (idle/no-output day)
2026-03-11,ismaila,1.1,1.1,Site Establishment,60.000,cu.m.,0,6000.00,0,1,
2026-03-11,parvaiz,1.1,1.1,Site Establishment,0.010,cu.m.,0,0,0,0,Source qty=0 — resource deployment only (idle/no-output day)
2026-03-11,saiffuddin,1.1,1.1,Site Establishment,40.000,m,1500.00,12300.00,1,3,
2026-03-11,vijaykumar,1.1,1.1,Site Establishment,0.010,cu.m.,0,0,0,0,Source qty=0 — resource deployment only (idle/no-output day)
2026-03-11,anirban,13.1.7(ix)b,13.0,Drainage,0.010,lin.m.,0,0,0,0,Source qty=0 — resource deployment only (idle/no-output day)
2026-03-11,kbarman,13.1.7(ix)b,13.0,Drainage,0.010,sq.m.,0,0,0,0,Source qty=0 — resource deployment only (idle/no-output day)
2026-03-11,anirban,13.1.7(ix)b2,13.0,Drainage,0.010,kg.,0,0,0,0,Source qty=0 — resource deployment only (idle/no-output day)
2026-03-11,kbarman,13.1.7(ix)b2,13.0,Drainage,0.010,kg.,0,0,0,0,Source qty=0 — resource deployment only (idle/no-output day)
2026-03-11,illayaraja,18.3,18.3,Bituminous Layers,0.010,cu.m.,0,0,0,0,Source qty=0 — resource deployment only (idle/no-output day)
2026-03-11,kbarman,18.3.6,18.3,Bituminous Layers,0.010,lin.m.,0,0,0,0,Source qty=0 — resource deployment only (idle/no-output day)
2026-03-11,kbarman,18.3.6(i),18.3,Bituminous Layers,0.010,lin.m.,0,0,0,0,Source qty=0 — resource deployment only (idle/no-output day)
2026-03-11,parvaiz,18.3.6(i),18.3,Bituminous Layers,0.010,lin.m.,0,0,0,0,Source qty=0 — resource deployment only (idle/no-output day)
2026-03-11,ismaila,2.3.6(i),2.3,Bored Cast In-Situ Piling,0.010,cu.m.,0,0,0,0,Source qty=0 — resource deployment only (idle/no-output day)
2026-03-11,kbarman,2.3.6(i),2.3,Bored Cast In-Situ Piling,0.010,cu.m.,0,0,0,0,Source qty=0 — resource deployment only (idle/no-output day)
2026-03-11,illayaraja,2.3.6(i)a,2.3,Bored Cast In-Situ Piling,0.010,sq.m.,0,0,0,0,Source qty=0 — resource deployment only (idle/no-output day)
2026-03-11,ismaila,2.3.6(i)a,2.3,Bored Cast In-Situ Piling,400.000,cu.m.,1700.00,21000.00,2,2,
2026-03-11,kbarman,2.3.6(i)a,2.3,Bored Cast In-Situ Piling,0.010,Sqm,0,0,0,0,Source qty=0 — resource deployment only (idle/no-output day)
2026-03-11,parvaiz,2.3.6(i)a,2.3,Bored Cast In-Situ Piling,0.010,lin.m.,0,0,0,0,Source qty=0 — resource deployment only (idle/no-output day)
2026-03-11,vijaykumar,2.3.6(i)a,2.3,Bored Cast In-Situ Piling,800.000,cu.m.,4700.00,25000.00,3,1,
2026-03-11,illayaraja,2.3.6(i)b,2.3,Bored Cast In-Situ Piling,0.010,cu.m.,0,0,0,0,Source qty=0 — resource deployment only (idle/no-output day)
2026-03-11,ismaila,2.3.6(i)b,2.3,Bored Cast In-Situ Piling,0.010,cu.m.,0,0,0,0,Source qty=0 — resource deployment only (idle/no-output day)
2026-03-11,kbarman,2.3.6(i)b,2.3,Bored Cast In-Situ Piling,0.010,cu.m.,0,0,0,0,Source qty=0 — resource deployment only (idle/no-output day)
2026-03-11,saiffuddin,2.3.6(i)b,2.3,Bored Cast In-Situ Piling,720.000,cu.m.,3500.00,33000.00,2,3,
2026-03-11,vijaykumar,2.3.6(i)b,2.3,Bored Cast In-Situ Piling,2500.000,cu.m.,0,21000.00,0,2,
2026-03-11,illayaraja,2.3.6(i)d,2.3,Bored Cast In-Situ Piling,300.000,Sqm,500.00,5000.00,1,1,
2026-03-11,kbarman,2.3.6(i)d,2.3,Bored Cast In-Situ Piling,0.010,Sqm,0,0,0,0,Source qty=0 — resource deployment only (idle/no-output day)
2026-03-11,parvaiz,2.3.6(i)d,2.3,Bored Cast In-Situ Piling,0.010,cu.m.,0,0,0,0,Source qty=0 — resource deployment only (idle/no-output day)
2026-03-11,vijaykumar,2.3.6(i)d,2.3,Bored Cast In-Situ Piling,0.010,sq.m.,0,0,0,0,Source qty=0 — resource deployment only (idle/no-output day)
2026-03-11,illayaraja,2.4.6(i),2.4,Pile Cap,0.010,cu.m.,0,0,0,0,Source qty=0 — resource deployment only (idle/no-output day)
2026-03-11,ismaila,2.4.6(i),2.4,Pile Cap,150.000,cu.m.,0,3000.00,0,1,
2026-03-11,kbarman,2.4.6(i),2.4,Pile Cap,60.000,cu.m.,2000.00,8000.00,1,2,
2026-03-11,parvaiz,2.4.6(i),2.4,Pile Cap,397.000,sq.m.,1500.00,17500.00,1,3,
2026-03-11,illayaraja,2.4.6(i)a,2.4,Pile Cap,0.010,cu.m.,0,0,0,0,Source qty=0 — resource deployment only (idle/no-output day)
2026-03-11,ismaila,2.4.6(i)a,2.4,Pile Cap,450.000,cu.m.,500.00,10000.00,1,1,
2026-03-11,sanjar,2.4.6(i)a,2.4,Pile Cap,0.010,cu.m.,0,0,0,0,Source qty=0 — resource deployment only (idle/no-output day)
2026-03-11,illayaraja,2.6.6(i),2.6,Pier,150.000,Sqm,1000.00,5000.00,1,1,
2026-03-11,ismaila,2.6.6(i),2.6,Pier,215.000,cu.m.,500.00,5000.00,1,1,
2026-03-11,kbarman,2.6.6(i),2.6,Pier,0.010,cu.m.,0,0,0,0,Source qty=0 — resource deployment only (idle/no-output day)
2026-03-11,parvaiz,2.6.6(i),2.6,Pier,10.000,m,3000.00,15000.00,2,4,
2026-03-11,vijaykumar,2.6.6(i)a,2.6,Pier,300.000,cu.m.,0,0,0,0,
2026-03-11,illayaraja,2.7.6 (i),2.7,Abutment,0.010,cu.m.,0,0,0,0,Source qty=0 — resource deployment only (idle/no-output day)
2026-03-11,kbarman,2.7.6 (i),2.7,Abutment,0.010,cu.m.,0,0,0,0,Source qty=0 — resource deployment only (idle/no-output day)
2026-03-11,parvaiz,2.7.6 (i),2.7,Abutment,0.010,lin.m.,0,0,0,0,Source qty=0 — resource deployment only (idle/no-output day)
2026-03-11,ismaila,3.2.6 (ii),3.2,Concrete RCC,0.010,cu.m.,0,0,0,0,Source qty=0 — resource deployment only (idle/no-output day)
2026-03-11,kbarman,3.2.6 (ii),3.2,Concrete RCC,0.010,cu.m.,0,0,0,0,Source qty=0 — resource deployment only (idle/no-output day)
2026-03-11,parvaiz,3.2.6 (ii),3.2,Concrete RCC,0.010,lin.m.,0,0,0,0,Source qty=0 — resource deployment only (idle/no-output day)
2026-03-11,saiffuddin,3.2.6 (ii)a,3.2,Concrete RCC,360.000,cu.m.,0,15000.00,0,2,
2026-03-11,anirban,5.1.7 (iii),5.1,Bearings,60.000,lin.m.,2400.00,0,1,0,
2026-03-11,illayaraja,5.1.7 (iii),5.1,Bearings,18.000,cu.m.,4400.00,0,2,0,
2026-03-11,kbarman,5.1.7 (iii),5.1,Bearings,0.010,cu.m.,0,0,0,0,Source qty=0 — resource deployment only (idle/no-output day)
2026-03-11,vijaykumar,5.1.7 (iii),5.1,Bearings,350.000,cu.m.,0,0,0,0,
2026-03-11,anirban,5.1.7 (iii)a,5.1,Bearings,16.000,sq.m.,12800.00,0,1,0,
2026-03-11,illayaraja,5.1.7 (iii)a,5.1,Bearings,16.000,sq.m.,2300.00,0,2,0,
2026-03-11,kbarman,5.1.7 (iii)a,5.1,Bearings,0.010,sq.m.,0,0,0,0,Source qty=0 — resource deployment only (idle/no-output day)
2026-03-11,kbarman,5.10.6 (i),5.10,Anchor Blocks,0.010,sq.m.,0,0,0,0,Source qty=0 — resource deployment only (idle/no-output day)
2026-03-11,parvaiz,5.10.6 (i),5.10,Anchor Blocks,0.010,cu.m.,500.00,0,1,0,Source qty=0 — resource deployment only (idle/no-output day)
2026-03-11,illayaraja,5.2.6 (ii),5.2,Expansion Joints,80.000,kg.,1800.00,0,1,0,
2026-03-11,kbarman,5.2.6 (ii),5.2,Expansion Joints,0.010,kg.,0,0,0,0,Source qty=0 — resource deployment only (idle/no-output day)
2026-03-11,illayaraja,9.1.6(ii),9.0,Approach Slab,200.000,cu.m.,2000.00,6000.00,1,1,
2026-03-11,kbarman,9.1.6(ii),9.0,Approach Slab,0.010,sq.m.,0,0,0,0,Source qty=0 — resource deployment only (idle/no-output day)
2026-03-12,ismaila,1,1.0,Preliminaries,0.010,sq.m.,0,3000.00,0,1,Source qty=0 — resource deployment only (idle/no-output day)
2026-03-12,kbarman,1,1.0,Preliminaries,0.010,sq.m.,0,0,0,0,Source qty=0 — resource deployment only (idle/no-output day)
2026-03-12,illayaraja,1.1,1.1,Site Establishment,0.010,lin.m.,0,0,0,0,Source qty=0 — resource deployment only (idle/no-output day)
2026-03-12,ismaila,1.1,1.1,Site Establishment,70.000,cu.m.,0,3000.00,0,1,
2026-03-12,parvaiz,1.1,1.1,Site Establishment,0.010,cu.m.,0,0,0,0,Source qty=0 — resource deployment only (idle/no-output day)
2026-03-12,saiffuddin,1.1,1.1,Site Establishment,14.000,m,1500.00,7300.00,1,3,
2026-03-12,vijaykumar,1.1,1.1,Site Establishment,200.000,cu.m.,0,3000.00,0,1,
2026-03-12,anirban,13.1.7(ix)b,13.0,Drainage,24.000,lin.m.,5600.00,9000.00,1,1,
2026-03-12,kbarman,13.1.7(ix)b,13.0,Drainage,0.010,sq.m.,0,0,0,0,Source qty=0 — resource deployment only (idle/no-output day)
2026-03-12,anirban,13.1.7(ix)b1,13.0,Drainage,756.000,kg.,5400.00,0,1,0,
2026-03-12,kbarman,13.1.7(ix)b2,13.0,Drainage,0.010,kg.,0,0,0,0,Source qty=0 — resource deployment only (idle/no-output day)
2026-03-12,illayaraja,18.3,18.3,Bituminous Layers,0.010,cu.m.,0,0,0,0,Source qty=0 — resource deployment only (idle/no-output day)
2026-03-12,kbarman,18.3.6,18.3,Bituminous Layers,0.010,lin.m.,0,0,0,0,Source qty=0 — resource deployment only (idle/no-output day)
2026-03-12,kbarman,18.3.6(i),18.3,Bituminous Layers,0.010,lin.m.,0,3000.00,0,1,Source qty=0 — resource deployment only (idle/no-output day)
2026-03-12,parvaiz,18.3.6(i),18.3,Bituminous Layers,0.010,lin.m.,0,0,0,0,Source qty=0 — resource deployment only (idle/no-output day)
2026-03-12,ismaila,2.3.6(i),2.3,Bored Cast In-Situ Piling,350.000,cu.m.,0,0,0,0,
2026-03-12,kbarman,2.3.6(i),2.3,Bored Cast In-Situ Piling,0.010,cu.m.,0,0,0,0,Source qty=0 — resource deployment only (idle/no-output day)
2026-03-12,illayaraja,2.3.6(i)a,2.3,Bored Cast In-Situ Piling,120.000,cu.m.,0,5000.00,0,1,
2026-03-12,ismaila,2.3.6(i)a,2.3,Bored Cast In-Situ Piling,240.000,cu.m.,1700.00,23000.00,2,2,
2026-03-12,kbarman,2.3.6(i)a,2.3,Bored Cast In-Situ Piling,0.010,Sqm,0,0,0,0,Source qty=0 — resource deployment only (idle/no-output day)
2026-03-12,parvaiz,2.3.6(i)a,2.3,Bored Cast In-Situ Piling,0.010,lin.m.,0,0,0,0,Source qty=0 — resource deployment only (idle/no-output day)
2026-03-12,vijaykumar,2.3.6(i)a,2.3,Bored Cast In-Situ Piling,950.000,cu.m.,4700.00,50000.00,3,1,
2026-03-12,illayaraja,2.3.6(i)b,2.3,Bored Cast In-Situ Piling,0.010,cu.m.,0,0,0,0,Source qty=0 — resource deployment only (idle/no-output day)
2026-03-12,kbarman,2.3.6(i)b,2.3,Bored Cast In-Situ Piling,0.010,cu.m.,0,0,0,0,Source qty=0 — resource deployment only (idle/no-output day)
2026-03-12,saiffuddin,2.3.6(i)b,2.3,Bored Cast In-Situ Piling,1330.000,cu.m.,3500.00,33000.00,2,3,
2026-03-12,vijaykumar,2.3.6(i)b,2.3,Bored Cast In-Situ Piling,1800.000,cu.m.,0,49000.00,0,3,
2026-03-12,illayaraja,2.3.6(i)d,2.3,Bored Cast In-Situ Piling,0.010,Sqm,0,0,0,0,Source qty=0 — resource deployment only (idle/no-output day)
2026-03-12,kbarman,2.3.6(i)d,2.3,Bored Cast In-Situ Piling,0.010,Sqm,0,0,0,0,Source qty=0 — resource deployment only (idle/no-output day)
2026-03-12,parvaiz,2.3.6(i)d,2.3,Bored Cast In-Situ Piling,0.010,cu.m.,0,0,0,0,Source qty=0 — resource deployment only (idle/no-output day)
2026-03-12,vijaykumar,2.3.6(i)d,2.3,Bored Cast In-Situ Piling,350.000,sq.m.,0,28000.00,0,2,
2026-03-12,illayaraja,2.4.6(i),2.4,Pile Cap,0.010,cu.m.,0,0,0,0,Source qty=0 — resource deployment only (idle/no-output day)
2026-03-12,ismaila,2.4.6(i),2.4,Pile Cap,0.010,cu.m.,0,0,0,0,Source qty=0 — resource deployment only (idle/no-output day)
2026-03-12,kbarman,2.4.6(i),2.4,Pile Cap,30.000,cu.m.,3000.00,5000.00,1,1,
2026-03-12,parvaiz,2.4.6(i),2.4,Pile Cap,0.010,sq.m.,3500.00,20500.00,2,3,Source qty=0 — resource deployment only (idle/no-output day)
2026-03-12,illayaraja,2.4.6(i)a,2.4,Pile Cap,0.010,cu.m.,0,0,0,0,Source qty=0 — resource deployment only (idle/no-output day)
2026-03-12,ismaila,2.4.6(i)a,2.4,Pile Cap,0.010,cu.m.,0,0,0,0,Source qty=0 — resource deployment only (idle/no-output day)
2026-03-12,sanjar,2.4.6(i)a,2.4,Pile Cap,0.010,cu.m.,0,0,0,0,Source qty=0 — resource deployment only (idle/no-output day)
2026-03-12,illayaraja,2.6.6(i),2.6,Pier,0.010,Sqm,0,0,0,0,Source qty=0 — resource deployment only (idle/no-output day)
2026-03-12,ismaila,2.6.6(i),2.6,Pier,150.000,cu.m.,500.00,10000.00,1,1,
2026-03-12,kbarman,2.6.6(i),2.6,Pier,0.010,cu.m.,0,0,0,0,Source qty=0 — resource deployment only (idle/no-output day)
2026-03-12,parvaiz,2.6.6(i),2.6,Pier,893.000,m,500.00,19000.00,1,4,
2026-03-12,ismaila,2.6.6(i)a,2.6,Pier,450.000,cu.m.,500.00,6000.00,1,1,
2026-03-12,vijaykumar,2.6.6(i)a,2.6,Pier,700.000,cu.m.,0,0,0,0,
2026-03-12,illayaraja,2.7.6 (i),2.7,Abutment,0.010,cu.m.,0,0,0,0,Source qty=0 — resource deployment only (idle/no-output day)
2026-03-12,kbarman,2.7.6 (i),2.7,Abutment,0.010,cu.m.,0,0,0,0,Source qty=0 — resource deployment only (idle/no-output day)
2026-03-12,parvaiz,2.7.6 (i),2.7,Abutment,0.010,lin.m.,0,0,0,0,Source qty=0 — resource deployment only (idle/no-output day)
2026-03-12,ismaila,3.2.6 (ii),3.2,Concrete RCC,0.010,cu.m.,0,0,0,0,Source qty=0 — resource deployment only (idle/no-output day)
2026-03-12,kbarman,3.2.6 (ii),3.2,Concrete RCC,0.010,cu.m.,0,0,0,0,Source qty=0 — resource deployment only (idle/no-output day)
2026-03-12,parvaiz,3.2.6 (ii),3.2,Concrete RCC,0.010,lin.m.,0,0,0,0,Source qty=0 — resource deployment only (idle/no-output day)
2026-03-12,saiffuddin,3.2.6 (ii)a,3.2,Concrete RCC,400.000,cu.m.,0,15000.00,0,2,
2026-03-12,anirban,5.1.7 (iii),5.1,Bearings,26.000,lin.m.,2400.00,0,1,0,
2026-03-12,illayaraja,5.1.7 (iii),5.1,Bearings,18.000,cu.m.,5200.00,0,2,0,
2026-03-12,kbarman,5.1.7 (iii),5.1,Bearings,0.010,cu.m.,0,0,0,0,Source qty=0 — resource deployment only (idle/no-output day)
2026-03-12,vijaykumar,5.1.7 (iii),5.1,Bearings,0.010,cu.m.,0,0,0,0,Source qty=0 — resource deployment only (idle/no-output day)
2026-03-12,anirban,5.1.7 (iii)a,5.1,Bearings,16.000,sq.m.,8800.00,9000.00,1,1,
2026-03-12,illayaraja,5.1.7 (iii)a,5.1,Bearings,20.000,sq.m.,2300.00,0,2,0,
2026-03-12,kbarman,5.1.7 (iii)a,5.1,Bearings,0.010,sq.m.,0,0,0,0,Source qty=0 — resource deployment only (idle/no-output day)
2026-03-12,kbarman,5.10.6 (i),5.10,Anchor Blocks,40.000,sq.m.,0,0,0,0,
2026-03-12,parvaiz,5.10.6 (i),5.10,Anchor Blocks,0.010,cu.m.,0,0,0,0,Source qty=0 — resource deployment only (idle/no-output day)
2026-03-12,illayaraja,5.2.6 (ii),5.2,Expansion Joints,80.000,kg.,1800.00,0,1,0,
2026-03-12,kbarman,5.2.6 (ii),5.2,Expansion Joints,0.010,kg.,0,0,0,0,Source qty=0 — resource deployment only (idle/no-output day)
2026-03-12,illayaraja,9.1.6(ii),9.0,Approach Slab,150.000,cu.m.,8600.00,15500.00,2,4,
2026-03-12,kbarman,9.1.6(ii),9.0,Approach Slab,0.010,sq.m.,0,0,0,0,Source qty=0 — resource deployment only (idle/no-output day)
2026-03-13,ismaila,1,1.0,Preliminaries,0.010,sq.m.,0,0,0,0,Source qty=0 — resource deployment only (idle/no-output day)
2026-03-13,kbarman,1,1.0,Preliminaries,0.010,sq.m.,0,0,0,0,Source qty=0 — resource deployment only (idle/no-output day)
2026-03-13,illayaraja,1.1,1.1,Site Establishment,0.010,lin.m.,0,0,0,0,Source qty=0 — resource deployment only (idle/no-output day)
2026-03-13,ismaila,1.1,1.1,Site Establishment,0.010,cu.m.,0,0,0,0,Source qty=0 — resource deployment only (idle/no-output day)
2026-03-13,parvaiz,1.1,1.1,Site Establishment,0.010,cu.m.,0,0,0,0,Source qty=0 — resource deployment only (idle/no-output day)
2026-03-13,saiffuddin,1.1,1.1,Site Establishment,3.000,m,1000.00,5000.00,1,1,
2026-03-13,vijaykumar,1.1,1.1,Site Establishment,0.010,cu.m.,0,0,0,0,Source qty=0 — resource deployment only (idle/no-output day)
2026-03-13,anirban,13.1.7(ix)b,13.0,Drainage,0.010,lin.m.,0,0,0,0,Source qty=0 — resource deployment only (idle/no-output day)
2026-03-13,kbarman,13.1.7(ix)b,13.0,Drainage,0.010,sq.m.,0,0,0,0,Source qty=0 — resource deployment only (idle/no-output day)
2026-03-13,anirban,13.1.7(ix)b1,13.0,Drainage,0.010,kg.,0,0,0,0,Source qty=0 — resource deployment only (idle/no-output day)
2026-03-13,kbarman,13.1.7(ix)b2,13.0,Drainage,0.010,kg.,0,0,0,0,Source qty=0 — resource deployment only (idle/no-output day)
2026-03-13,illayaraja,18.3,18.3,Bituminous Layers,0.010,cu.m.,0,0,0,0,Source qty=0 — resource deployment only (idle/no-output day)
2026-03-13,kbarman,18.3.6,18.3,Bituminous Layers,0.010,lin.m.,0,0,0,0,Source qty=0 — resource deployment only (idle/no-output day)
2026-03-13,kbarman,18.3.6(i),18.3,Bituminous Layers,0.010,lin.m.,0,0,0,0,Source qty=0 — resource deployment only (idle/no-output day)
2026-03-13,parvaiz,18.3.6(i),18.3,Bituminous Layers,0.010,lin.m.,0,0,0,0,Source qty=0 — resource deployment only (idle/no-output day)
2026-03-13,ismaila,2.3.6(i),2.3,Bored Cast In-Situ Piling,0.010,cu.m.,0,0,0,0,Source qty=0 — resource deployment only (idle/no-output day)
2026-03-13,kbarman,2.3.6(i),2.3,Bored Cast In-Situ Piling,0.010,cu.m.,0,0,0,0,Source qty=0 — resource deployment only (idle/no-output day)
2026-03-13,illayaraja,2.3.6(i)a,2.3,Bored Cast In-Situ Piling,0.010,cu.m.,0,0,0,0,Source qty=0 — resource deployment only (idle/no-output day)
2026-03-13,ismaila,2.3.6(i)a,2.3,Bored Cast In-Situ Piling,210.000,cu.m.,0,5000.00,0,1,
2026-03-13,kbarman,2.3.6(i)a,2.3,Bored Cast In-Situ Piling,0.010,Sqm,0,0,0,0,Source qty=0 — resource deployment only (idle/no-output day)
2026-03-13,parvaiz,2.3.6(i)a,2.3,Bored Cast In-Situ Piling,0.010,lin.m.,0,0,0,0,Source qty=0 — resource deployment only (idle/no-output day)
2026-03-13,vijaykumar,2.3.6(i)a,2.3,Bored Cast In-Situ Piling,0.010,cu.m.,0,0,0,0,Source qty=0 — resource deployment only (idle/no-output day)
2026-03-13,illayaraja,2.3.6(i)b,2.3,Bored Cast In-Situ Piling,0.010,cu.m.,0,0,0,0,Source qty=0 — resource deployment only (idle/no-output day)
2026-03-13,kbarman,2.3.6(i)b,2.3,Bored Cast In-Situ Piling,0.010,cu.m.,0,0,0,0,Source qty=0 — resource deployment only (idle/no-output day)
2026-03-13,saiffuddin,2.3.6(i)b,2.3,Bored Cast In-Situ Piling,420.000,cu.m.,3500.00,33000.00,2,3,
2026-03-13,vijaykumar,2.3.6(i)b,2.3,Bored Cast In-Situ Piling,0.010,cu.m.,0,0,0,0,Source qty=0 — resource deployment only (idle/no-output day)
2026-03-13,illayaraja,2.3.6(i)d,2.3,Bored Cast In-Situ Piling,0.010,Sqm,0,0,0,0,Source qty=0 — resource deployment only (idle/no-output day)
2026-03-13,kbarman,2.3.6(i)d,2.3,Bored Cast In-Situ Piling,0.010,Sqm,0,0,0,0,Source qty=0 — resource deployment only (idle/no-output day)
2026-03-13,parvaiz,2.3.6(i)d,2.3,Bored Cast In-Situ Piling,0.010,cu.m.,0,0,0,0,Source qty=0 — resource deployment only (idle/no-output day)
2026-03-13,vijaykumar,2.3.6(i)d,2.3,Bored Cast In-Situ Piling,0.010,sq.m.,0,0,0,0,Source qty=0 — resource deployment only (idle/no-output day)
2026-03-13,illayaraja,2.4.6(i),2.4,Pile Cap,0.010,cu.m.,0,0,0,0,Source qty=0 — resource deployment only (idle/no-output day)
2026-03-13,ismaila,2.4.6(i),2.4,Pile Cap,0.010,cu.m.,0,0,0,0,Source qty=0 — resource deployment only (idle/no-output day)
2026-03-13,kbarman,2.4.6(i),2.4,Pile Cap,40.000,cu.m.,2500.00,5000.00,1,1,
2026-03-13,parvaiz,2.4.6(i),2.4,Pile Cap,0.010,sq.m.,0,0,0,0,Source qty=0 — resource deployment only (idle/no-output day)
2026-03-13,illayaraja,2.4.6(i)a,2.4,Pile Cap,0.010,cu.m.,0,0,0,0,Source qty=0 — resource deployment only (idle/no-output day)
2026-03-13,ismaila,2.4.6(i)a,2.4,Pile Cap,500.000,cu.m.,1700.00,10500.00,2,3,
2026-03-13,sanjar,2.4.6(i)a,2.4,Pile Cap,0.010,cu.m.,0,0,0,0,Source qty=0 — resource deployment only (idle/no-output day)
2026-03-13,illayaraja,2.6.6(i),2.6,Pier,0.010,Sqm,0,0,0,0,Source qty=0 — resource deployment only (idle/no-output day)
2026-03-13,ismaila,2.6.6(i),2.6,Pier,825.000,cu.m.,500.00,13000.00,1,2,
2026-03-13,kbarman,2.6.6(i),2.6,Pier,0.010,cu.m.,0,0,0,0,Source qty=0 — resource deployment only (idle/no-output day)
2026-03-13,parvaiz,2.6.6(i),2.6,Pier,0.010,m,0,0,0,0,Source qty=0 — resource deployment only (idle/no-output day)
2026-03-13,ismaila,2.6.6(i)a,2.6,Pier,500.000,cu.m.,500.00,11000.00,1,2,
2026-03-13,vijaykumar,2.6.6(i)a,2.6,Pier,0.010,cu.m.,0,0,0,0,Source qty=0 — resource deployment only (idle/no-output day)
2026-03-13,illayaraja,2.7.6 (i),2.7,Abutment,0.010,cu.m.,0,0,0,0,Source qty=0 — resource deployment only (idle/no-output day)
2026-03-13,kbarman,2.7.6 (i),2.7,Abutment,0.010,cu.m.,0,0,0,0,Source qty=0 — resource deployment only (idle/no-output day)
2026-03-13,parvaiz,2.7.6 (i),2.7,Abutment,0.010,lin.m.,0,0,0,0,Source qty=0 — resource deployment only (idle/no-output day)
2026-03-13,ismaila,3.2.6 (ii),3.2,Concrete RCC,0.010,cu.m.,0,0,0,0,Source qty=0 — resource deployment only (idle/no-output day)
2026-03-13,kbarman,3.2.6 (ii),3.2,Concrete RCC,250.000,cu.m.,500.00,2000.00,1,1,
2026-03-13,parvaiz,3.2.6 (ii),3.2,Concrete RCC,0.010,lin.m.,0,0,0,0,Source qty=0 — resource deployment only (idle/no-output day)
2026-03-13,saiffuddin,3.2.6 (ii)a,3.2,Concrete RCC,280.000,cu.m.,0,15000.00,0,2,
2026-03-13,anirban,5.1.7 (iii),5.1,Bearings,0.010,lin.m.,0,0,0,0,Source qty=0 — resource deployment only (idle/no-output day)
2026-03-13,illayaraja,5.1.7 (iii),5.1,Bearings,0.010,cu.m.,0,0,0,0,Source qty=0 — resource deployment only (idle/no-output day)
2026-03-13,kbarman,5.1.7 (iii),5.1,Bearings,0.010,cu.m.,0,0,0,0,Source qty=0 — resource deployment only (idle/no-output day)
2026-03-13,vijaykumar,5.1.7 (iii),5.1,Bearings,0.010,cu.m.,0,0,0,0,Source qty=0 — resource deployment only (idle/no-output day)
2026-03-13,anirban,5.1.7 (iii)a,5.1,Bearings,0.010,sq.m.,0,0,0,0,Source qty=0 — resource deployment only (idle/no-output day)
2026-03-13,illayaraja,5.1.7 (iii)a,5.1,Bearings,0.010,sq.m.,0,0,0,0,Source qty=0 — resource deployment only (idle/no-output day)
2026-03-13,kbarman,5.1.7 (iii)a,5.1,Bearings,0.010,sq.m.,0,0,0,0,Source qty=0 — resource deployment only (idle/no-output day)
2026-03-13,kbarman,5.10.6 (i),5.10,Anchor Blocks,0.010,sq.m.,0,0,0,0,Source qty=0 — resource deployment only (idle/no-output day)
2026-03-13,parvaiz,5.10.6 (i),5.10,Anchor Blocks,0.010,cu.m.,0,0,0,0,Source qty=0 — resource deployment only (idle/no-output day)
2026-03-13,illayaraja,5.2.6 (ii),5.2,Expansion Joints,0.010,kg.,0,0,0,0,Source qty=0 — resource deployment only (idle/no-output day)
2026-03-13,kbarman,5.2.6 (ii),5.2,Expansion Joints,0.010,kg.,0,0,0,0,Source qty=0 — resource deployment only (idle/no-output day)
2026-03-13,illayaraja,9.1.6(ii),9.0,Approach Slab,0.010,cu.m.,0,0,0,0,Source qty=0 — resource deployment only (idle/no-output day)
2026-03-13,kbarman,9.1.6(ii),9.0,Approach Slab,0.010,sq.m.,0,0,0,0,Source qty=0 — resource deployment only (idle/no-output day)
2026-03-14,ismaila,1,1.0,Preliminaries,0.010,sq.m.,0,3000.00,0,1,Source qty=0 — resource deployment only (idle/no-output day)
2026-03-14,kbarman,1,1.0,Preliminaries,0.010,sq.m.,0,0,0,0,Source qty=0 — resource deployment only (idle/no-output day)
2026-03-14,illayaraja,1.1,1.1,Site Establishment,0.010,lin.m.,0,0,0,0,Source qty=0 — resource deployment only (idle/no-output day)
2026-03-14,ismaila,1.1,1.1,Site Establishment,0.010,cu.m.,0,0,0,0,Source qty=0 — resource deployment only (idle/no-output day)
2026-03-14,parvaiz,1.1,1.1,Site Establishment,0.010,cu.m.,0,0,0,0,Source qty=0 — resource deployment only (idle/no-output day)
2026-03-14,saiffuddin,1.1,1.1,Site Establishment,13.000,m,1500.00,5000.00,1,1,
2026-03-14,vijaykumar,1.1,1.1,Site Establishment,200.000,cu.m.,0,3000.00,0,1,
2026-03-14,anirban,13.1.7(ix)b,13.0,Drainage,92.000,lin.m.,8000.00,6000.00,1,1,
2026-03-14,kbarman,13.1.7(ix)b,13.0,Drainage,0.010,sq.m.,0,0,0,0,Source qty=0 — resource deployment only (idle/no-output day)
2026-03-14,anirban,13.1.7(ix)b1,13.0,Drainage,0.010,kg.,0,0,0,0,Source qty=0 — resource deployment only (idle/no-output day)
2026-03-14,kbarman,13.1.7(ix)b2,13.0,Drainage,0.010,kg.,0,0,0,0,Source qty=0 — resource deployment only (idle/no-output day)
2026-03-14,illayaraja,18.3,18.3,Bituminous Layers,0.010,cu.m.,0,0,0,0,Source qty=0 — resource deployment only (idle/no-output day)
2026-03-14,kbarman,18.3.6,18.3,Bituminous Layers,0.010,lin.m.,0,0,0,0,Source qty=0 — resource deployment only (idle/no-output day)
2026-03-14,kbarman,18.3.6(i),18.3,Bituminous Layers,0.010,lin.m.,0,0,0,0,Source qty=0 — resource deployment only (idle/no-output day)
2026-03-14,parvaiz,18.3.6(i),18.3,Bituminous Layers,0.010,lin.m.,0,0,0,0,Source qty=0 — resource deployment only (idle/no-output day)
2026-03-14,ismaila,2.3.6(i),2.3,Bored Cast In-Situ Piling,0.010,cu.m.,0,0,0,0,Source qty=0 — resource deployment only (idle/no-output day)
2026-03-14,kbarman,2.3.6(i),2.3,Bored Cast In-Situ Piling,0.010,cu.m.,0,0,0,0,Source qty=0 — resource deployment only (idle/no-output day)
2026-03-14,illayaraja,2.3.6(i)a,2.3,Bored Cast In-Situ Piling,200.000,cu.m.,1500.00,10500.00,1,3,
2026-03-14,ismaila,2.3.6(i)a,2.3,Bored Cast In-Situ Piling,250.000,cu.m.,1700.00,10000.00,2,1,
2026-03-14,kbarman,2.3.6(i)a,2.3,Bored Cast In-Situ Piling,0.010,Sqm,0,0,0,0,Source qty=0 — resource deployment only (idle/no-output day)
2026-03-14,parvaiz,2.3.6(i)a,2.3,Bored Cast In-Situ Piling,0.010,lin.m.,0,0,0,0,Source qty=0 — resource deployment only (idle/no-output day)
2026-03-14,vijaykumar,2.3.6(i)a,2.3,Bored Cast In-Situ Piling,850.000,cu.m.,5200.00,20000.00,3,1,
2026-03-14,illayaraja,2.3.6(i)b,2.3,Bored Cast In-Situ Piling,0.010,cu.m.,0,0,0,0,Source qty=0 — resource deployment only (idle/no-output day)
2026-03-14,ismaila,2.3.6(i)b,2.3,Bored Cast In-Situ Piling,1100.000,sq.m.,500.00,19000.00,1,3,
2026-03-14,kbarman,2.3.6(i)b,2.3,Bored Cast In-Situ Piling,0.010,cu.m.,0,0,0,0,Source qty=0 — resource deployment only (idle/no-output day)
2026-03-14,saiffuddin,2.3.6(i)b,2.3,Bored Cast In-Situ Piling,650.000,cu.m.,3500.00,33000.00,2,3,
2026-03-14,vijaykumar,2.3.6(i)b,2.3,Bored Cast In-Situ Piling,4000.000,cu.m.,0,68000.00,0,2,
2026-03-14,illayaraja,2.3.6(i)d,2.3,Bored Cast In-Situ Piling,0.010,Sqm,0,0,0,0,Source qty=0 — resource deployment only (idle/no-output day)
2026-03-14,kbarman,2.3.6(i)d,2.3,Bored Cast In-Situ Piling,0.010,Sqm,0,0,0,0,Source qty=0 — resource deployment only (idle/no-output day)
2026-03-14,parvaiz,2.3.6(i)d,2.3,Bored Cast In-Situ Piling,0.010,cu.m.,0,0,0,0,Source qty=0 — resource deployment only (idle/no-output day)
2026-03-14,vijaykumar,2.3.6(i)d,2.3,Bored Cast In-Situ Piling,300.000,sq.m.,0,44000.00,0,3,
2026-03-14,illayaraja,2.4.6(i),2.4,Pile Cap,0.010,cu.m.,0,0,0,0,Source qty=0 — resource deployment only (idle/no-output day)
2026-03-14,kbarman,2.4.6(i),2.4,Pile Cap,0.010,cu.m.,0,0,0,0,Source qty=0 — resource deployment only (idle/no-output day)
2026-03-14,parvaiz,2.4.6(i),2.4,Pile Cap,0.010,sq.m.,1500.00,10000.00,1,3,Source qty=0 — resource deployment only (idle/no-output day)
2026-03-14,illayaraja,2.4.6(i)a,2.4,Pile Cap,0.010,cu.m.,0,0,0,0,Source qty=0 — resource deployment only (idle/no-output day)
2026-03-14,ismaila,2.4.6(i)a,2.4,Pile Cap,0.010,cu.m.,0,0,0,0,Source qty=0 — resource deployment only (idle/no-output day)
2026-03-14,sanjar,2.4.6(i)a,2.4,Pile Cap,0.010,cu.m.,0,0,0,0,Source qty=0 — resource deployment only (idle/no-output day)
2026-03-14,illayaraja,2.6.6(i),2.6,Pier,0.010,Sqm,0,0,0,0,Source qty=0 — resource deployment only (idle/no-output day)
2026-03-14,ismaila,2.6.6(i),2.6,Pier,0.010,cu.m.,0,0,0,0,Source qty=0 — resource deployment only (idle/no-output day)
2026-03-14,kbarman,2.6.6(i),2.6,Pier,0.010,cu.m.,0,0,0,0,Source qty=0 — resource deployment only (idle/no-output day)
2026-03-14,parvaiz,2.6.6(i),2.6,Pier,100.000,m,1500.00,11000.00,1,3,
2026-03-14,ismaila,2.6.6(i)a,2.6,Pier,450.000,cu.m.,500.00,18500.00,1,4,
2026-03-14,vijaykumar,2.6.6(i)a,2.6,Pier,700.000,cu.m.,0,0,0,0,
2026-03-14,illayaraja,2.7.6 (i),2.7,Abutment,0.010,cu.m.,0,0,0,0,Source qty=0 — resource deployment only (idle/no-output day)
2026-03-14,kbarman,2.7.6 (i),2.7,Abutment,0.010,cu.m.,0,0,0,0,Source qty=0 — resource deployment only (idle/no-output day)
2026-03-14,ismaila,3.2.6 (ii),3.2,Concrete RCC,0.010,cu.m.,0,0,0,0,Source qty=0 — resource deployment only (idle/no-output day)
2026-03-14,kbarman,3.2.6 (ii),3.2,Concrete RCC,0.010,cu.m.,0,0,0,0,Source qty=0 — resource deployment only (idle/no-output day)
2026-03-14,parvaiz,3.2.6 (ii),3.2,Concrete RCC,0.010,lin.m.,0,0,0,0,Source qty=0 — resource deployment only (idle/no-output day)
2026-03-14,saiffuddin,3.2.6 (ii)a,3.2,Concrete RCC,420.000,cu.m.,0,15000.00,0,2,
2026-03-14,illayaraja,5.1.7 (iii),5.1,Bearings,8.000,cu.m.,3200.00,0,1,0,
2026-03-14,kbarman,5.1.7 (iii),5.1,Bearings,0.010,cu.m.,0,0,0,0,Source qty=0 — resource deployment only (idle/no-output day)
2026-03-14,parvaiz,5.1.7 (iii),5.1,Bearings,0.010,lin.m.,2000.00,10000.00,2,3,Source qty=0 — resource deployment only (idle/no-output day)
2026-03-14,vijaykumar,5.1.7 (iii),5.1,Bearings,0.010,cu.m.,0,0,0,0,Source qty=0 — resource deployment only (idle/no-output day)
2026-03-14,anirban,5.1.7 (iii)a,5.1,Bearings,38.000,sq.m.,4800.00,0,1,0,
2026-03-14,illayaraja,5.1.7 (iii)a,5.1,Bearings,18.000,sq.m.,2300.00,0,2,0,
2026-03-14,kbarman,5.1.7 (iii)a,5.1,Bearings,0.010,sq.m.,0,0,0,0,Source qty=0 — resource deployment only (idle/no-output day)
2026-03-14,kbarman,5.10.6 (i),5.10,Anchor Blocks,0.010,sq.m.,0,0,0,0,Source qty=0 — resource deployment only (idle/no-output day)
2026-03-14,parvaiz,5.10.6 (i),5.10,Anchor Blocks,0.010,cu.m.,0,0,0,0,Source qty=0 — resource deployment only (idle/no-output day)
2026-03-14,illayaraja,5.2.6 (ii),5.2,Expansion Joints,10.000,kg.,1800.00,0,1,0,
2026-03-14,kbarman,5.2.6 (ii),5.2,Expansion Joints,0.010,kg.,0,0,0,0,Source qty=0 — resource deployment only (idle/no-output day)
2026-03-14,anirban,5.2.6 (ii)a,5.2,Expansion Joints,714.000,kg.,4500.00,0,1,0,
2026-03-14,illayaraja,9.1.6(ii),9.0,Approach Slab,200.000,sq.m.,1500.00,11000.00,1,2,
2026-03-14,kbarman,9.1.6(ii),9.0,Approach Slab,0.010,sq.m.,0,0,0,0,Source qty=0 — resource deployment only (idle/no-output day)
2026-03-15,ismaila,1,1.0,Preliminaries,0.010,sq.m.,0,3000.00,0,1,Source qty=0 — resource deployment only (idle/no-output day)
2026-03-15,kbarman,1,1.0,Preliminaries,0.010,sq.m.,0,0,0,0,Source qty=0 — resource deployment only (idle/no-output day)
2026-03-15,illayaraja,1.1,1.1,Site Establishment,0.010,lin.m.,0,0,0,0,Source qty=0 — resource deployment only (idle/no-output day)
2026-03-15,parvaiz,1.1,1.1,Site Establishment,0.010,cu.m.,0,0,0,0,Source qty=0 — resource deployment only (idle/no-output day)
2026-03-15,saiffuddin,1.1,1.1,Site Establishment,9.000,m,1500.00,5000.00,1,1,
2026-03-15,vijaykumar,1.1,1.1,Site Establishment,300.000,cu.m.,0,3000.00,0,1,
2026-03-15,anirban,13.1.7(ix)b,13.0,Drainage,26.000,lin.m.,7200.00,9000.00,1,1,
2026-03-15,kbarman,13.1.7(ix)b,13.0,Drainage,0.010,sq.m.,0,0,0,0,Source qty=0 — resource deployment only (idle/no-output day)
2026-03-15,anirban,13.1.7(ix)b1,13.0,Drainage,0.010,kg.,0,0,0,0,Source qty=0 — resource deployment only (idle/no-output day)
2026-03-15,kbarman,13.1.7(ix)b2,13.0,Drainage,775.000,kg.,3600.00,0,1,0,
2026-03-15,illayaraja,18.3,18.3,Bituminous Layers,0.010,cu.m.,0,0,0,0,Source qty=0 — resource deployment only (idle/no-output day)
2026-03-15,kbarman,18.3.6,18.3,Bituminous Layers,0.010,lin.m.,0,0,0,0,Source qty=0 — resource deployment only (idle/no-output day)
2026-03-15,kbarman,18.3.6(i),18.3,Bituminous Layers,0.010,lin.m.,0,0,0,0,Source qty=0 — resource deployment only (idle/no-output day)
2026-03-15,parvaiz,18.3.6(i),18.3,Bituminous Layers,0.010,lin.m.,0,0,0,0,Source qty=0 — resource deployment only (idle/no-output day)
2026-03-15,kbarman,2.3.6(i),2.3,Bored Cast In-Situ Piling,0.010,cu.m.,0,0,0,0,Source qty=0 — resource deployment only (idle/no-output day)
2026-03-15,illayaraja,2.3.6(i)a,2.3,Bored Cast In-Situ Piling,300.000,sq.m.,1000.00,10500.00,1,3,
2026-03-15,ismaila,2.3.6(i)a,2.3,Bored Cast In-Situ Piling,210.000,cu.m.,0,5000.00,0,1,
2026-03-15,kbarman,2.3.6(i)a,2.3,Bored Cast In-Situ Piling,100.000,lin.m.,0,5000.00,0,1,
2026-03-15,parvaiz,2.3.6(i)a,2.3,Bored Cast In-Situ Piling,0.010,lin.m.,0,0,0,0,Source qty=0 — resource deployment only (idle/no-output day)
2026-03-15,vijaykumar,2.3.6(i)a,2.3,Bored Cast In-Situ Piling,850.000,cu.m.,5200.00,40000.00,3,1,
2026-03-15,illayaraja,2.3.6(i)b,2.3,Bored Cast In-Situ Piling,0.010,cu.m.,0,0,0,0,Source qty=0 — resource deployment only (idle/no-output day)
2026-03-15,ismaila,2.3.6(i)b,2.3,Bored Cast In-Situ Piling,1150.000,sq.m.,2200.00,19000.00,2,3,
2026-03-15,kbarman,2.3.6(i)b,2.3,Bored Cast In-Situ Piling,0.010,cu.m.,0,0,0,0,Source qty=0 — resource deployment only (idle/no-output day)
2026-03-15,saiffuddin,2.3.6(i)b,2.3,Bored Cast In-Situ Piling,850.000,cu.m.,3500.00,38000.00,2,3,
2026-03-15,vijaykumar,2.3.6(i)b,2.3,Bored Cast In-Situ Piling,4000.000,cu.m.,0,64000.00,0,3,
2026-03-15,illayaraja,2.3.6(i)d,2.3,Bored Cast In-Situ Piling,0.010,Sqm,0,0,0,0,Source qty=0 — resource deployment only (idle/no-output day)
2026-03-15,kbarman,2.3.6(i)d,2.3,Bored Cast In-Situ Piling,0.010,Sqm,0,0,0,0,Source qty=0 — resource deployment only (idle/no-output day)
2026-03-15,parvaiz,2.3.6(i)d,2.3,Bored Cast In-Situ Piling,0.010,cu.m.,0,0,0,0,Source qty=0 — resource deployment only (idle/no-output day)
2026-03-15,vijaykumar,2.3.6(i)d,2.3,Bored Cast In-Situ Piling,320.000,sq.m.,0,26000.00,0,2,
2026-03-15,illayaraja,2.4.6(i),2.4,Pile Cap,0.010,cu.m.,0,0,0,0,Source qty=0 — resource deployment only (idle/no-output day)
2026-03-15,kbarman,2.4.6(i),2.4,Pile Cap,70.000,cu.m.,3000.00,8000.00,1,2,
2026-03-15,parvaiz,2.4.6(i),2.4,Pile Cap,0.010,sq.m.,3000.00,16000.00,2,4,Source qty=0 — resource deployment only (idle/no-output day)
2026-03-15,illayaraja,2.4.6(i)a,2.4,Pile Cap,0.010,cu.m.,0,0,0,0,Source qty=0 — resource deployment only (idle/no-output day)
2026-03-15,ismaila,2.4.6(i)a,2.4,Pile Cap,0.010,cu.m.,0,0,0,0,Source qty=0 — resource deployment only (idle/no-output day)
2026-03-15,sanjar,2.4.6(i)a,2.4,Pile Cap,0.010,cu.m.,0,0,0,0,Source qty=0 — resource deployment only (idle/no-output day)
2026-03-15,illayaraja,2.6.6(i),2.6,Pier,0.010,Sqm,0,0,0,0,Source qty=0 — resource deployment only (idle/no-output day)
2026-03-15,ismaila,2.6.6(i),2.6,Pier,500.000,cu.m.,0,8000.00,0,2,
2026-03-15,kbarman,2.6.6(i),2.6,Pier,0.010,cu.m.,0,0,0,0,Source qty=0 — resource deployment only (idle/no-output day)
2026-03-15,parvaiz,2.6.6(i),2.6,Pier,60.000,m,1500.00,11000.00,1,3,
2026-03-15,ismaila,2.6.6(i)a,2.6,Pier,500.000,cu.m.,500.00,17500.00,1,4,
2026-03-15,vijaykumar,2.6.6(i)a,2.6,Pier,4000.000,cu.m.,0,0,0,0,
2026-03-15,illayaraja,2.7.6 (i),2.7,Abutment,0.010,cu.m.,0,0,0,0,Source qty=0 — resource deployment only (idle/no-output day)
2026-03-15,kbarman,2.7.6 (i),2.7,Abutment,0.010,cu.m.,0,0,0,0,Source qty=0 — resource deployment only (idle/no-output day)
2026-03-15,ismaila,3.2.6 (ii),3.2,Concrete RCC,0.010,cu.m.,0,0,0,0,Source qty=0 — resource deployment only (idle/no-output day)
2026-03-15,kbarman,3.2.6 (ii),3.2,Concrete RCC,0.010,lin.m.,0,0,0,0,Source qty=0 — resource deployment only (idle/no-output day)
2026-03-15,parvaiz,3.2.6 (ii),3.2,Concrete RCC,0.010,lin.m.,0,0,0,0,Source qty=0 — resource deployment only (idle/no-output day)
2026-03-15,saiffuddin,3.2.6 (ii)a,3.2,Concrete RCC,400.000,cu.m.,0,20000.00,0,2,
2026-03-15,anirban,5.1.7 (iii),5.1,Bearings,24.000,lin.m.,800.00,0,1,0,
2026-03-15,illayaraja,5.1.7 (iii),5.1,Bearings,60.000,cu.m.,6200.00,3000.00,2,1,
2026-03-15,kbarman,5.1.7 (iii),5.1,Bearings,13.000,cu.m.,500.00,3000.00,1,1,
2026-03-15,parvaiz,5.1.7 (iii),5.1,Bearings,0.010,lin.m.,0,0,0,0,Source qty=0 — resource deployment only (idle/no-output day)
2026-03-15,vijaykumar,5.1.7 (iii),5.1,Bearings,0.010,cu.m.,0,0,0,0,Source qty=0 — resource deployment only (idle/no-output day)
2026-03-15,anirban,5.1.7 (iii)a,5.1,Bearings,21.000,sq.m.,9600.00,0,1,0,
2026-03-15,illayaraja,5.1.7 (iii)a,5.1,Bearings,20.000,sq.m.,2300.00,0,2,0,
2026-03-15,kbarman,5.1.7 (iii)a,5.1,Bearings,65.000,sq.m.,4000.00,0,1,0,
2026-03-15,kbarman,5.10.6 (i),5.10,Anchor Blocks,70.000,sq.m.,1500.00,0,1,0,
2026-03-15,parvaiz,5.10.6 (i),5.10,Anchor Blocks,0.010,cu.m.,0,0,0,0,Source qty=0 — resource deployment only (idle/no-output day)
2026-03-15,illayaraja,5.2.6 (ii),5.2,Expansion Joints,80.000,kg.,2300.00,0,2,0,
2026-03-15,kbarman,5.2.6 (ii),5.2,Expansion Joints,0.010,kg.,0,0,0,0,Source qty=0 — resource deployment only (idle/no-output day)
2026-03-15,illayaraja,9.1.6(ii),9.0,Approach Slab,150.000,sq.m.,1500.00,11000.00,1,2,
2026-03-15,kbarman,9.1.6(ii),9.0,Approach Slab,0.010,sq.m.,0,0,0,0,Source qty=0 — resource deployment only (idle/no-output day)
2026-03-16,ismaila,1,1.0,Preliminaries,0.010,sq.m.,0,6000.00,0,1,Source qty=0 — resource deployment only (idle/no-output day)
2026-03-16,kbarman,1,1.0,Preliminaries,0.010,sq.m.,0,0,0,0,Source qty=0 — resource deployment only (idle/no-output day)
2026-03-16,illayaraja,1.1,1.1,Site Establishment,0.010,lin.m.,0,0,0,0,Source qty=0 — resource deployment only (idle/no-output day)
2026-03-16,ismaila,1.1,1.1,Site Establishment,0.010,cu.m.,0,0,0,0,Source qty=0 — resource deployment only (idle/no-output day)
2026-03-16,parvaiz,1.1,1.1,Site Establishment,0.010,cu.m.,0,0,0,0,Source qty=0 — resource deployment only (idle/no-output day)
2026-03-16,saiffuddin,1.1,1.1,Site Establishment,29.000,m,1500.00,7300.00,1,3,
2026-03-16,vijaykumar,1.1,1.1,Site Establishment,550.000,cu.m.,0,3000.00,0,1,
2026-03-16,anirban,13.1.7(ix)b,13.0,Drainage,24.000,lin.m.,13600.00,6000.00,1,1,
2026-03-16,kbarman,13.1.7(ix)b,13.0,Drainage,0.010,sq.m.,0,0,0,0,Source qty=0 — resource deployment only (idle/no-output day)
2026-03-16,kbarman,13.1.7(ix)b2,13.0,Drainage,775.000,kg.,4500.00,0,1,0,
2026-03-16,illayaraja,18.3,18.3,Bituminous Layers,0.010,cu.m.,0,0,0,0,Source qty=0 — resource deployment only (idle/no-output day)
2026-03-16,kbarman,18.3.6,18.3,Bituminous Layers,0.010,lin.m.,0,0,0,0,Source qty=0 — resource deployment only (idle/no-output day)
2026-03-16,kbarman,18.3.6(i),18.3,Bituminous Layers,0.010,lin.m.,0,0,0,0,Source qty=0 — resource deployment only (idle/no-output day)
2026-03-16,parvaiz,18.3.6(i),18.3,Bituminous Layers,0.010,lin.m.,0,0,0,0,Source qty=0 — resource deployment only (idle/no-output day)
2026-03-16,ismaila,2.3.6(i),2.3,Bored Cast In-Situ Piling,0.010,cu.m.,0,0,0,0,Source qty=0 — resource deployment only (idle/no-output day)
2026-03-16,kbarman,2.3.6(i),2.3,Bored Cast In-Situ Piling,0.010,cu.m.,0,0,0,0,Source qty=0 — resource deployment only (idle/no-output day)
2026-03-16,illayaraja,2.3.6(i)a,2.3,Bored Cast In-Situ Piling,250.000,cu.m.,500.00,10500.00,1,3,
2026-03-16,ismaila,2.3.6(i)a,2.3,Bored Cast In-Situ Piling,75.000,cu.m.,0,5000.00,0,1,
2026-03-16,kbarman,2.3.6(i)a,2.3,Bored Cast In-Situ Piling,0.010,Sqm,0,0,0,0,Source qty=0 — resource deployment only (idle/no-output day)
2026-03-16,parvaiz,2.3.6(i)a,2.3,Bored Cast In-Situ Piling,0.010,lin.m.,0,0,0,0,Source qty=0 — resource deployment only (idle/no-output day)
2026-03-16,vijaykumar,2.3.6(i)a,2.3,Bored Cast In-Situ Piling,850.000,cu.m.,6900.00,15000.00,3,1,
2026-03-16,illayaraja,2.3.6(i)b,2.3,Bored Cast In-Situ Piling,0.010,cu.m.,0,0,0,0,Source qty=0 — resource deployment only (idle/no-output day)
2026-03-16,ismaila,2.3.6(i)b,2.3,Bored Cast In-Situ Piling,1650.000,cu.m.,1000.00,30000.00,1,3,
2026-03-16,kbarman,2.3.6(i)b,2.3,Bored Cast In-Situ Piling,0.010,cu.m.,0,0,0,0,Source qty=0 — resource deployment only (idle/no-output day)
2026-03-16,saiffuddin,2.3.6(i)b,2.3,Bored Cast In-Situ Piling,600.000,cu.m.,3500.00,45000.00,2,3,
2026-03-16,vijaykumar,2.3.6(i)b,2.3,Bored Cast In-Situ Piling,2700.000,cu.m.,0,69000.00,0,3,
2026-03-16,illayaraja,2.3.6(i)d,2.3,Bored Cast In-Situ Piling,0.010,Sqm,0,0,0,0,Source qty=0 — resource deployment only (idle/no-output day)
2026-03-16,kbarman,2.3.6(i)d,2.3,Bored Cast In-Situ Piling,0.010,Sqm,0,0,0,0,Source qty=0 — resource deployment only (idle/no-output day)
2026-03-16,parvaiz,2.3.6(i)d,2.3,Bored Cast In-Situ Piling,0.010,cu.m.,0,0,0,0,Source qty=0 — resource deployment only (idle/no-output day)
2026-03-16,vijaykumar,2.3.6(i)d,2.3,Bored Cast In-Situ Piling,330.000,sq.m.,0,31000.00,0,2,
2026-03-16,illayaraja,2.4.6(i),2.4,Pile Cap,50.000,cu.m.,0,5500.00,0,2,
2026-03-16,ismaila,2.4.6(i),2.4,Pile Cap,500.000,cu.m.,1700.00,15500.00,2,3,
2026-03-16,kbarman,2.4.6(i),2.4,Pile Cap,0.010,cu.m.,0,0,0,0,Source qty=0 — resource deployment only (idle/no-output day)
2026-03-16,parvaiz,2.4.6(i),2.4,Pile Cap,60.000,sq.m.,1500.00,20500.00,1,3,
2026-03-16,illayaraja,2.4.6(i)a,2.4,Pile Cap,0.010,cu.m.,0,0,0,0,Source qty=0 — resource deployment only (idle/no-output day)
2026-03-16,sanjar,2.4.6(i)a,2.4,Pile Cap,0.010,cu.m.,0,0,0,0,Source qty=0 — resource deployment only (idle/no-output day)
2026-03-16,illayaraja,2.6.6(i),2.6,Pier,0.010,Sqm,0,0,0,0,Source qty=0 — resource deployment only (idle/no-output day)
2026-03-16,ismaila,2.6.6(i),2.6,Pier,0.010,cu.m.,0,0,0,0,Source qty=0 — resource deployment only (idle/no-output day)
2026-03-16,kbarman,2.6.6(i),2.6,Pier,0.010,cu.m.,0,0,0,0,Source qty=0 — resource deployment only (idle/no-output day)
2026-03-16,parvaiz,2.6.6(i),2.6,Pier,130.000,m,3000.00,16000.00,2,4,
2026-03-16,ismaila,2.6.6(i)a,2.6,Pier,0.010,cu.m.,0,0,0,0,Source qty=0 — resource deployment only (idle/no-output day)
2026-03-16,vijaykumar,2.6.6(i)a,2.6,Pier,500.000,cu.m.,0,6000.00,0,1,
2026-03-16,illayaraja,2.7.6 (i),2.7,Abutment,0.010,cu.m.,0,0,0,0,Source qty=0 — resource deployment only (idle/no-output day)
2026-03-16,kbarman,2.7.6 (i),2.7,Abutment,0.010,cu.m.,0,0,0,0,Source qty=0 — resource deployment only (idle/no-output day)
2026-03-16,ismaila,3.2.6 (ii),3.2,Concrete RCC,0.010,cu.m.,0,0,0,0,Source qty=0 — resource deployment only (idle/no-output day)
2026-03-16,kbarman,3.2.6 (ii),3.2,Concrete RCC,0.010,cu.m.,0,0,0,0,Source qty=0 — resource deployment only (idle/no-output day)
2026-03-16,parvaiz,3.2.6 (ii),3.2,Concrete RCC,0.010,lin.m.,0,0,0,0,Source qty=0 — resource deployment only (idle/no-output day)
2026-03-16,saiffuddin,3.2.6 (ii)a,3.2,Concrete RCC,0.010,cu.m.,0,0,0,0,Source qty=0 — resource deployment only (idle/no-output day)
2026-03-16,anirban,5.1.7 (iii),5.1,Bearings,27.000,cu.m.,1600.00,0,1,0,
2026-03-16,illayaraja,5.1.7 (iii),5.1,Bearings,60.000,cu.m.,6200.00,3000.00,2,1,
2026-03-16,kbarman,5.1.7 (iii),5.1,Bearings,0.010,cu.m.,0,0,0,0,Source qty=0 — resource deployment only (idle/no-output day)
2026-03-16,parvaiz,5.1.7 (iii),5.1,Bearings,0.010,lin.m.,0,0,0,0,Source qty=0 — resource deployment only (idle/no-output day)
2026-03-16,vijaykumar,5.1.7 (iii),5.1,Bearings,0.010,cu.m.,0,0,0,0,Source qty=0 — resource deployment only (idle/no-output day)
2026-03-16,anirban,5.1.7 (iii)a,5.1,Bearings,140.000,sq.m.,13600.00,9000.00,1,1,
2026-03-16,illayaraja,5.1.7 (iii)a,5.1,Bearings,100.000,kg.,2300.00,0,2,0,
2026-03-16,kbarman,5.1.7 (iii)a,5.1,Bearings,0.010,sq.m.,0,0,0,0,Source qty=0 — resource deployment only (idle/no-output day)
2026-03-16,kbarman,5.10.6 (i),5.10,Anchor Blocks,0.010,sq.m.,0,0,0,0,Source qty=0 — resource deployment only (idle/no-output day)
2026-03-16,parvaiz,5.10.6 (i),5.10,Anchor Blocks,0.010,cu.m.,0,0,0,0,Source qty=0 — resource deployment only (idle/no-output day)
2026-03-16,illayaraja,5.2.6 (ii),5.2,Expansion Joints,20.000,sq.m.,1800.00,0,1,0,
2026-03-16,kbarman,5.2.6 (ii),5.2,Expansion Joints,0.010,kg.,0,0,0,0,Source qty=0 — resource deployment only (idle/no-output day)
2026-03-16,anirban,5.2.6 (ii)a,5.2,Expansion Joints,753.000,kg.,3600.00,0,1,0,
2026-03-16,illayaraja,9.1.6(ii),9.0,Approach Slab,150.000,sq.m.,1000.00,8000.00,1,2,
2026-03-16,kbarman,9.1.6(ii),9.0,Approach Slab,0.010,sq.m.,0,0,0,0,Source qty=0 — resource deployment only (idle/no-output day)
2026-03-17,ismaila,1,1.0,Preliminaries,0.010,sq.m.,0,0,0,0,Source qty=0 — resource deployment only (idle/no-output day)
2026-03-17,kbarman,1,1.0,Preliminaries,0.010,sq.m.,0,0,0,0,Source qty=0 — resource deployment only (idle/no-output day)
2026-03-17,illayaraja,1.1,1.1,Site Establishment,0.010,lin.m.,0,0,0,0,Source qty=0 — resource deployment only (idle/no-output day)
2026-03-17,ismaila,1.1,1.1,Site Establishment,0.010,cu.m.,0,0,0,0,Source qty=0 — resource deployment only (idle/no-output day)
2026-03-17,parvaiz,1.1,1.1,Site Establishment,0.010,cu.m.,0,0,0,0,Source qty=0 — resource deployment only (idle/no-output day)
2026-03-17,saiffuddin,1.1,1.1,Site Establishment,25.000,m,1500.00,12300.00,1,3,
2026-03-17,vijaykumar,1.1,1.1,Site Establishment,400.000,cu.m.,0,3000.00,0,1,
2026-03-17,anirban,13.1.7(ix)b,13.0,Drainage,48.000,lin.m.,8000.00,9000.00,1,1,
2026-03-17,kbarman,13.1.7(ix)b,13.0,Drainage,0.010,sq.m.,0,0,0,0,Source qty=0 — resource deployment only (idle/no-output day)
2026-03-17,anirban,13.1.7(ix)b1,13.0,Drainage,0.010,kg.,0,0,0,0,Source qty=0 — resource deployment only (idle/no-output day)
2026-03-17,kbarman,13.1.7(ix)b2,13.0,Drainage,387.000,kg.,9000.00,0,1,0,
2026-03-17,illayaraja,18.3,18.3,Bituminous Layers,0.010,cu.m.,0,0,0,0,Source qty=0 — resource deployment only (idle/no-output day)
2026-03-17,kbarman,18.3.6,18.3,Bituminous Layers,0.010,lin.m.,0,0,0,0,Source qty=0 — resource deployment only (idle/no-output day)
2026-03-17,kbarman,18.3.6(i),18.3,Bituminous Layers,0.010,lin.m.,0,0,0,0,Source qty=0 — resource deployment only (idle/no-output day)
2026-03-17,parvaiz,18.3.6(i),18.3,Bituminous Layers,0.010,lin.m.,0,0,0,0,Source qty=0 — resource deployment only (idle/no-output day)
2026-03-17,ismaila,2.3.6(i),2.3,Bored Cast In-Situ Piling,0.010,cu.m.,0,0,0,0,Source qty=0 — resource deployment only (idle/no-output day)
2026-03-17,kbarman,2.3.6(i),2.3,Bored Cast In-Situ Piling,0.010,cu.m.,0,0,0,0,Source qty=0 — resource deployment only (idle/no-output day)
2026-03-17,illayaraja,2.3.6(i)a,2.3,Bored Cast In-Situ Piling,200.000,cu.m.,1500.00,5000.00,1,1,
2026-03-17,ismaila,2.3.6(i)a,2.3,Bored Cast In-Situ Piling,0.010,cu.m.,0,0,0,0,Source qty=0 — resource deployment only (idle/no-output day)
2026-03-17,kbarman,2.3.6(i)a,2.3,Bored Cast In-Situ Piling,0.010,Sqm,0,0,0,0,Source qty=0 — resource deployment only (idle/no-output day)
2026-03-17,parvaiz,2.3.6(i)a,2.3,Bored Cast In-Situ Piling,0.010,lin.m.,0,0,0,0,Source qty=0 — resource deployment only (idle/no-output day)
2026-03-17,vijaykumar,2.3.6(i)a,2.3,Bored Cast In-Situ Piling,750.000,cu.m.,5700.00,46000.00,3,2,
2026-03-17,illayaraja,2.3.6(i)b,2.3,Bored Cast In-Situ Piling,0.010,cu.m.,0,0,0,0,Source qty=0 — resource deployment only (idle/no-output day)
2026-03-17,ismaila,2.3.6(i)b,2.3,Bored Cast In-Situ Piling,0.010,cu.m.,0,0,0,0,Source qty=0 — resource deployment only (idle/no-output day)
2026-03-17,kbarman,2.3.6(i)b,2.3,Bored Cast In-Situ Piling,0.010,cu.m.,0,0,0,0,Source qty=0 — resource deployment only (idle/no-output day)
2026-03-17,saiffuddin,2.3.6(i)b,2.3,Bored Cast In-Situ Piling,510.000,cu.m.,3500.00,38000.00,2,3,
2026-03-17,vijaykumar,2.3.6(i)b,2.3,Bored Cast In-Situ Piling,3800.000,cu.m.,0,37000.00,0,3,
2026-03-17,illayaraja,2.3.6(i)d,2.3,Bored Cast In-Situ Piling,0.010,Sqm,0,0,0,0,Source qty=0 — resource deployment only (idle/no-output day)
2026-03-17,kbarman,2.3.6(i)d,2.3,Bored Cast In-Situ Piling,0.010,Sqm,0,0,0,0,Source qty=0 — resource deployment only (idle/no-output day)
2026-03-17,parvaiz,2.3.6(i)d,2.3,Bored Cast In-Situ Piling,0.010,cu.m.,0,0,0,0,Source qty=0 — resource deployment only (idle/no-output day)
2026-03-17,vijaykumar,2.3.6(i)d,2.3,Bored Cast In-Situ Piling,220.000,sq.m.,0,20000.00,0,1,
2026-03-17,illayaraja,2.4.6(i),2.4,Pile Cap,0.010,cu.m.,0,0,0,0,Source qty=0 — resource deployment only (idle/no-output day)
2026-03-17,ismaila,2.4.6(i),2.4,Pile Cap,0.010,cu.m.,0,0,0,0,Source qty=0 — resource deployment only (idle/no-output day)
2026-03-17,kbarman,2.4.6(i),2.4,Pile Cap,0.010,cu.m.,0,0,0,0,Source qty=0 — resource deployment only (idle/no-output day)
2026-03-17,parvaiz,2.4.6(i),2.4,Pile Cap,13.000,sq.m.,2000.00,20000.00,1,4,
2026-03-17,illayaraja,2.4.6(i)a,2.4,Pile Cap,0.010,cu.m.,0,0,0,0,Source qty=0 — resource deployment only (idle/no-output day)
2026-03-17,sanjar,2.4.6(i)a,2.4,Pile Cap,0.010,cu.m.,0,0,0,0,Source qty=0 — resource deployment only (idle/no-output day)
2026-03-17,illayaraja,2.6.6(i),2.6,Pier,0.010,Sqm,0,0,0,0,Source qty=0 — resource deployment only (idle/no-output day)
2026-03-17,ismaila,2.6.6(i),2.6,Pier,0.010,cu.m.,0,0,0,0,Source qty=0 — resource deployment only (idle/no-output day)
2026-03-17,kbarman,2.6.6(i),2.6,Pier,0.010,cu.m.,0,0,0,0,Source qty=0 — resource deployment only (idle/no-output day)
2026-03-17,parvaiz,2.6.6(i),2.6,Pier,130.000,m,3000.00,23000.00,2,4,
2026-03-17,ismaila,2.6.6(i)a,2.6,Pier,0.010,cu.m.,0,0,0,0,Source qty=0 — resource deployment only (idle/no-output day)
2026-03-17,vijaykumar,2.6.6(i)a,2.6,Pier,120.000,cu.m.,0,6000.00,0,1,
2026-03-17,illayaraja,2.7.6 (i),2.7,Abutment,100.000,cu.m.,2000.00,6500.00,1,2,
2026-03-17,kbarman,2.7.6 (i),2.7,Abutment,0.010,cu.m.,0,0,0,0,Source qty=0 — resource deployment only (idle/no-output day)
2026-03-17,ismaila,3.2.6 (ii),3.2,Concrete RCC,0.010,cu.m.,0,0,0,0,Source qty=0 — resource deployment only (idle/no-output day)
2026-03-17,kbarman,3.2.6 (ii),3.2,Concrete RCC,0.010,cu.m.,0,0,0,0,Source qty=0 — resource deployment only (idle/no-output day)
2026-03-17,parvaiz,3.2.6 (ii),3.2,Concrete RCC,0.010,lin.m.,0,0,0,0,Source qty=0 — resource deployment only (idle/no-output day)
2026-03-17,saiffuddin,3.2.6 (ii)a,3.2,Concrete RCC,0.010,cu.m.,0,0,0,0,Source qty=0 — resource deployment only (idle/no-output day)
2026-03-17,anirban,5.1.7 (iii),5.1,Bearings,36.000,cu.m.,1600.00,0,1,0,
2026-03-17,illayaraja,5.1.7 (iii),5.1,Bearings,80.000,cu.m.,6700.00,2500.00,2,1,
2026-03-17,kbarman,5.1.7 (iii),5.1,Bearings,0.010,cu.m.,0,0,0,0,Source qty=0 — resource deployment only (idle/no-output day)
2026-03-17,parvaiz,5.1.7 (iii),5.1,Bearings,0.010,lin.m.,0,0,0,0,Source qty=0 — resource deployment only (idle/no-output day)
2026-03-17,vijaykumar,5.1.7 (iii),5.1,Bearings,0.010,cu.m.,0,0,0,0,Source qty=0 — resource deployment only (idle/no-output day)
2026-03-17,anirban,5.1.7 (iii)a,5.1,Bearings,274.000,sq.m.,17600.00,0,1,0,
2026-03-17,illayaraja,5.1.7 (iii)a,5.1,Bearings,16.000,Sqm,2300.00,0,2,0,
2026-03-17,kbarman,5.1.7 (iii)a,5.1,Bearings,0.010,sq.m.,0,0,0,0,Source qty=0 — resource deployment only (idle/no-output day)
2026-03-17,kbarman,5.10.6 (i),5.10,Anchor Blocks,0.010,sq.m.,0,0,0,0,Source qty=0 — resource deployment only (idle/no-output day)
2026-03-17,parvaiz,5.10.6 (i),5.10,Anchor Blocks,0.010,cu.m.,0,0,0,0,Source qty=0 — resource deployment only (idle/no-output day)
2026-03-17,illayaraja,5.2.6 (ii),5.2,Expansion Joints,80.000,kg.,1800.00,0,1,0,
2026-03-17,kbarman,5.2.6 (ii),5.2,Expansion Joints,0.010,kg.,0,0,0,0,Source qty=0 — resource deployment only (idle/no-output day)
2026-03-17,illayaraja,9.1.6(ii),9.0,Approach Slab,260.000,cu.m.,2500.00,16500.00,1,3,
2026-03-17,kbarman,9.1.6(ii),9.0,Approach Slab,0.010,sq.m.,0,0,0,0,Source qty=0 — resource deployment only (idle/no-output day)
2026-03-18,ismaila,1,1.0,Preliminaries,0.010,sq.m.,0,0,0,0,Source qty=0 — resource deployment only (idle/no-output day)
2026-03-18,kbarman,1,1.0,Preliminaries,0.010,sq.m.,0,0,0,0,Source qty=0 — resource deployment only (idle/no-output day)
2026-03-18,illayaraja,1.1,1.1,Site Establishment,0.010,lin.m.,0,0,0,0,Source qty=0 — resource deployment only (idle/no-output day)
2026-03-18,ismaila,1.1,1.1,Site Establishment,0.010,cu.m.,0,0,0,0,Source qty=0 — resource deployment only (idle/no-output day)
2026-03-18,parvaiz,1.1,1.1,Site Establishment,0.010,cu.m.,0,0,0,0,Source qty=0 — resource deployment only (idle/no-output day)
2026-03-18,saiffuddin,1.1,1.1,Site Establishment,24.000,m,1500.00,7300.00,1,3,
2026-03-18,vijaykumar,1.1,1.1,Site Establishment,0.010,cu.m.,0,0,0,0,Source qty=0 — resource deployment only (idle/no-output day)
2026-03-18,anirban,13.1.7(ix)b,13.0,Drainage,24.000,lin.m.,5600.00,9000.00,1,1,
2026-03-18,kbarman,13.1.7(ix)b,13.0,Drainage,0.010,sq.m.,0,0,0,0,Source qty=0 — resource deployment only (idle/no-output day)
2026-03-18,anirban,13.1.7(ix)b1,13.0,Drainage,0.010,kg.,0,0,0,0,Source qty=0 — resource deployment only (idle/no-output day)
2026-03-18,kbarman,13.1.7(ix)b2,13.0,Drainage,0.010,kg.,0,0,0,0,Source qty=0 — resource deployment only (idle/no-output day)
2026-03-18,illayaraja,18.3,18.3,Bituminous Layers,0.010,cu.m.,0,0,0,0,Source qty=0 — resource deployment only (idle/no-output day)
2026-03-18,kbarman,18.3.6,18.3,Bituminous Layers,0.010,lin.m.,0,0,0,0,Source qty=0 — resource deployment only (idle/no-output day)
2026-03-18,kbarman,18.3.6(i),18.3,Bituminous Layers,0.010,lin.m.,0,0,0,0,Source qty=0 — resource deployment only (idle/no-output day)
2026-03-18,parvaiz,18.3.6(i),18.3,Bituminous Layers,0.010,lin.m.,0,0,0,0,Source qty=0 — resource deployment only (idle/no-output day)
2026-03-18,ismaila,2.3.6(i),2.3,Bored Cast In-Situ Piling,0.010,cu.m.,0,0,0,0,Source qty=0 — resource deployment only (idle/no-output day)
2026-03-18,kbarman,2.3.6(i),2.3,Bored Cast In-Situ Piling,0.010,cu.m.,0,0,0,0,Source qty=0 — resource deployment only (idle/no-output day)
2026-03-18,illayaraja,2.3.6(i)a,2.3,Bored Cast In-Situ Piling,200.000,cu.m.,500.00,5000.00,1,1,
2026-03-18,ismaila,2.3.6(i)a,2.3,Bored Cast In-Situ Piling,430.000,cu.m.,1700.00,20000.00,2,1,
2026-03-18,kbarman,2.3.6(i)a,2.3,Bored Cast In-Situ Piling,0.010,Sqm,0,0,0,0,Source qty=0 — resource deployment only (idle/no-output day)
2026-03-18,parvaiz,2.3.6(i)a,2.3,Bored Cast In-Situ Piling,0.010,lin.m.,0,0,0,0,Source qty=0 — resource deployment only (idle/no-output day)
2026-03-18,vijaykumar,2.3.6(i)a,2.3,Bored Cast In-Situ Piling,0.010,cu.m.,0,0,0,0,Source qty=0 — resource deployment only (idle/no-output day)
2026-03-18,illayaraja,2.3.6(i)b,2.3,Bored Cast In-Situ Piling,0.010,cu.m.,0,0,0,0,Source qty=0 — resource deployment only (idle/no-output day)
2026-03-18,ismaila,2.3.6(i)b,2.3,Bored Cast In-Situ Piling,150.000,cu.m.,500.00,25000.00,1,3,
2026-03-18,kbarman,2.3.6(i)b,2.3,Bored Cast In-Situ Piling,0.010,cu.m.,0,0,0,0,Source qty=0 — resource deployment only (idle/no-output day)
2026-03-18,saiffuddin,2.3.6(i)b,2.3,Bored Cast In-Situ Piling,820.000,cu.m.,1000.00,30000.00,1,3,
2026-03-18,vijaykumar,2.3.6(i)b,2.3,Bored Cast In-Situ Piling,0.010,cu.m.,0,0,0,0,Source qty=0 — resource deployment only (idle/no-output day)
2026-03-18,illayaraja,2.3.6(i)d,2.3,Bored Cast In-Situ Piling,0.010,Sqm,0,0,0,0,Source qty=0 — resource deployment only (idle/no-output day)
2026-03-18,kbarman,2.3.6(i)d,2.3,Bored Cast In-Situ Piling,0.010,Sqm,0,0,0,0,Source qty=0 — resource deployment only (idle/no-output day)
2026-03-18,parvaiz,2.3.6(i)d,2.3,Bored Cast In-Situ Piling,0.010,cu.m.,0,0,0,0,Source qty=0 — resource deployment only (idle/no-output day)
2026-03-18,vijaykumar,2.3.6(i)d,2.3,Bored Cast In-Situ Piling,0.010,sq.m.,0,0,0,0,Source qty=0 — resource deployment only (idle/no-output day)
2026-03-18,illayaraja,2.4.6(i),2.4,Pile Cap,60.000,cu.m.,0,2500.00,0,1,
2026-03-18,ismaila,2.4.6(i),2.4,Pile Cap,0.010,cu.m.,0,0,0,0,Source qty=0 — resource deployment only (idle/no-output day)
2026-03-18,kbarman,2.4.6(i),2.4,Pile Cap,0.010,cu.m.,0,0,0,0,Source qty=0 — resource deployment only (idle/no-output day)
2026-03-18,parvaiz,2.4.6(i),2.4,Pile Cap,60.000,sq.m.,3000.00,25000.00,1,5,
2026-03-18,saiffuddin,2.4.6(i),2.4,Pile Cap,450.000,cu.m.,2500.00,8000.00,2,2,
2026-03-18,illayaraja,2.4.6(i)a,2.4,Pile Cap,0.010,cu.m.,0,0,0,0,Source qty=0 — resource deployment only (idle/no-output day)
2026-03-18,sanjar,2.4.6(i)a,2.4,Pile Cap,0.010,cu.m.,0,0,0,0,Source qty=0 — resource deployment only (idle/no-output day)
2026-03-18,illayaraja,2.6.6(i),2.6,Pier,0.010,Sqm,0,0,0,0,Source qty=0 — resource deployment only (idle/no-output day)
2026-03-18,ismaila,2.6.6(i),2.6,Pier,345.000,cu.m.,500.00,13500.00,1,3,
2026-03-18,kbarman,2.6.6(i),2.6,Pier,0.010,cu.m.,0,0,0,0,Source qty=0 — resource deployment only (idle/no-output day)
2026-03-18,parvaiz,2.6.6(i),2.6,Pier,0.010,m,0,0,0,0,Source qty=0 — resource deployment only (idle/no-output day)
2026-03-18,ismaila,2.6.6(i)a,2.6,Pier,0.010,cu.m.,0,0,0,0,Source qty=0 — resource deployment only (idle/no-output day)
2026-03-18,vijaykumar,2.6.6(i)a,2.6,Pier,0.010,cu.m.,0,0,0,0,Source qty=0 — resource deployment only (idle/no-output day)
2026-03-18,kbarman,2.7.6 (i),2.7,Abutment,0.010,cu.m.,0,0,0,0,Source qty=0 — resource deployment only (idle/no-output day)
2026-03-18,illayaraja,3.2.6 (ii),3.2,Concrete RCC,90.000,cu.m.,0,5500.00,0,2,
2026-03-18,ismaila,3.2.6 (ii),3.2,Concrete RCC,0.010,cu.m.,0,0,0,0,Source qty=0 — resource deployment only (idle/no-output day)
2026-03-18,kbarman,3.2.6 (ii),3.2,Concrete RCC,0.010,cu.m.,0,0,0,0,Source qty=0 — resource deployment only (idle/no-output day)
2026-03-18,parvaiz,3.2.6 (ii),3.2,Concrete RCC,130.000,lin.m.,3000.00,15000.00,2,4,
2026-03-18,anirban,5.1.7 (iii),5.1,Bearings,24.000,cu.m.,8000.00,0,1,0,
2026-03-18,illayaraja,5.1.7 (iii),5.1,Bearings,80.000,cu.m.,7300.00,11000.00,2,2,
2026-03-18,kbarman,5.1.7 (iii),5.1,Bearings,0.010,cu.m.,0,0,0,0,Source qty=0 — resource deployment only (idle/no-output day)
2026-03-18,parvaiz,5.1.7 (iii),5.1,Bearings,0.010,lin.m.,0,0,0,0,Source qty=0 — resource deployment only (idle/no-output day)
2026-03-18,vijaykumar,5.1.7 (iii),5.1,Bearings,0.010,cu.m.,0,0,0,0,Source qty=0 — resource deployment only (idle/no-output day)
2026-03-18,illayaraja,5.1.7 (iii)a,5.1,Bearings,20.000,Sqm,1600.00,0,1,0,
2026-03-18,kbarman,5.1.7 (iii)a,5.1,Bearings,0.010,sq.m.,0,0,0,0,Source qty=0 — resource deployment only (idle/no-output day)
2026-03-18,kbarman,5.10.6 (i),5.10,Anchor Blocks,0.010,sq.m.,0,0,0,0,Source qty=0 — resource deployment only (idle/no-output day)
2026-03-18,parvaiz,5.10.6 (i),5.10,Anchor Blocks,0.010,cu.m.,0,0,0,0,Source qty=0 — resource deployment only (idle/no-output day)
2026-03-18,illayaraja,5.2.6 (ii),5.2,Expansion Joints,80.000,kg.,1800.00,0,1,0,
2026-03-18,kbarman,5.2.6 (ii),5.2,Expansion Joints,0.010,kg.,0,0,0,0,Source qty=0 — resource deployment only (idle/no-output day)
2026-03-18,anirban,5.2.6 (ii)a,5.2,Expansion Joints,2432.000,kg.,9900.00,0,1,0,
2026-03-18,illayaraja,9.1.6(ii),9.0,Approach Slab,0.010,cu.m.,0,0,0,0,Source qty=0 — resource deployment only (idle/no-output day)
2026-03-18,kbarman,9.1.6(ii),9.0,Approach Slab,0.010,sq.m.,0,0,0,0,Source qty=0 — resource deployment only (idle/no-output day)
2026-03-19,ismaila,1,1.0,Preliminaries,0.010,sq.m.,0,0,0,0,Source qty=0 — resource deployment only (idle/no-output day)
2026-03-19,kbarman,1,1.0,Preliminaries,0.010,sq.m.,0,0,0,0,Source qty=0 — resource deployment only (idle/no-output day)
2026-03-19,illayaraja,1.1,1.1,Site Establishment,0.010,lin.m.,0,0,0,0,Source qty=0 — resource deployment only (idle/no-output day)
2026-03-19,ismaila,1.1,1.1,Site Establishment,0.010,cu.m.,0,0,0,0,Source qty=0 — resource deployment only (idle/no-output day)
2026-03-19,parvaiz,1.1,1.1,Site Establishment,0.010,cu.m.,0,0,0,0,Source qty=0 — resource deployment only (idle/no-output day)
2026-03-19,saiffuddin,1.1,1.1,Site Establishment,26.000,m,1500.00,7300.00,1,3,
2026-03-19,vijaykumar,1.1,1.1,Site Establishment,0.010,cu.m.,0,0,0,0,Source qty=0 — resource deployment only (idle/no-output day)
2026-03-19,anirban,13.1.7(ix)b,13.0,Drainage,0.010,lin.m.,0,0,0,0,Source qty=0 — resource deployment only (idle/no-output day)
2026-03-19,kbarman,13.1.7(ix)b,13.0,Drainage,0.010,sq.m.,0,0,0,0,Source qty=0 — resource deployment only (idle/no-output day)
2026-03-19,anirban,13.1.7(ix)b1,13.0,Drainage,0.010,kg.,0,0,0,0,Source qty=0 — resource deployment only (idle/no-output day)
2026-03-19,kbarman,13.1.7(ix)b2,13.0,Drainage,0.010,kg.,0,0,0,0,Source qty=0 — resource deployment only (idle/no-output day)
2026-03-19,illayaraja,18.3,18.3,Bituminous Layers,0.010,cu.m.,0,0,0,0,Source qty=0 — resource deployment only (idle/no-output day)
2026-03-19,kbarman,18.3.6,18.3,Bituminous Layers,0.010,lin.m.,0,0,0,0,Source qty=0 — resource deployment only (idle/no-output day)
2026-03-19,kbarman,18.3.6(i),18.3,Bituminous Layers,0.010,lin.m.,0,0,0,0,Source qty=0 — resource deployment only (idle/no-output day)
2026-03-19,parvaiz,18.3.6(i),18.3,Bituminous Layers,0.010,lin.m.,0,0,0,0,Source qty=0 — resource deployment only (idle/no-output day)
2026-03-19,ismaila,2.3.6(i),2.3,Bored Cast In-Situ Piling,0.010,cu.m.,0,0,0,0,Source qty=0 — resource deployment only (idle/no-output day)
2026-03-19,kbarman,2.3.6(i),2.3,Bored Cast In-Situ Piling,0.010,cu.m.,0,0,0,0,Source qty=0 — resource deployment only (idle/no-output day)
2026-03-19,illayaraja,2.3.6(i)a,2.3,Bored Cast In-Situ Piling,200.000,cu.m.,6000.00,10500.00,4,3,
2026-03-19,ismaila,2.3.6(i)a,2.3,Bored Cast In-Situ Piling,175.000,cu.m.,1700.00,5000.00,2,1,
2026-03-19,kbarman,2.3.6(i)a,2.3,Bored Cast In-Situ Piling,0.010,Sqm,0,0,0,0,Source qty=0 — resource deployment only (idle/no-output day)
2026-03-19,parvaiz,2.3.6(i)a,2.3,Bored Cast In-Situ Piling,0.010,lin.m.,0,0,0,0,Source qty=0 — resource deployment only (idle/no-output day)
2026-03-19,vijaykumar,2.3.6(i)a,2.3,Bored Cast In-Situ Piling,0.010,cu.m.,0,0,0,0,Source qty=0 — resource deployment only (idle/no-output day)
2026-03-19,illayaraja,2.3.6(i)b,2.3,Bored Cast In-Situ Piling,0.010,cu.m.,0,0,0,0,Source qty=0 — resource deployment only (idle/no-output day)
2026-03-19,ismaila,2.3.6(i)b,2.3,Bored Cast In-Situ Piling,60.000,cu.m.,500.00,8000.00,1,2,
2026-03-19,kbarman,2.3.6(i)b,2.3,Bored Cast In-Situ Piling,0.010,cu.m.,0,0,0,0,Source qty=0 — resource deployment only (idle/no-output day)
2026-03-19,saiffuddin,2.3.6(i)b,2.3,Bored Cast In-Situ Piling,600.000,cu.m.,1000.00,30000.00,1,3,
2026-03-19,vijaykumar,2.3.6(i)b,2.3,Bored Cast In-Situ Piling,0.010,cu.m.,0,0,0,0,Source qty=0 — resource deployment only (idle/no-output day)
2026-03-19,illayaraja,2.3.6(i)d,2.3,Bored Cast In-Situ Piling,300.000,Sqm,500.00,5000.00,1,1,
2026-03-19,kbarman,2.3.6(i)d,2.3,Bored Cast In-Situ Piling,0.010,Sqm,0,0,0,0,Source qty=0 — resource deployment only (idle/no-output day)
2026-03-19,parvaiz,2.3.6(i)d,2.3,Bored Cast In-Situ Piling,0.010,cu.m.,0,0,0,0,Source qty=0 — resource deployment only (idle/no-output day)
2026-03-19,vijaykumar,2.3.6(i)d,2.3,Bored Cast In-Situ Piling,0.010,sq.m.,0,0,0,0,Source qty=0 — resource deployment only (idle/no-output day)
2026-03-19,illayaraja,2.4.6(i),2.4,Pile Cap,0.010,cu.m.,0,0,0,0,Source qty=0 — resource deployment only (idle/no-output day)
2026-03-19,ismaila,2.4.6(i),2.4,Pile Cap,0.010,cu.m.,0,0,0,0,Source qty=0 — resource deployment only (idle/no-output day)
2026-03-19,kbarman,2.4.6(i),2.4,Pile Cap,0.010,cu.m.,0,0,0,0,Source qty=0 — resource deployment only (idle/no-output day)
2026-03-19,parvaiz,2.4.6(i),2.4,Pile Cap,0.010,sq.m.,0,0,0,0,Source qty=0 — resource deployment only (idle/no-output day)
2026-03-19,saiffuddin,2.4.6(i),2.4,Pile Cap,500.000,cu.m.,2500.00,8000.00,2,2,
2026-03-19,illayaraja,2.4.6(i)a,2.4,Pile Cap,0.010,cu.m.,0,0,0,0,Source qty=0 — resource deployment only (idle/no-output day)
2026-03-19,sanjar,2.4.6(i)a,2.4,Pile Cap,0.010,cu.m.,0,0,0,0,Source qty=0 — resource deployment only (idle/no-output day)
2026-03-19,illayaraja,2.6.6(i),2.6,Pier,0.010,Sqm,0,0,0,0,Source qty=0 — resource deployment only (idle/no-output day)
2026-03-19,ismaila,2.6.6(i),2.6,Pier,350.000,cu.m.,500.00,5000.00,1,1,
2026-03-19,kbarman,2.6.6(i),2.6,Pier,0.010,cu.m.,0,0,0,0,Source qty=0 — resource deployment only (idle/no-output day)
2026-03-19,parvaiz,2.6.6(i),2.6,Pier,0.010,m,0,0,0,0,Source qty=0 — resource deployment only (idle/no-output day)
2026-03-19,ismaila,2.6.6(i)a,2.6,Pier,0.010,cu.m.,0,0,0,0,Source qty=0 — resource deployment only (idle/no-output day)
2026-03-19,vijaykumar,2.6.6(i)a,2.6,Pier,0.010,cu.m.,0,0,0,0,Source qty=0 — resource deployment only (idle/no-output day)
2026-03-19,kbarman,2.7.6 (i),2.7,Abutment,0.010,cu.m.,0,0,0,0,Source qty=0 — resource deployment only (idle/no-output day)
2026-03-19,illayaraja,3.2.6 (ii),3.2,Concrete RCC,0.010,cu.m.,0,0,0,0,Source qty=0 — resource deployment only (idle/no-output day)
2026-03-19,ismaila,3.2.6 (ii),3.2,Concrete RCC,0.010,cu.m.,0,0,0,0,Source qty=0 — resource deployment only (idle/no-output day)
2026-03-19,kbarman,3.2.6 (ii),3.2,Concrete RCC,0.010,cu.m.,0,0,0,0,Source qty=0 — resource deployment only (idle/no-output day)
2026-03-19,parvaiz,3.2.6 (ii),3.2,Concrete RCC,0.010,lin.m.,0,0,0,0,Source qty=0 — resource deployment only (idle/no-output day)
2026-03-19,anirban,5.1.7 (iii),5.1,Bearings,0.010,cu.m.,0,0,0,0,Source qty=0 — resource deployment only (idle/no-output day)
2026-03-19,illayaraja,5.1.7 (iii),5.1,Bearings,200.000,sq.m.,2500.00,3000.00,1,1,
2026-03-19,kbarman,5.1.7 (iii),5.1,Bearings,0.010,cu.m.,0,0,0,0,Source qty=0 — resource deployment only (idle/no-output day)
2026-03-19,parvaiz,5.1.7 (iii),5.1,Bearings,0.010,lin.m.,0,0,0,0,Source qty=0 — resource deployment only (idle/no-output day)
2026-03-19,vijaykumar,5.1.7 (iii),5.1,Bearings,0.010,cu.m.,0,0,0,0,Source qty=0 — resource deployment only (idle/no-output day)
2026-03-19,illayaraja,5.1.7 (iii)a,5.1,Bearings,0.010,Sqm,0,0,0,0,Source qty=0 — resource deployment only (idle/no-output day)
2026-03-19,kbarman,5.1.7 (iii)a,5.1,Bearings,0.010,sq.m.,0,0,0,0,Source qty=0 — resource deployment only (idle/no-output day)
2026-03-19,kbarman,5.10.6 (i),5.10,Anchor Blocks,0.010,sq.m.,0,0,0,0,Source qty=0 — resource deployment only (idle/no-output day)
2026-03-19,parvaiz,5.10.6 (i),5.10,Anchor Blocks,0.010,cu.m.,0,0,0,0,Source qty=0 — resource deployment only (idle/no-output day)
2026-03-19,kbarman,5.2.6 (ii),5.2,Expansion Joints,0.010,kg.,0,0,0,0,Source qty=0 — resource deployment only (idle/no-output day)
2026-03-19,anirban,5.2.6 (ii)a,5.2,Expansion Joints,0.010,kg.,0,0,0,0,Source qty=0 — resource deployment only (idle/no-output day)
2026-03-19,illayaraja,5.2.6 (ii)a,5.2,Expansion Joints,100.000,kg.,5400.00,0,1,0,
2026-03-19,illayaraja,9.1.6(ii),9.0,Approach Slab,60.000,cu.m.,0,3000.00,0,1,
2026-03-19,kbarman,9.1.6(ii),9.0,Approach Slab,0.010,sq.m.,0,0,0,0,Source qty=0 — resource deployment only (idle/no-output day)
2026-03-21,illayaraja,9.1.6(ii),9.0,Approach Slab,10.000,cu.m.,5000.00,0,2,0,
2026-03-22,ismaila,1,1.0,Preliminaries,350.000,sq.m.,0,5500.00,0,2,
2026-03-22,kbarman,1,1.0,Preliminaries,0.010,sq.m.,0,0,0,0,Source qty=0 — resource deployment only (idle/no-output day)
2026-03-22,illayaraja,1.1,1.1,Site Establishment,0.010,lin.m.,0,0,0,0,Source qty=0 — resource deployment only (idle/no-output day)
2026-03-22,ismaila,1.1,1.1,Site Establishment,0.010,cu.m.,0,0,0,0,Source qty=0 — resource deployment only (idle/no-output day)
2026-03-22,parvaiz,1.1,1.1,Site Establishment,0.010,cu.m.,0,0,0,0,Source qty=0 — resource deployment only (idle/no-output day)
2026-03-22,saiffuddin,1.1,1.1,Site Establishment,21.000,m,1000.00,5000.00,1,1,
2026-03-22,vijaykumar,1.1,1.1,Site Establishment,0.010,cu.m.,0,0,0,0,Source qty=0 — resource deployment only (idle/no-output day)
2026-03-22,anirban,13.1.7(ix)b,13.0,Drainage,0.010,lin.m.,0,0,0,0,Source qty=0 — resource deployment only (idle/no-output day)
2026-03-22,kbarman,13.1.7(ix)b,13.0,Drainage,0.010,sq.m.,0,0,0,0,Source qty=0 — resource deployment only (idle/no-output day)
2026-03-22,anirban,13.1.7(ix)b1,13.0,Drainage,0.010,kg.,0,0,0,0,Source qty=0 — resource deployment only (idle/no-output day)
2026-03-22,kbarman,13.1.7(ix)b2,13.0,Drainage,0.010,kg.,0,0,0,0,Source qty=0 — resource deployment only (idle/no-output day)
2026-03-22,illayaraja,18.3,18.3,Bituminous Layers,0.010,cu.m.,0,0,0,0,Source qty=0 — resource deployment only (idle/no-output day)
2026-03-22,kbarman,18.3.6,18.3,Bituminous Layers,0.010,lin.m.,0,0,0,0,Source qty=0 — resource deployment only (idle/no-output day)
2026-03-22,kbarman,18.3.6(i),18.3,Bituminous Layers,0.010,lin.m.,0,0,0,0,Source qty=0 — resource deployment only (idle/no-output day)
2026-03-22,parvaiz,18.3.6(i),18.3,Bituminous Layers,0.010,lin.m.,0,0,0,0,Source qty=0 — resource deployment only (idle/no-output day)
2026-03-22,ismaila,2.3.6(i),2.3,Bored Cast In-Situ Piling,0.010,cu.m.,0,0,0,0,Source qty=0 — resource deployment only (idle/no-output day)
2026-03-22,kbarman,2.3.6(i),2.3,Bored Cast In-Situ Piling,0.010,cu.m.,0,0,0,0,Source qty=0 — resource deployment only (idle/no-output day)
2026-03-22,illayaraja,2.3.6(i)a,2.3,Bored Cast In-Situ Piling,300.000,cu.m.,500.00,8000.00,1,2,
2026-03-22,ismaila,2.3.6(i)a,2.3,Bored Cast In-Situ Piling,288.000,cu.m.,500.00,10000.00,1,1,
2026-03-22,kbarman,2.3.6(i)a,2.3,Bored Cast In-Situ Piling,0.010,Sqm,0,0,0,0,Source qty=0 — resource deployment only (idle/no-output day)
2026-03-22,parvaiz,2.3.6(i)a,2.3,Bored Cast In-Situ Piling,0.010,lin.m.,0,0,0,0,Source qty=0 — resource deployment only (idle/no-output day)
2026-03-22,vijaykumar,2.3.6(i)a,2.3,Bored Cast In-Situ Piling,0.010,cu.m.,0,0,0,0,Source qty=0 — resource deployment only (idle/no-output day)
2026-03-22,illayaraja,2.3.6(i)b,2.3,Bored Cast In-Situ Piling,0.010,cu.m.,0,0,0,0,Source qty=0 — resource deployment only (idle/no-output day)
2026-03-22,ismaila,2.3.6(i)b,2.3,Bored Cast In-Situ Piling,1800.000,cu.m.,2200.00,30000.00,2,3,
2026-03-22,kbarman,2.3.6(i)b,2.3,Bored Cast In-Situ Piling,0.010,cu.m.,0,0,0,0,Source qty=0 — resource deployment only (idle/no-output day)
2026-03-22,saiffuddin,2.3.6(i)b,2.3,Bored Cast In-Situ Piling,510.000,cu.m.,500.00,18000.00,1,2,
2026-03-22,vijaykumar,2.3.6(i)b,2.3,Bored Cast In-Situ Piling,0.010,cu.m.,0,0,0,0,Source qty=0 — resource deployment only (idle/no-output day)
2026-03-22,illayaraja,2.3.6(i)d,2.3,Bored Cast In-Situ Piling,200.000,Sqm,2500.00,11000.00,1,2,
2026-03-22,kbarman,2.3.6(i)d,2.3,Bored Cast In-Situ Piling,0.010,Sqm,0,0,0,0,Source qty=0 — resource deployment only (idle/no-output day)
2026-03-22,vijaykumar,2.3.6(i)d,2.3,Bored Cast In-Situ Piling,0.010,sq.m.,0,0,0,0,Source qty=0 — resource deployment only (idle/no-output day)
2026-03-22,illayaraja,2.4.6(i),2.4,Pile Cap,0.010,cu.m.,0,0,0,0,Source qty=0 — resource deployment only (idle/no-output day)
2026-03-22,ismaila,2.4.6(i),2.4,Pile Cap,0.010,cu.m.,0,0,0,0,Source qty=0 — resource deployment only (idle/no-output day)
2026-03-22,kbarman,2.4.6(i),2.4,Pile Cap,0.010,cu.m.,0,0,0,0,Source qty=0 — resource deployment only (idle/no-output day)
2026-03-22,parvaiz,2.4.6(i),2.4,Pile Cap,2256.000,sq.m.,2500.00,15500.00,2,4,
2026-03-22,illayaraja,2.4.6(i)a,2.4,Pile Cap,0.010,cu.m.,0,0,0,0,Source qty=0 — resource deployment only (idle/no-output day)
2026-03-22,sanjar,2.4.6(i)a,2.4,Pile Cap,0.010,cu.m.,0,0,0,0,Source qty=0 — resource deployment only (idle/no-output day)
2026-03-22,illayaraja,2.6.6(i),2.6,Pier,0.010,Sqm,0,0,0,0,Source qty=0 — resource deployment only (idle/no-output day)
2026-03-22,kbarman,2.6.6(i),2.6,Pier,0.010,cu.m.,0,0,0,0,Source qty=0 — resource deployment only (idle/no-output day)
2026-03-22,parvaiz,2.6.6(i),2.6,Pier,0.010,m,0,0,0,0,Source qty=0 — resource deployment only (idle/no-output day)
2026-03-22,saiffuddin,2.6.6(i),2.6,Pier,900.000,cu.m.,2500.00,25000.00,2,3,
2026-03-22,ismaila,2.6.6(i)a,2.6,Pier,450.000,cu.m.,500.00,8000.00,1,2,
2026-03-22,vijaykumar,2.6.6(i)a,2.6,Pier,0.010,cu.m.,0,0,0,0,Source qty=0 — resource deployment only (idle/no-output day)
2026-03-22,kbarman,2.7.6 (i),2.7,Abutment,0.010,cu.m.,0,0,0,0,Source qty=0 — resource deployment only (idle/no-output day)
2026-03-22,parvaiz,2.7.6 (i),2.7,Abutment,3362.000,cu.m.,1500.00,5500.00,1,2,
2026-03-22,illayaraja,3.2.6 (ii),3.2,Concrete RCC,0.010,cu.m.,0,0,0,0,Source qty=0 — resource deployment only (idle/no-output day)
2026-03-22,ismaila,3.2.6 (ii),3.2,Concrete RCC,0.010,cu.m.,0,0,0,0,Source qty=0 — resource deployment only (idle/no-output day)
2026-03-22,kbarman,3.2.6 (ii),3.2,Concrete RCC,0.010,cu.m.,0,0,0,0,Source qty=0 — resource deployment only (idle/no-output day)
2026-03-22,parvaiz,3.2.6 (ii),3.2,Concrete RCC,0.010,lin.m.,0,0,0,0,Source qty=0 — resource deployment only (idle/no-output day)
2026-03-22,anirban,5.1.7 (iii),5.1,Bearings,0.010,cu.m.,0,0,0,0,Source qty=0 — resource deployment only (idle/no-output day)
2026-03-22,illayaraja,5.1.7 (iii),5.1,Bearings,5.000,cu.m.,2900.00,0,2,0,
2026-03-22,kbarman,5.1.7 (iii),5.1,Bearings,0.010,cu.m.,0,0,0,0,Source qty=0 — resource deployment only (idle/no-output day)
2026-03-22,parvaiz,5.1.7 (iii),5.1,Bearings,0.010,lin.m.,0,0,0,0,Source qty=0 — resource deployment only (idle/no-output day)
2026-03-22,vijaykumar,5.1.7 (iii),5.1,Bearings,0.010,cu.m.,0,0,0,0,Source qty=0 — resource deployment only (idle/no-output day)
2026-03-22,illayaraja,5.1.7 (iii)a,5.1,Bearings,0.010,Sqm,0,0,0,0,Source qty=0 — resource deployment only (idle/no-output day)
2026-03-22,kbarman,5.1.7 (iii)a,5.1,Bearings,0.010,sq.m.,0,0,0,0,Source qty=0 — resource deployment only (idle/no-output day)
2026-03-22,kbarman,5.10.6 (i),5.10,Anchor Blocks,0.010,sq.m.,0,0,0,0,Source qty=0 — resource deployment only (idle/no-output day)
2026-03-22,parvaiz,5.10.6 (i),5.10,Anchor Blocks,0.010,cu.m.,0,0,0,0,Source qty=0 — resource deployment only (idle/no-output day)
2026-03-22,kbarman,5.2.6 (ii),5.2,Expansion Joints,0.010,kg.,0,0,0,0,Source qty=0 — resource deployment only (idle/no-output day)
2026-03-22,anirban,5.2.6 (ii)a,5.2,Expansion Joints,0.010,kg.,0,0,0,0,Source qty=0 — resource deployment only (idle/no-output day)
2026-03-22,illayaraja,5.2.6 (ii)a,5.2,Expansion Joints,50.000,kg.,1800.00,0,1,0,
2026-03-22,illayaraja,9.1.6(ii),9.0,Approach Slab,0.010,cu.m.,0,0,0,0,Source qty=0 — resource deployment only (idle/no-output day)
2026-03-22,kbarman,9.1.6(ii),9.0,Approach Slab,0.010,sq.m.,0,0,0,0,Source qty=0 — resource deployment only (idle/no-output day)
2026-03-23,ismaila,1,1.0,Preliminaries,0.010,sq.m.,0,0,0,0,Source qty=0 — resource deployment only (idle/no-output day)
2026-03-23,kbarman,1,1.0,Preliminaries,0.010,sq.m.,0,0,0,0,Source qty=0 — resource deployment only (idle/no-output day)
2026-03-23,illayaraja,1.1,1.1,Site Establishment,0.010,lin.m.,0,0,0,0,Source qty=0 — resource deployment only (idle/no-output day)
2026-03-23,ismaila,1.1,1.1,Site Establishment,0.010,cu.m.,0,0,0,0,Source qty=0 — resource deployment only (idle/no-output day)
2026-03-23,parvaiz,1.1,1.1,Site Establishment,0.010,cu.m.,0,0,0,0,Source qty=0 — resource deployment only (idle/no-output day)
2026-03-23,saiffuddin,1.1,1.1,Site Establishment,3.000,m,1500.00,5000.00,1,1,
2026-03-23,vijaykumar,1.1,1.1,Site Establishment,0.010,cu.m.,0,0,0,0,Source qty=0 — resource deployment only (idle/no-output day)
2026-03-23,anirban,13.1.7(ix)b,13.0,Drainage,0.010,lin.m.,0,0,0,0,Source qty=0 — resource deployment only (idle/no-output day)
2026-03-23,kbarman,13.1.7(ix)b,13.0,Drainage,0.010,sq.m.,0,0,0,0,Source qty=0 — resource deployment only (idle/no-output day)
2026-03-23,anirban,13.1.7(ix)b1,13.0,Drainage,0.010,kg.,0,0,0,0,Source qty=0 — resource deployment only (idle/no-output day)
2026-03-23,kbarman,13.1.7(ix)b2,13.0,Drainage,0.010,kg.,0,0,0,0,Source qty=0 — resource deployment only (idle/no-output day)
2026-03-23,illayaraja,18.3,18.3,Bituminous Layers,0.010,cu.m.,0,0,0,0,Source qty=0 — resource deployment only (idle/no-output day)
2026-03-23,kbarman,18.3.6,18.3,Bituminous Layers,0.010,lin.m.,0,0,0,0,Source qty=0 — resource deployment only (idle/no-output day)
2026-03-23,kbarman,18.3.6(i),18.3,Bituminous Layers,0.010,lin.m.,0,0,0,0,Source qty=0 — resource deployment only (idle/no-output day)
2026-03-23,parvaiz,18.3.6(i),18.3,Bituminous Layers,0.010,lin.m.,0,0,0,0,Source qty=0 — resource deployment only (idle/no-output day)
2026-03-23,ismaila,2.3.6(i),2.3,Bored Cast In-Situ Piling,0.010,cu.m.,0,0,0,0,Source qty=0 — resource deployment only (idle/no-output day)
2026-03-23,kbarman,2.3.6(i),2.3,Bored Cast In-Situ Piling,0.010,cu.m.,0,0,0,0,Source qty=0 — resource deployment only (idle/no-output day)
2026-03-23,illayaraja,2.3.6(i)a,2.3,Bored Cast In-Situ Piling,60.000,cu.m.,2500.00,5000.00,1,1,
2026-03-23,ismaila,2.3.6(i)a,2.3,Bored Cast In-Situ Piling,0.010,cu.m.,0,0,0,0,Source qty=0 — resource deployment only (idle/no-output day)
2026-03-23,kbarman,2.3.6(i)a,2.3,Bored Cast In-Situ Piling,0.010,Sqm,0,0,0,0,Source qty=0 — resource deployment only (idle/no-output day)
2026-03-23,parvaiz,2.3.6(i)a,2.3,Bored Cast In-Situ Piling,0.010,lin.m.,0,0,0,0,Source qty=0 — resource deployment only (idle/no-output day)
2026-03-23,vijaykumar,2.3.6(i)a,2.3,Bored Cast In-Situ Piling,0.010,cu.m.,0,0,0,0,Source qty=0 — resource deployment only (idle/no-output day)
2026-03-23,illayaraja,2.3.6(i)b,2.3,Bored Cast In-Situ Piling,0.010,cu.m.,0,0,0,0,Source qty=0 — resource deployment only (idle/no-output day)
2026-03-23,ismaila,2.3.6(i)b,2.3,Bored Cast In-Situ Piling,0.010,cu.m.,0,0,0,0,Source qty=0 — resource deployment only (idle/no-output day)
2026-03-23,kbarman,2.3.6(i)b,2.3,Bored Cast In-Situ Piling,0.010,cu.m.,0,0,0,0,Source qty=0 — resource deployment only (idle/no-output day)
2026-03-23,saiffuddin,2.3.6(i)b,2.3,Bored Cast In-Situ Piling,520.000,cu.m.,1000.00,18000.00,1,2,
2026-03-23,vijaykumar,2.3.6(i)b,2.3,Bored Cast In-Situ Piling,0.010,cu.m.,0,0,0,0,Source qty=0 — resource deployment only (idle/no-output day)
2026-03-23,illayaraja,2.3.6(i)d,2.3,Bored Cast In-Situ Piling,200.000,Sqm,500.00,5000.00,1,1,
2026-03-23,kbarman,2.3.6(i)d,2.3,Bored Cast In-Situ Piling,0.010,Sqm,0,0,0,0,Source qty=0 — resource deployment only (idle/no-output day)
2026-03-23,vijaykumar,2.3.6(i)d,2.3,Bored Cast In-Situ Piling,0.010,sq.m.,0,0,0,0,Source qty=0 — resource deployment only (idle/no-output day)
2026-03-23,illayaraja,2.4.6(i),2.4,Pile Cap,0.010,cu.m.,0,0,0,0,Source qty=0 — resource deployment only (idle/no-output day)
2026-03-23,ismaila,2.4.6(i),2.4,Pile Cap,0.010,cu.m.,0,0,0,0,Source qty=0 — resource deployment only (idle/no-output day)
2026-03-23,kbarman,2.4.6(i),2.4,Pile Cap,0.010,cu.m.,0,0,0,0,Source qty=0 — resource deployment only (idle/no-output day)
2026-03-23,parvaiz,2.4.6(i),2.4,Pile Cap,0.010,sq.m.,0,0,0,0,Source qty=0 — resource deployment only (idle/no-output day)
2026-03-23,illayaraja,2.4.6(i)a,2.4,Pile Cap,0.010,cu.m.,0,0,0,0,Source qty=0 — resource deployment only (idle/no-output day)
2026-03-23,sanjar,2.4.6(i)a,2.4,Pile Cap,0.010,cu.m.,0,0,0,0,Source qty=0 — resource deployment only (idle/no-output day)
2026-03-23,illayaraja,2.6.6(i),2.6,Pier,150.000,Sqm,0,3000.00,0,1,
2026-03-23,kbarman,2.6.6(i),2.6,Pier,0.010,cu.m.,0,0,0,0,Source qty=0 — resource deployment only (idle/no-output day)
2026-03-23,parvaiz,2.6.6(i),2.6,Pier,0.010,m,0,0,0,0,Source qty=0 — resource deployment only (idle/no-output day)
2026-03-23,saiffuddin,2.6.6(i),2.6,Pier,600.000,cu.m.,2500.00,30000.00,2,3,
2026-03-23,ismaila,2.6.6(i)a,2.6,Pier,0.010,cu.m.,0,0,0,0,Source qty=0 — resource deployment only (idle/no-output day)
2026-03-23,vijaykumar,2.6.6(i)a,2.6,Pier,0.010,cu.m.,0,0,0,0,Source qty=0 — resource deployment only (idle/no-output day)
2026-03-23,kbarman,2.7.6 (i),2.7,Abutment,0.010,cu.m.,0,0,0,0,Source qty=0 — resource deployment only (idle/no-output day)
2026-03-23,parvaiz,2.7.6 (i),2.7,Abutment,0.010,cu.m.,0,0,0,0,Source qty=0 — resource deployment only (idle/no-output day)
2026-03-23,illayaraja,3.2.6 (ii),3.2,Concrete RCC,0.010,cu.m.,0,0,0,0,Source qty=0 — resource deployment only (idle/no-output day)
2026-03-23,ismaila,3.2.6 (ii),3.2,Concrete RCC,0.010,cu.m.,0,0,0,0,Source qty=0 — resource deployment only (idle/no-output day)
2026-03-23,kbarman,3.2.6 (ii),3.2,Concrete RCC,0.010,cu.m.,0,0,0,0,Source qty=0 — resource deployment only (idle/no-output day)
2026-03-23,parvaiz,3.2.6 (ii),3.2,Concrete RCC,0.010,lin.m.,0,0,0,0,Source qty=0 — resource deployment only (idle/no-output day)
2026-03-23,anirban,5.1.7 (iii),5.1,Bearings,0.010,cu.m.,0,0,0,0,Source qty=0 — resource deployment only (idle/no-output day)
2026-03-23,illayaraja,5.1.7 (iii),5.1,Bearings,4.500,cu.m.,3200.00,0,1,0,
2026-03-23,kbarman,5.1.7 (iii),5.1,Bearings,0.010,cu.m.,0,0,0,0,Source qty=0 — resource deployment only (idle/no-output day)
2026-03-23,parvaiz,5.1.7 (iii),5.1,Bearings,0.010,lin.m.,0,0,0,0,Source qty=0 — resource deployment only (idle/no-output day)
2026-03-23,vijaykumar,5.1.7 (iii),5.1,Bearings,0.010,cu.m.,0,0,0,0,Source qty=0 — resource deployment only (idle/no-output day)
2026-03-23,illayaraja,5.1.7 (iii)a,5.1,Bearings,10.000,Sqm,2300.00,0,2,0,
2026-03-23,kbarman,5.1.7 (iii)a,5.1,Bearings,0.010,sq.m.,0,0,0,0,Source qty=0 — resource deployment only (idle/no-output day)
2026-03-23,kbarman,5.10.6 (i),5.10,Anchor Blocks,0.010,sq.m.,0,0,0,0,Source qty=0 — resource deployment only (idle/no-output day)
2026-03-23,parvaiz,5.10.6 (i),5.10,Anchor Blocks,0.010,cu.m.,0,0,0,0,Source qty=0 — resource deployment only (idle/no-output day)
2026-03-23,kbarman,5.2.6 (ii),5.2,Expansion Joints,0.010,kg.,0,0,0,0,Source qty=0 — resource deployment only (idle/no-output day)
2026-03-23,anirban,5.2.6 (ii)a,5.2,Expansion Joints,0.010,kg.,0,0,0,0,Source qty=0 — resource deployment only (idle/no-output day)
2026-03-23,illayaraja,5.2.6 (ii)a,5.2,Expansion Joints,50.000,kg.,1800.00,0,1,0,
2026-03-23,illayaraja,9.1.6(ii),9.0,Approach Slab,50.000,cu.m.,0,3000.00,0,1,
2026-03-23,kbarman,9.1.6(ii),9.0,Approach Slab,0.010,sq.m.,0,0,0,0,Source qty=0 — resource deployment only (idle/no-output day)
2026-03-24,ismaila,1,1.0,Preliminaries,0.010,sq.m.,0,0,0,0,Source qty=0 — resource deployment only (idle/no-output day)
2026-03-24,kbarman,1,1.0,Preliminaries,0.010,sq.m.,0,0,0,0,Source qty=0 — resource deployment only (idle/no-output day)
2026-03-24,illayaraja,1.1,1.1,Site Establishment,0.010,lin.m.,0,0,0,0,Source qty=0 — resource deployment only (idle/no-output day)
2026-03-24,ismaila,1.1,1.1,Site Establishment,0.010,cu.m.,0,0,0,0,Source qty=0 — resource deployment only (idle/no-output day)
2026-03-24,parvaiz,1.1,1.1,Site Establishment,0.010,cu.m.,0,0,0,0,Source qty=0 — resource deployment only (idle/no-output day)
2026-03-24,saiffuddin,1.1,1.1,Site Establishment,700.000,m,500.00,23000.00,1,2,
2026-03-24,vijaykumar,1.1,1.1,Site Establishment,0.010,cu.m.,0,0,0,0,Source qty=0 — resource deployment only (idle/no-output day)
2026-03-24,anirban,13.1.7(ix)b,13.0,Drainage,0.010,lin.m.,0,0,0,0,Source qty=0 — resource deployment only (idle/no-output day)
2026-03-24,kbarman,13.1.7(ix)b,13.0,Drainage,0.010,sq.m.,0,0,0,0,Source qty=0 — resource deployment only (idle/no-output day)
2026-03-24,anirban,13.1.7(ix)b1,13.0,Drainage,0.010,kg.,0,0,0,0,Source qty=0 — resource deployment only (idle/no-output day)
2026-03-24,kbarman,13.1.7(ix)b2,13.0,Drainage,0.010,kg.,0,0,0,0,Source qty=0 — resource deployment only (idle/no-output day)
2026-03-24,illayaraja,18.3,18.3,Bituminous Layers,0.010,cu.m.,0,0,0,0,Source qty=0 — resource deployment only (idle/no-output day)
2026-03-24,kbarman,18.3.6,18.3,Bituminous Layers,0.010,lin.m.,0,0,0,0,Source qty=0 — resource deployment only (idle/no-output day)
2026-03-24,kbarman,18.3.6(i),18.3,Bituminous Layers,0.010,lin.m.,0,0,0,0,Source qty=0 — resource deployment only (idle/no-output day)
2026-03-24,parvaiz,18.3.6(i),18.3,Bituminous Layers,0.010,lin.m.,0,0,0,0,Source qty=0 — resource deployment only (idle/no-output day)
2026-03-24,ismaila,2.3.6(i),2.3,Bored Cast In-Situ Piling,0.010,cu.m.,0,0,0,0,Source qty=0 — resource deployment only (idle/no-output day)
2026-03-24,kbarman,2.3.6(i),2.3,Bored Cast In-Situ Piling,0.010,cu.m.,0,0,0,0,Source qty=0 — resource deployment only (idle/no-output day)
2026-03-24,illayaraja,2.3.6(i)a,2.3,Bored Cast In-Situ Piling,0.010,cu.m.,3000.00,6000.00,1,1,Source qty=0 — resource deployment only (idle/no-output day)
2026-03-24,ismaila,2.3.6(i)a,2.3,Bored Cast In-Situ Piling,0.010,cu.m.,0,0,0,0,Source qty=0 — resource deployment only (idle/no-output day)
2026-03-24,kbarman,2.3.6(i)a,2.3,Bored Cast In-Situ Piling,0.010,Sqm,0,0,0,0,Source qty=0 — resource deployment only (idle/no-output day)
2026-03-24,parvaiz,2.3.6(i)a,2.3,Bored Cast In-Situ Piling,0.010,lin.m.,0,0,0,0,Source qty=0 — resource deployment only (idle/no-output day)
2026-03-24,vijaykumar,2.3.6(i)a,2.3,Bored Cast In-Situ Piling,0.010,cu.m.,0,0,0,0,Source qty=0 — resource deployment only (idle/no-output day)
2026-03-24,illayaraja,2.3.6(i)b,2.3,Bored Cast In-Situ Piling,0.010,cu.m.,0,0,0,0,Source qty=0 — resource deployment only (idle/no-output day)
2026-03-24,ismaila,2.3.6(i)b,2.3,Bored Cast In-Situ Piling,0.010,cu.m.,0,0,0,0,Source qty=0 — resource deployment only (idle/no-output day)
2026-03-24,kbarman,2.3.6(i)b,2.3,Bored Cast In-Situ Piling,0.010,cu.m.,0,0,0,0,Source qty=0 — resource deployment only (idle/no-output day)
2026-03-24,vijaykumar,2.3.6(i)b,2.3,Bored Cast In-Situ Piling,0.010,cu.m.,0,0,0,0,Source qty=0 — resource deployment only (idle/no-output day)
2026-03-24,illayaraja,2.3.6(i)d,2.3,Bored Cast In-Situ Piling,0.010,Sqm,0,0,0,0,Source qty=0 — resource deployment only (idle/no-output day)
2026-03-24,kbarman,2.3.6(i)d,2.3,Bored Cast In-Situ Piling,0.010,Sqm,0,0,0,0,Source qty=0 — resource deployment only (idle/no-output day)
2026-03-24,vijaykumar,2.3.6(i)d,2.3,Bored Cast In-Situ Piling,0.010,sq.m.,0,0,0,0,Source qty=0 — resource deployment only (idle/no-output day)
2026-03-24,illayaraja,2.4.6(i),2.4,Pile Cap,0.010,cu.m.,0,0,0,0,Source qty=0 — resource deployment only (idle/no-output day)
2026-03-24,ismaila,2.4.6(i),2.4,Pile Cap,0.010,cu.m.,0,0,0,0,Source qty=0 — resource deployment only (idle/no-output day)
2026-03-24,kbarman,2.4.6(i),2.4,Pile Cap,0.010,cu.m.,0,0,0,0,Source qty=0 — resource deployment only (idle/no-output day)
2026-03-24,parvaiz,2.4.6(i),2.4,Pile Cap,0.010,sq.m.,0,0,0,0,Source qty=0 — resource deployment only (idle/no-output day)
2026-03-24,illayaraja,2.4.6(i)a,2.4,Pile Cap,0.010,cu.m.,0,0,0,0,Source qty=0 — resource deployment only (idle/no-output day)
2026-03-24,sanjar,2.4.6(i)a,2.4,Pile Cap,0.010,cu.m.,0,0,0,0,Source qty=0 — resource deployment only (idle/no-output day)
2026-03-24,illayaraja,2.6.6(i),2.6,Pier,80.000,Sqm,2000.00,6000.00,1,1,
2026-03-24,kbarman,2.6.6(i),2.6,Pier,0.010,cu.m.,0,0,0,0,Source qty=0 — resource deployment only (idle/no-output day)
2026-03-24,parvaiz,2.6.6(i),2.6,Pier,0.010,m,0,0,0,0,Source qty=0 — resource deployment only (idle/no-output day)
2026-03-24,saiffuddin,2.6.6(i),2.6,Pier,0.010,cu.m.,0,0,0,0,Source qty=0 — resource deployment only (idle/no-output day)
2026-03-24,ismaila,2.6.6(i)a,2.6,Pier,0.010,cu.m.,0,0,0,0,Source qty=0 — resource deployment only (idle/no-output day)
2026-03-24,vijaykumar,2.6.6(i)a,2.6,Pier,0.010,cu.m.,0,0,0,0,Source qty=0 — resource deployment only (idle/no-output day)
2026-03-24,kbarman,2.7.6 (i),2.7,Abutment,0.010,cu.m.,0,0,0,0,Source qty=0 — resource deployment only (idle/no-output day)
2026-03-24,parvaiz,2.7.6 (i),2.7,Abutment,0.010,cu.m.,0,0,0,0,Source qty=0 — resource deployment only (idle/no-output day)
2026-03-24,saiffuddin,2.7.6 (i),2.7,Abutment,900.000,cu.m.,2000.00,35000.00,2,3,
2026-03-24,illayaraja,3.2.6 (ii),3.2,Concrete RCC,0.010,cu.m.,0,0,0,0,Source qty=0 — resource deployment only (idle/no-output day)
2026-03-24,ismaila,3.2.6 (ii),3.2,Concrete RCC,0.010,cu.m.,0,0,0,0,Source qty=0 — resource deployment only (idle/no-output day)
2026-03-24,kbarman,3.2.6 (ii),3.2,Concrete RCC,0.010,cu.m.,0,0,0,0,Source qty=0 — resource deployment only (idle/no-output day)
2026-03-24,parvaiz,3.2.6 (ii),3.2,Concrete RCC,0.010,lin.m.,0,0,0,0,Source qty=0 — resource deployment only (idle/no-output day)
2026-03-24,anirban,5.1.7 (iii),5.1,Bearings,0.010,cu.m.,0,0,0,0,Source qty=0 — resource deployment only (idle/no-output day)
2026-03-24,illayaraja,5.1.7 (iii),5.1,Bearings,8.000,cu.m.,7400.00,0,2,0,
2026-03-24,kbarman,5.1.7 (iii),5.1,Bearings,0.010,cu.m.,0,0,0,0,Source qty=0 — resource deployment only (idle/no-output day)
2026-03-24,parvaiz,5.1.7 (iii),5.1,Bearings,0.010,lin.m.,0,0,0,0,Source qty=0 — resource deployment only (idle/no-output day)
2026-03-24,vijaykumar,5.1.7 (iii),5.1,Bearings,0.010,cu.m.,0,0,0,0,Source qty=0 — resource deployment only (idle/no-output day)
2026-03-24,illayaraja,5.1.7 (iii)a,5.1,Bearings,18.000,Sqm,1800.00,0,1,0,
2026-03-24,kbarman,5.1.7 (iii)a,5.1,Bearings,0.010,sq.m.,0,0,0,0,Source qty=0 — resource deployment only (idle/no-output day)
2026-03-24,kbarman,5.10.6 (i),5.10,Anchor Blocks,0.010,sq.m.,0,0,0,0,Source qty=0 — resource deployment only (idle/no-output day)
2026-03-24,parvaiz,5.10.6 (i),5.10,Anchor Blocks,0.010,cu.m.,0,0,0,0,Source qty=0 — resource deployment only (idle/no-output day)
2026-03-24,kbarman,5.2.6 (ii),5.2,Expansion Joints,0.010,kg.,0,0,0,0,Source qty=0 — resource deployment only (idle/no-output day)
2026-03-24,anirban,5.2.6 (ii)a,5.2,Expansion Joints,0.010,kg.,0,0,0,0,Source qty=0 — resource deployment only (idle/no-output day)
2026-03-24,illayaraja,5.2.6 (ii)a,5.2,Expansion Joints,80.000,kg.,5500.00,0,2,0,
2026-03-24,illayaraja,9.1.6(ii),9.0,Approach Slab,0.010,cu.m.,0,0,0,0,Source qty=0 — resource deployment only (idle/no-output day)
2026-03-24,kbarman,9.1.6(ii),9.0,Approach Slab,0.010,sq.m.,0,0,0,0,Source qty=0 — resource deployment only (idle/no-output day)
2026-03-25,ismaila,1,1.0,Preliminaries,0.010,sq.m.,0,0,0,0,Source qty=0 — resource deployment only (idle/no-output day)
2026-03-25,kbarman,1,1.0,Preliminaries,0.010,sq.m.,0,0,0,0,Source qty=0 — resource deployment only (idle/no-output day)
2026-03-25,illayaraja,1.1,1.1,Site Establishment,6.000,Km,4000.00,9000.00,1,1,
2026-03-25,ismaila,1.1,1.1,Site Establishment,0.010,cu.m.,0,0,0,0,Source qty=0 — resource deployment only (idle/no-output day)
2026-03-25,parvaiz,1.1,1.1,Site Establishment,0.010,cu.m.,0,0,0,0,Source qty=0 — resource deployment only (idle/no-output day)
2026-03-25,saiffuddin,1.1,1.1,Site Establishment,700.000,m,1000.00,11000.00,1,2,
2026-03-25,vijaykumar,1.1,1.1,Site Establishment,0.010,cu.m.,0,0,0,0,Source qty=0 — resource deployment only (idle/no-output day)
2026-03-25,anirban,13.1.7(ix)b,13.0,Drainage,0.010,lin.m.,0,0,0,0,Source qty=0 — resource deployment only (idle/no-output day)
2026-03-25,kbarman,13.1.7(ix)b,13.0,Drainage,0.010,sq.m.,0,0,0,0,Source qty=0 — resource deployment only (idle/no-output day)
2026-03-25,anirban,13.1.7(ix)b1,13.0,Drainage,0.010,kg.,0,0,0,0,Source qty=0 — resource deployment only (idle/no-output day)
2026-03-25,kbarman,13.1.7(ix)b2,13.0,Drainage,0.010,kg.,0,0,0,0,Source qty=0 — resource deployment only (idle/no-output day)
2026-03-25,illayaraja,18.3,18.3,Bituminous Layers,0.010,cu.m.,0,0,0,0,Source qty=0 — resource deployment only (idle/no-output day)
2026-03-25,kbarman,18.3.6,18.3,Bituminous Layers,0.010,lin.m.,0,0,0,0,Source qty=0 — resource deployment only (idle/no-output day)
2026-03-25,kbarman,18.3.6(i),18.3,Bituminous Layers,0.010,lin.m.,0,0,0,0,Source qty=0 — resource deployment only (idle/no-output day)
2026-03-25,parvaiz,18.3.6(i),18.3,Bituminous Layers,0.010,lin.m.,0,0,0,0,Source qty=0 — resource deployment only (idle/no-output day)
2026-03-25,ismaila,2.3.6(i),2.3,Bored Cast In-Situ Piling,0.010,cu.m.,0,0,0,0,Source qty=0 — resource deployment only (idle/no-output day)
2026-03-25,kbarman,2.3.6(i),2.3,Bored Cast In-Situ Piling,0.010,cu.m.,0,0,0,0,Source qty=0 — resource deployment only (idle/no-output day)
2026-03-25,illayaraja,2.3.6(i)a,2.3,Bored Cast In-Situ Piling,0.010,cu.m.,0,0,0,0,Source qty=0 — resource deployment only (idle/no-output day)
2026-03-25,ismaila,2.3.6(i)a,2.3,Bored Cast In-Situ Piling,0.010,cu.m.,0,0,0,0,Source qty=0 — resource deployment only (idle/no-output day)
2026-03-25,kbarman,2.3.6(i)a,2.3,Bored Cast In-Situ Piling,0.010,Sqm,0,0,0,0,Source qty=0 — resource deployment only (idle/no-output day)
2026-03-25,parvaiz,2.3.6(i)a,2.3,Bored Cast In-Situ Piling,0.010,lin.m.,0,0,0,0,Source qty=0 — resource deployment only (idle/no-output day)
2026-03-25,vijaykumar,2.3.6(i)a,2.3,Bored Cast In-Situ Piling,0.010,cu.m.,0,0,0,0,Source qty=0 — resource deployment only (idle/no-output day)
2026-03-25,illayaraja,2.3.6(i)b,2.3,Bored Cast In-Situ Piling,0.010,cu.m.,0,0,0,0,Source qty=0 — resource deployment only (idle/no-output day)
2026-03-25,ismaila,2.3.6(i)b,2.3,Bored Cast In-Situ Piling,0.010,cu.m.,0,0,0,0,Source qty=0 — resource deployment only (idle/no-output day)
2026-03-25,kbarman,2.3.6(i)b,2.3,Bored Cast In-Situ Piling,0.010,cu.m.,0,0,0,0,Source qty=0 — resource deployment only (idle/no-output day)
2026-03-25,vijaykumar,2.3.6(i)b,2.3,Bored Cast In-Situ Piling,0.010,cu.m.,0,0,0,0,Source qty=0 — resource deployment only (idle/no-output day)
2026-03-25,illayaraja,2.3.6(i)d,2.3,Bored Cast In-Situ Piling,0.010,Sqm,0,0,0,0,Source qty=0 — resource deployment only (idle/no-output day)
2026-03-25,kbarman,2.3.6(i)d,2.3,Bored Cast In-Situ Piling,0.010,Sqm,0,0,0,0,Source qty=0 — resource deployment only (idle/no-output day)
2026-03-25,vijaykumar,2.3.6(i)d,2.3,Bored Cast In-Situ Piling,0.010,sq.m.,0,0,0,0,Source qty=0 — resource deployment only (idle/no-output day)
2026-03-25,illayaraja,2.4.6(i),2.4,Pile Cap,0.010,cu.m.,0,0,0,0,Source qty=0 — resource deployment only (idle/no-output day)
2026-03-25,ismaila,2.4.6(i),2.4,Pile Cap,0.010,cu.m.,0,0,0,0,Source qty=0 — resource deployment only (idle/no-output day)
2026-03-25,kbarman,2.4.6(i),2.4,Pile Cap,0.010,cu.m.,0,0,0,0,Source qty=0 — resource deployment only (idle/no-output day)
2026-03-25,parvaiz,2.4.6(i),2.4,Pile Cap,0.010,sq.m.,0,0,0,0,Source qty=0 — resource deployment only (idle/no-output day)
2026-03-25,illayaraja,2.4.6(i)a,2.4,Pile Cap,0.010,cu.m.,0,0,0,0,Source qty=0 — resource deployment only (idle/no-output day)
2026-03-25,sanjar,2.4.6(i)a,2.4,Pile Cap,0.010,cu.m.,0,0,0,0,Source qty=0 — resource deployment only (idle/no-output day)
2026-03-25,illayaraja,2.6.6(i),2.6,Pier,18.000,Sqm,3100.00,0,2,0,
2026-03-25,kbarman,2.6.6(i),2.6,Pier,0.010,cu.m.,0,0,0,0,Source qty=0 — resource deployment only (idle/no-output day)
2026-03-25,parvaiz,2.6.6(i),2.6,Pier,0.010,m,0,0,0,0,Source qty=0 — resource deployment only (idle/no-output day)
2026-03-25,saiffuddin,2.6.6(i),2.6,Pier,0.010,cu.m.,0,0,0,0,Source qty=0 — resource deployment only (idle/no-output day)
2026-03-25,ismaila,2.6.6(i)a,2.6,Pier,0.010,cu.m.,0,0,0,0,Source qty=0 — resource deployment only (idle/no-output day)
2026-03-25,vijaykumar,2.6.6(i)a,2.6,Pier,0.010,cu.m.,0,0,0,0,Source qty=0 — resource deployment only (idle/no-output day)
2026-03-25,kbarman,2.7.6 (i),2.7,Abutment,0.010,cu.m.,0,0,0,0,Source qty=0 — resource deployment only (idle/no-output day)
2026-03-25,parvaiz,2.7.6 (i),2.7,Abutment,0.010,cu.m.,0,0,0,0,Source qty=0 — resource deployment only (idle/no-output day)
2026-03-25,saiffuddin,2.7.6 (i),2.7,Abutment,700.000,cu.m.,3000.00,20000.00,2,3,
2026-03-25,illayaraja,3.2.6 (ii),3.2,Concrete RCC,0.010,cu.m.,0,0,0,0,Source qty=0 — resource deployment only (idle/no-output day)
2026-03-25,ismaila,3.2.6 (ii),3.2,Concrete RCC,0.010,cu.m.,0,0,0,0,Source qty=0 — resource deployment only (idle/no-output day)
2026-03-25,kbarman,3.2.6 (ii),3.2,Concrete RCC,0.010,cu.m.,0,0,0,0,Source qty=0 — resource deployment only (idle/no-output day)
2026-03-25,parvaiz,3.2.6 (ii),3.2,Concrete RCC,0.010,lin.m.,0,0,0,0,Source qty=0 — resource deployment only (idle/no-output day)
2026-03-25,anirban,5.1.7 (iii),5.1,Bearings,0.010,cu.m.,0,0,0,0,Source qty=0 — resource deployment only (idle/no-output day)
2026-03-25,illayaraja,5.1.7 (iii),5.1,Bearings,12.000,cu.m.,4800.00,0,1,0,
2026-03-25,kbarman,5.1.7 (iii),5.1,Bearings,0.010,cu.m.,0,0,0,0,Source qty=0 — resource deployment only (idle/no-output day)
2026-03-25,parvaiz,5.1.7 (iii),5.1,Bearings,0.010,lin.m.,0,0,0,0,Source qty=0 — resource deployment only (idle/no-output day)
2026-03-25,vijaykumar,5.1.7 (iii),5.1,Bearings,0.010,cu.m.,0,0,0,0,Source qty=0 — resource deployment only (idle/no-output day)
2026-03-25,illayaraja,5.1.7 (iii)a,5.1,Bearings,0.010,Sqm,0,0,0,0,Source qty=0 — resource deployment only (idle/no-output day)
2026-03-25,kbarman,5.1.7 (iii)a,5.1,Bearings,0.010,sq.m.,0,0,0,0,Source qty=0 — resource deployment only (idle/no-output day)
2026-03-25,kbarman,5.10.6 (i),5.10,Anchor Blocks,0.010,sq.m.,0,0,0,0,Source qty=0 — resource deployment only (idle/no-output day)
2026-03-25,parvaiz,5.10.6 (i),5.10,Anchor Blocks,0.010,cu.m.,0,0,0,0,Source qty=0 — resource deployment only (idle/no-output day)
2026-03-25,kbarman,5.2.6 (ii),5.2,Expansion Joints,0.010,kg.,0,0,0,0,Source qty=0 — resource deployment only (idle/no-output day)
2026-03-25,anirban,5.2.6 (ii)a,5.2,Expansion Joints,0.010,kg.,0,0,0,0,Source qty=0 — resource deployment only (idle/no-output day)
2026-03-25,illayaraja,5.2.6 (ii)a,5.2,Expansion Joints,160.000,kg.,5400.00,0,1,0,
2026-03-25,illayaraja,9.1.6(ii),9.0,Approach Slab,0.010,cu.m.,0,0,0,0,Source qty=0 — resource deployment only (idle/no-output day)
2026-03-25,kbarman,9.1.6(ii),9.0,Approach Slab,0.010,sq.m.,0,0,0,0,Source qty=0 — resource deployment only (idle/no-output day)
2026-03-26,ismaila,1,1.0,Preliminaries,0.010,sq.m.,0,0,0,0,Source qty=0 — resource deployment only (idle/no-output day)
2026-03-26,kbarman,1,1.0,Preliminaries,0.010,sq.m.,0,0,0,0,Source qty=0 — resource deployment only (idle/no-output day)
2026-03-26,illayaraja,1.1,1.1,Site Establishment,6.000,Km,4000.00,6000.00,1,1,
2026-03-26,ismaila,1.1,1.1,Site Establishment,0.010,cu.m.,0,0,0,0,Source qty=0 — resource deployment only (idle/no-output day)
2026-03-26,parvaiz,1.1,1.1,Site Establishment,0.010,cu.m.,0,0,0,0,Source qty=0 — resource deployment only (idle/no-output day)
2026-03-26,saiffuddin,1.1,1.1,Site Establishment,700.000,m,1000.00,11000.00,1,2,
2026-03-26,vijaykumar,1.1,1.1,Site Establishment,0.010,cu.m.,0,0,0,0,Source qty=0 — resource deployment only (idle/no-output day)
2026-03-26,anirban,13.1.7(ix)b,13.0,Drainage,0.010,lin.m.,0,0,0,0,Source qty=0 — resource deployment only (idle/no-output day)
2026-03-26,kbarman,13.1.7(ix)b,13.0,Drainage,0.010,sq.m.,0,0,0,0,Source qty=0 — resource deployment only (idle/no-output day)
2026-03-26,anirban,13.1.7(ix)b1,13.0,Drainage,0.010,kg.,0,0,0,0,Source qty=0 — resource deployment only (idle/no-output day)
2026-03-26,kbarman,13.1.7(ix)b2,13.0,Drainage,0.010,kg.,0,0,0,0,Source qty=0 — resource deployment only (idle/no-output day)
2026-03-26,illayaraja,18.3,18.3,Bituminous Layers,0.010,cu.m.,0,0,0,0,Source qty=0 — resource deployment only (idle/no-output day)
2026-03-26,kbarman,18.3.6,18.3,Bituminous Layers,0.010,lin.m.,0,0,0,0,Source qty=0 — resource deployment only (idle/no-output day)
2026-03-26,kbarman,18.3.6(i),18.3,Bituminous Layers,0.010,lin.m.,0,0,0,0,Source qty=0 — resource deployment only (idle/no-output day)
2026-03-26,parvaiz,18.3.6(i),18.3,Bituminous Layers,0.010,lin.m.,0,0,0,0,Source qty=0 — resource deployment only (idle/no-output day)
2026-03-26,ismaila,2.3.6(i),2.3,Bored Cast In-Situ Piling,0.010,cu.m.,0,0,0,0,Source qty=0 — resource deployment only (idle/no-output day)
2026-03-26,kbarman,2.3.6(i),2.3,Bored Cast In-Situ Piling,0.010,cu.m.,0,0,0,0,Source qty=0 — resource deployment only (idle/no-output day)
2026-03-26,illayaraja,2.3.6(i)a,2.3,Bored Cast In-Situ Piling,0.010,cu.m.,0,0,0,0,Source qty=0 — resource deployment only (idle/no-output day)
2026-03-26,ismaila,2.3.6(i)a,2.3,Bored Cast In-Situ Piling,0.010,cu.m.,0,0,0,0,Source qty=0 — resource deployment only (idle/no-output day)
2026-03-26,kbarman,2.3.6(i)a,2.3,Bored Cast In-Situ Piling,0.010,Sqm,0,0,0,0,Source qty=0 — resource deployment only (idle/no-output day)
2026-03-26,parvaiz,2.3.6(i)a,2.3,Bored Cast In-Situ Piling,0.010,lin.m.,0,0,0,0,Source qty=0 — resource deployment only (idle/no-output day)
2026-03-26,vijaykumar,2.3.6(i)a,2.3,Bored Cast In-Situ Piling,0.010,cu.m.,0,0,0,0,Source qty=0 — resource deployment only (idle/no-output day)
2026-03-26,illayaraja,2.3.6(i)b,2.3,Bored Cast In-Situ Piling,0.010,cu.m.,0,0,0,0,Source qty=0 — resource deployment only (idle/no-output day)
2026-03-26,ismaila,2.3.6(i)b,2.3,Bored Cast In-Situ Piling,0.010,cu.m.,0,0,0,0,Source qty=0 — resource deployment only (idle/no-output day)
2026-03-26,kbarman,2.3.6(i)b,2.3,Bored Cast In-Situ Piling,0.010,cu.m.,0,0,0,0,Source qty=0 — resource deployment only (idle/no-output day)
2026-03-26,vijaykumar,2.3.6(i)b,2.3,Bored Cast In-Situ Piling,0.010,cu.m.,0,0,0,0,Source qty=0 — resource deployment only (idle/no-output day)
2026-03-26,illayaraja,2.3.6(i)d,2.3,Bored Cast In-Situ Piling,0.010,Sqm,0,0,0,0,Source qty=0 — resource deployment only (idle/no-output day)
2026-03-26,kbarman,2.3.6(i)d,2.3,Bored Cast In-Situ Piling,0.010,Sqm,0,0,0,0,Source qty=0 — resource deployment only (idle/no-output day)
2026-03-26,vijaykumar,2.3.6(i)d,2.3,Bored Cast In-Situ Piling,0.010,sq.m.,0,0,0,0,Source qty=0 — resource deployment only (idle/no-output day)
2026-03-26,illayaraja,2.4.6(i),2.4,Pile Cap,0.010,cu.m.,0,0,0,0,Source qty=0 — resource deployment only (idle/no-output day)
2026-03-26,ismaila,2.4.6(i),2.4,Pile Cap,0.010,cu.m.,0,0,0,0,Source qty=0 — resource deployment only (idle/no-output day)
2026-03-26,kbarman,2.4.6(i),2.4,Pile Cap,0.010,cu.m.,0,0,0,0,Source qty=0 — resource deployment only (idle/no-output day)
2026-03-26,parvaiz,2.4.6(i),2.4,Pile Cap,0.010,sq.m.,0,0,0,0,Source qty=0 — resource deployment only (idle/no-output day)
2026-03-26,illayaraja,2.4.6(i)a,2.4,Pile Cap,0.010,cu.m.,0,0,0,0,Source qty=0 — resource deployment only (idle/no-output day)
2026-03-26,sanjar,2.4.6(i)a,2.4,Pile Cap,0.010,cu.m.,0,0,0,0,Source qty=0 — resource deployment only (idle/no-output day)
2026-03-26,illayaraja,2.6.6(i),2.6,Pier,0.010,Sqm,0,0,0,0,Source qty=0 — resource deployment only (idle/no-output day)
2026-03-26,kbarman,2.6.6(i),2.6,Pier,0.010,cu.m.,0,0,0,0,Source qty=0 — resource deployment only (idle/no-output day)
2026-03-26,parvaiz,2.6.6(i),2.6,Pier,0.010,m,0,0,0,0,Source qty=0 — resource deployment only (idle/no-output day)
2026-03-26,saiffuddin,2.6.6(i),2.6,Pier,0.010,cu.m.,0,0,0,0,Source qty=0 — resource deployment only (idle/no-output day)
2026-03-26,ismaila,2.6.6(i)a,2.6,Pier,0.010,cu.m.,0,0,0,0,Source qty=0 — resource deployment only (idle/no-output day)
2026-03-26,vijaykumar,2.6.6(i)a,2.6,Pier,0.010,cu.m.,0,0,0,0,Source qty=0 — resource deployment only (idle/no-output day)
2026-03-26,kbarman,2.7.6 (i),2.7,Abutment,0.010,cu.m.,0,0,0,0,Source qty=0 — resource deployment only (idle/no-output day)
2026-03-26,parvaiz,2.7.6 (i),2.7,Abutment,0.010,cu.m.,0,0,0,0,Source qty=0 — resource deployment only (idle/no-output day)
2026-03-26,saiffuddin,2.7.6 (i),2.7,Abutment,730.000,cu.m.,3000.00,35000.00,2,3,
2026-03-26,illayaraja,3.2.6 (ii),3.2,Concrete RCC,0.010,cu.m.,0,0,0,0,Source qty=0 — resource deployment only (idle/no-output day)
2026-03-26,ismaila,3.2.6 (ii),3.2,Concrete RCC,0.010,cu.m.,0,0,0,0,Source qty=0 — resource deployment only (idle/no-output day)
2026-03-26,kbarman,3.2.6 (ii),3.2,Concrete RCC,0.010,cu.m.,0,0,0,0,Source qty=0 — resource deployment only (idle/no-output day)
2026-03-26,parvaiz,3.2.6 (ii),3.2,Concrete RCC,0.010,lin.m.,0,0,0,0,Source qty=0 — resource deployment only (idle/no-output day)
2026-03-26,anirban,5.1.7 (iii),5.1,Bearings,0.010,cu.m.,0,0,0,0,Source qty=0 — resource deployment only (idle/no-output day)
2026-03-26,illayaraja,5.1.7 (iii),5.1,Bearings,0.010,cu.m.,0,0,0,0,Source qty=0 — resource deployment only (idle/no-output day)
2026-03-26,kbarman,5.1.7 (iii),5.1,Bearings,0.010,cu.m.,0,0,0,0,Source qty=0 — resource deployment only (idle/no-output day)
2026-03-26,parvaiz,5.1.7 (iii),5.1,Bearings,0.010,lin.m.,0,0,0,0,Source qty=0 — resource deployment only (idle/no-output day)
2026-03-26,vijaykumar,5.1.7 (iii),5.1,Bearings,0.010,cu.m.,0,0,0,0,Source qty=0 — resource deployment only (idle/no-output day)
2026-03-26,illayaraja,5.1.7 (iii)a,5.1,Bearings,0.010,Sqm,0,0,0,0,Source qty=0 — resource deployment only (idle/no-output day)
2026-03-26,kbarman,5.1.7 (iii)a,5.1,Bearings,0.010,sq.m.,0,0,0,0,Source qty=0 — resource deployment only (idle/no-output day)
2026-03-26,kbarman,5.10.6 (i),5.10,Anchor Blocks,0.010,sq.m.,0,0,0,0,Source qty=0 — resource deployment only (idle/no-output day)
2026-03-26,parvaiz,5.10.6 (i),5.10,Anchor Blocks,0.010,cu.m.,0,0,0,0,Source qty=0 — resource deployment only (idle/no-output day)
2026-03-26,kbarman,5.2.6 (ii),5.2,Expansion Joints,0.010,kg.,0,0,0,0,Source qty=0 — resource deployment only (idle/no-output day)
2026-03-26,anirban,5.2.6 (ii)a,5.2,Expansion Joints,0.010,kg.,0,0,0,0,Source qty=0 — resource deployment only (idle/no-output day)
2026-03-26,illayaraja,5.2.6 (ii)a,5.2,Expansion Joints,0.010,kg.,0,0,0,0,Source qty=0 — resource deployment only (idle/no-output day)
2026-03-26,illayaraja,9.1.6(ii),9.0,Approach Slab,0.010,cu.m.,0,0,0,0,Source qty=0 — resource deployment only (idle/no-output day)
2026-03-26,kbarman,9.1.6(ii),9.0,Approach Slab,0.010,sq.m.,0,0,0,0,Source qty=0 — resource deployment only (idle/no-output day)
2026-03-27,ismaila,1,1.0,Preliminaries,0.010,sq.m.,0,0,0,0,Source qty=0 — resource deployment only (idle/no-output day)
2026-03-27,kbarman,1,1.0,Preliminaries,0.010,sq.m.,0,0,0,0,Source qty=0 — resource deployment only (idle/no-output day)
2026-03-27,illayaraja,1.1,1.1,Site Establishment,70.000,lin.m.,1500.00,5500.00,1,2,
2026-03-27,ismaila,1.1,1.1,Site Establishment,0.010,cu.m.,0,0,0,0,Source qty=0 — resource deployment only (idle/no-output day)
2026-03-27,parvaiz,1.1,1.1,Site Establishment,0.010,cu.m.,0,0,0,0,Source qty=0 — resource deployment only (idle/no-output day)
2026-03-27,saiffuddin,1.1,1.1,Site Establishment,0.010,m,0,0,0,0,Source qty=0 — resource deployment only (idle/no-output day)
2026-03-27,vijaykumar,1.1,1.1,Site Establishment,0.010,cu.m.,0,0,0,0,Source qty=0 — resource deployment only (idle/no-output day)
2026-03-27,anirban,13.1.7(ix)b,13.0,Drainage,0.010,lin.m.,0,0,0,0,Source qty=0 — resource deployment only (idle/no-output day)
2026-03-27,kbarman,13.1.7(ix)b,13.0,Drainage,0.010,sq.m.,0,0,0,0,Source qty=0 — resource deployment only (idle/no-output day)
2026-03-27,anirban,13.1.7(ix)b1,13.0,Drainage,0.010,kg.,0,0,0,0,Source qty=0 — resource deployment only (idle/no-output day)
2026-03-27,kbarman,13.1.7(ix)b2,13.0,Drainage,0.010,kg.,0,0,0,0,Source qty=0 — resource deployment only (idle/no-output day)
2026-03-27,illayaraja,18.3,18.3,Bituminous Layers,0.010,cu.m.,0,0,0,0,Source qty=0 — resource deployment only (idle/no-output day)
2026-03-27,kbarman,18.3.6,18.3,Bituminous Layers,0.010,lin.m.,0,0,0,0,Source qty=0 — resource deployment only (idle/no-output day)
2026-03-27,kbarman,18.3.6(i),18.3,Bituminous Layers,0.010,lin.m.,0,0,0,0,Source qty=0 — resource deployment only (idle/no-output day)
2026-03-27,parvaiz,18.3.6(i),18.3,Bituminous Layers,0.010,lin.m.,0,0,0,0,Source qty=0 — resource deployment only (idle/no-output day)
2026-03-27,ismaila,2.3.6(i),2.3,Bored Cast In-Situ Piling,0.010,cu.m.,0,0,0,0,Source qty=0 — resource deployment only (idle/no-output day)
2026-03-27,kbarman,2.3.6(i),2.3,Bored Cast In-Situ Piling,0.010,cu.m.,0,0,0,0,Source qty=0 — resource deployment only (idle/no-output day)
2026-03-27,illayaraja,2.3.6(i)a,2.3,Bored Cast In-Situ Piling,0.010,cu.m.,0,0,0,0,Source qty=0 — resource deployment only (idle/no-output day)
2026-03-27,ismaila,2.3.6(i)a,2.3,Bored Cast In-Situ Piling,0.010,cu.m.,0,0,0,0,Source qty=0 — resource deployment only (idle/no-output day)
2026-03-27,kbarman,2.3.6(i)a,2.3,Bored Cast In-Situ Piling,0.010,Sqm,0,0,0,0,Source qty=0 — resource deployment only (idle/no-output day)
2026-03-27,parvaiz,2.3.6(i)a,2.3,Bored Cast In-Situ Piling,0.010,lin.m.,0,0,0,0,Source qty=0 — resource deployment only (idle/no-output day)
2026-03-27,vijaykumar,2.3.6(i)a,2.3,Bored Cast In-Situ Piling,0.010,cu.m.,0,0,0,0,Source qty=0 — resource deployment only (idle/no-output day)
2026-03-27,illayaraja,2.3.6(i)b,2.3,Bored Cast In-Situ Piling,0.010,cu.m.,0,0,0,0,Source qty=0 — resource deployment only (idle/no-output day)
2026-03-27,ismaila,2.3.6(i)b,2.3,Bored Cast In-Situ Piling,0.010,cu.m.,0,0,0,0,Source qty=0 — resource deployment only (idle/no-output day)
2026-03-27,kbarman,2.3.6(i)b,2.3,Bored Cast In-Situ Piling,0.010,cu.m.,0,0,0,0,Source qty=0 — resource deployment only (idle/no-output day)
2026-03-27,vijaykumar,2.3.6(i)b,2.3,Bored Cast In-Situ Piling,0.010,cu.m.,0,0,0,0,Source qty=0 — resource deployment only (idle/no-output day)
2026-03-27,illayaraja,2.3.6(i)d,2.3,Bored Cast In-Situ Piling,0.010,Sqm,0,0,0,0,Source qty=0 — resource deployment only (idle/no-output day)
2026-03-27,kbarman,2.3.6(i)d,2.3,Bored Cast In-Situ Piling,0.010,Sqm,0,0,0,0,Source qty=0 — resource deployment only (idle/no-output day)
2026-03-27,vijaykumar,2.3.6(i)d,2.3,Bored Cast In-Situ Piling,0.010,sq.m.,0,0,0,0,Source qty=0 — resource deployment only (idle/no-output day)
2026-03-27,illayaraja,2.4.6(i),2.4,Pile Cap,0.010,cu.m.,0,0,0,0,Source qty=0 — resource deployment only (idle/no-output day)
2026-03-27,ismaila,2.4.6(i),2.4,Pile Cap,0.010,cu.m.,0,0,0,0,Source qty=0 — resource deployment only (idle/no-output day)
2026-03-27,kbarman,2.4.6(i),2.4,Pile Cap,0.010,cu.m.,0,0,0,0,Source qty=0 — resource deployment only (idle/no-output day)
2026-03-27,parvaiz,2.4.6(i),2.4,Pile Cap,0.010,sq.m.,0,0,0,0,Source qty=0 — resource deployment only (idle/no-output day)
2026-03-27,illayaraja,2.4.6(i)a,2.4,Pile Cap,0.010,cu.m.,0,0,0,0,Source qty=0 — resource deployment only (idle/no-output day)
2026-03-27,sanjar,2.4.6(i)a,2.4,Pile Cap,0.010,cu.m.,0,0,0,0,Source qty=0 — resource deployment only (idle/no-output day)
2026-03-27,illayaraja,2.6.6(i),2.6,Pier,24.000,Sqm,2100.00,0,2,0,
2026-03-27,kbarman,2.6.6(i),2.6,Pier,0.010,cu.m.,0,0,0,0,Source qty=0 — resource deployment only (idle/no-output day)
2026-03-27,parvaiz,2.6.6(i),2.6,Pier,0.010,m,0,0,0,0,Source qty=0 — resource deployment only (idle/no-output day)
2026-03-27,saiffuddin,2.6.6(i),2.6,Pier,0.010,cu.m.,0,0,0,0,Source qty=0 — resource deployment only (idle/no-output day)
2026-03-27,ismaila,2.6.6(i)a,2.6,Pier,0.010,cu.m.,0,0,0,0,Source qty=0 — resource deployment only (idle/no-output day)
2026-03-27,vijaykumar,2.6.6(i)a,2.6,Pier,0.010,cu.m.,0,0,0,0,Source qty=0 — resource deployment only (idle/no-output day)
2026-03-27,kbarman,2.7.6 (i),2.7,Abutment,0.010,cu.m.,0,0,0,0,Source qty=0 — resource deployment only (idle/no-output day)
2026-03-27,parvaiz,2.7.6 (i),2.7,Abutment,0.010,cu.m.,0,0,0,0,Source qty=0 — resource deployment only (idle/no-output day)
2026-03-27,saiffuddin,2.7.6 (i),2.7,Abutment,0.010,cu.m.,0,0,0,0,Source qty=0 — resource deployment only (idle/no-output day)
2026-03-27,illayaraja,3.2.6 (ii),3.2,Concrete RCC,250.000,cu.m.,0,5500.00,0,2,
2026-03-27,ismaila,3.2.6 (ii),3.2,Concrete RCC,0.010,cu.m.,0,0,0,0,Source qty=0 — resource deployment only (idle/no-output day)
2026-03-27,kbarman,3.2.6 (ii),3.2,Concrete RCC,0.010,cu.m.,0,0,0,0,Source qty=0 — resource deployment only (idle/no-output day)
2026-03-27,parvaiz,3.2.6 (ii),3.2,Concrete RCC,0.010,lin.m.,0,0,0,0,Source qty=0 — resource deployment only (idle/no-output day)
2026-03-27,anirban,5.1.7 (iii),5.1,Bearings,0.010,cu.m.,0,0,0,0,Source qty=0 — resource deployment only (idle/no-output day)
2026-03-27,illayaraja,5.1.7 (iii),5.1,Bearings,0.010,cu.m.,0,0,0,0,Source qty=0 — resource deployment only (idle/no-output day)
2026-03-27,kbarman,5.1.7 (iii),5.1,Bearings,0.010,cu.m.,0,0,0,0,Source qty=0 — resource deployment only (idle/no-output day)
2026-03-27,parvaiz,5.1.7 (iii),5.1,Bearings,0.010,lin.m.,0,0,0,0,Source qty=0 — resource deployment only (idle/no-output day)
2026-03-27,vijaykumar,5.1.7 (iii),5.1,Bearings,0.010,cu.m.,0,0,0,0,Source qty=0 — resource deployment only (idle/no-output day)
2026-03-27,illayaraja,5.1.7 (iii)a,5.1,Bearings,0.010,Sqm,0,0,0,0,Source qty=0 — resource deployment only (idle/no-output day)
2026-03-27,kbarman,5.1.7 (iii)a,5.1,Bearings,0.010,sq.m.,0,0,0,0,Source qty=0 — resource deployment only (idle/no-output day)
2026-03-27,kbarman,5.10.6 (i),5.10,Anchor Blocks,0.010,sq.m.,0,0,0,0,Source qty=0 — resource deployment only (idle/no-output day)
2026-03-27,parvaiz,5.10.6 (i),5.10,Anchor Blocks,0.010,cu.m.,0,0,0,0,Source qty=0 — resource deployment only (idle/no-output day)
2026-03-27,kbarman,5.2.6 (ii),5.2,Expansion Joints,0.010,kg.,0,0,0,0,Source qty=0 — resource deployment only (idle/no-output day)
2026-03-27,anirban,5.2.6 (ii)a,5.2,Expansion Joints,0.010,kg.,0,0,0,0,Source qty=0 — resource deployment only (idle/no-output day)
2026-03-27,illayaraja,9.1.6(ii),9.0,Approach Slab,200.000,sq.m.,2000.00,3000.00,1,1,
2026-03-27,kbarman,9.1.6(ii),9.0,Approach Slab,0.010,sq.m.,0,0,0,0,Source qty=0 — resource deployment only (idle/no-output day)
2026-03-28,ismaila,1,1.0,Preliminaries,0.010,sq.m.,0,0,0,0,Source qty=0 — resource deployment only (idle/no-output day)
2026-03-28,kbarman,1,1.0,Preliminaries,0.010,sq.m.,0,0,0,0,Source qty=0 — resource deployment only (idle/no-output day)
2026-03-28,illayaraja,1.1,1.1,Site Establishment,6.000,Km,4000.00,6000.00,1,1,
2026-03-28,ismaila,1.1,1.1,Site Establishment,0.010,cu.m.,0,0,0,0,Source qty=0 — resource deployment only (idle/no-output day)
2026-03-28,parvaiz,1.1,1.1,Site Establishment,0.010,cu.m.,0,0,0,0,Source qty=0 — resource deployment only (idle/no-output day)
2026-03-28,saiffuddin,1.1,1.1,Site Establishment,700.000,m,1500.00,23000.00,1,2,
2026-03-28,vijaykumar,1.1,1.1,Site Establishment,0.010,cu.m.,0,0,0,0,Source qty=0 — resource deployment only (idle/no-output day)
2026-03-28,anirban,13.1.7(ix)b,13.0,Drainage,0.010,lin.m.,0,0,0,0,Source qty=0 — resource deployment only (idle/no-output day)
2026-03-28,kbarman,13.1.7(ix)b,13.0,Drainage,0.010,sq.m.,0,0,0,0,Source qty=0 — resource deployment only (idle/no-output day)
2026-03-28,anirban,13.1.7(ix)b1,13.0,Drainage,0.010,kg.,0,0,0,0,Source qty=0 — resource deployment only (idle/no-output day)
2026-03-28,kbarman,13.1.7(ix)b2,13.0,Drainage,0.010,kg.,0,0,0,0,Source qty=0 — resource deployment only (idle/no-output day)
2026-03-28,illayaraja,18.3,18.3,Bituminous Layers,0.010,cu.m.,0,0,0,0,Source qty=0 — resource deployment only (idle/no-output day)
2026-03-28,kbarman,18.3.6,18.3,Bituminous Layers,0.010,lin.m.,0,0,0,0,Source qty=0 — resource deployment only (idle/no-output day)
2026-03-28,kbarman,18.3.6(i),18.3,Bituminous Layers,0.010,lin.m.,0,0,0,0,Source qty=0 — resource deployment only (idle/no-output day)
2026-03-28,parvaiz,18.3.6(i),18.3,Bituminous Layers,0.010,lin.m.,0,0,0,0,Source qty=0 — resource deployment only (idle/no-output day)
2026-03-28,ismaila,2.3.6(i),2.3,Bored Cast In-Situ Piling,0.010,cu.m.,0,0,0,0,Source qty=0 — resource deployment only (idle/no-output day)
2026-03-28,kbarman,2.3.6(i),2.3,Bored Cast In-Situ Piling,0.010,cu.m.,0,0,0,0,Source qty=0 — resource deployment only (idle/no-output day)
2026-03-28,illayaraja,2.3.6(i)a,2.3,Bored Cast In-Situ Piling,400.000,cu.m.,2500.00,0,1,0,
2026-03-28,ismaila,2.3.6(i)a,2.3,Bored Cast In-Situ Piling,0.010,cu.m.,0,0,0,0,Source qty=0 — resource deployment only (idle/no-output day)
2026-03-28,kbarman,2.3.6(i)a,2.3,Bored Cast In-Situ Piling,0.010,Sqm,0,0,0,0,Source qty=0 — resource deployment only (idle/no-output day)
2026-03-28,parvaiz,2.3.6(i)a,2.3,Bored Cast In-Situ Piling,0.010,lin.m.,0,0,0,0,Source qty=0 — resource deployment only (idle/no-output day)
2026-03-28,vijaykumar,2.3.6(i)a,2.3,Bored Cast In-Situ Piling,0.010,cu.m.,0,0,0,0,Source qty=0 — resource deployment only (idle/no-output day)
2026-03-28,illayaraja,2.3.6(i)b,2.3,Bored Cast In-Situ Piling,0.010,cu.m.,0,0,0,0,Source qty=0 — resource deployment only (idle/no-output day)
2026-03-28,ismaila,2.3.6(i)b,2.3,Bored Cast In-Situ Piling,0.010,cu.m.,0,0,0,0,Source qty=0 — resource deployment only (idle/no-output day)
2026-03-28,kbarman,2.3.6(i)b,2.3,Bored Cast In-Situ Piling,0.010,cu.m.,0,0,0,0,Source qty=0 — resource deployment only (idle/no-output day)
2026-03-28,vijaykumar,2.3.6(i)b,2.3,Bored Cast In-Situ Piling,0.010,cu.m.,0,0,0,0,Source qty=0 — resource deployment only (idle/no-output day)
2026-03-28,illayaraja,2.3.6(i)d,2.3,Bored Cast In-Situ Piling,0.010,Sqm,0,0,0,0,Source qty=0 — resource deployment only (idle/no-output day)
2026-03-28,kbarman,2.3.6(i)d,2.3,Bored Cast In-Situ Piling,0.010,Sqm,0,0,0,0,Source qty=0 — resource deployment only (idle/no-output day)
2026-03-28,vijaykumar,2.3.6(i)d,2.3,Bored Cast In-Situ Piling,0.010,sq.m.,0,0,0,0,Source qty=0 — resource deployment only (idle/no-output day)
2026-03-28,illayaraja,2.4.6(i),2.4,Pile Cap,0.010,cu.m.,0,0,0,0,Source qty=0 — resource deployment only (idle/no-output day)
2026-03-28,ismaila,2.4.6(i),2.4,Pile Cap,0.010,cu.m.,0,0,0,0,Source qty=0 — resource deployment only (idle/no-output day)
2026-03-28,kbarman,2.4.6(i),2.4,Pile Cap,0.010,cu.m.,0,0,0,0,Source qty=0 — resource deployment only (idle/no-output day)
2026-03-28,parvaiz,2.4.6(i),2.4,Pile Cap,0.010,sq.m.,0,0,0,0,Source qty=0 — resource deployment only (idle/no-output day)
2026-03-28,illayaraja,2.4.6(i)a,2.4,Pile Cap,0.010,cu.m.,0,0,0,0,Source qty=0 — resource deployment only (idle/no-output day)
2026-03-28,sanjar,2.4.6(i)a,2.4,Pile Cap,0.010,cu.m.,0,0,0,0,Source qty=0 — resource deployment only (idle/no-output day)
2026-03-28,illayaraja,2.6.6(i),2.6,Pier,250.000,Sqm,2000.00,5500.00,1,2,
2026-03-28,kbarman,2.6.6(i),2.6,Pier,0.010,cu.m.,0,0,0,0,Source qty=0 — resource deployment only (idle/no-output day)
2026-03-28,parvaiz,2.6.6(i),2.6,Pier,0.010,m,0,0,0,0,Source qty=0 — resource deployment only (idle/no-output day)
2026-03-28,saiffuddin,2.6.6(i),2.6,Pier,0.010,cu.m.,0,0,0,0,Source qty=0 — resource deployment only (idle/no-output day)
2026-03-28,ismaila,2.6.6(i)a,2.6,Pier,0.010,cu.m.,0,0,0,0,Source qty=0 — resource deployment only (idle/no-output day)
2026-03-28,vijaykumar,2.6.6(i)a,2.6,Pier,0.010,cu.m.,0,0,0,0,Source qty=0 — resource deployment only (idle/no-output day)
2026-03-28,kbarman,2.7.6 (i),2.7,Abutment,0.010,cu.m.,0,0,0,0,Source qty=0 — resource deployment only (idle/no-output day)
2026-03-28,parvaiz,2.7.6 (i),2.7,Abutment,0.010,cu.m.,0,0,0,0,Source qty=0 — resource deployment only (idle/no-output day)
2026-03-28,saiffuddin,2.7.6 (i),2.7,Abutment,530.000,cu.m.,3000.00,30000.00,2,3,
2026-03-28,illayaraja,3.2.6 (ii),3.2,Concrete RCC,0.010,cu.m.,0,0,0,0,Source qty=0 — resource deployment only (idle/no-output day)
2026-03-28,ismaila,3.2.6 (ii),3.2,Concrete RCC,0.010,cu.m.,0,0,0,0,Source qty=0 — resource deployment only (idle/no-output day)
2026-03-28,kbarman,3.2.6 (ii),3.2,Concrete RCC,0.010,cu.m.,0,0,0,0,Source qty=0 — resource deployment only (idle/no-output day)
2026-03-28,parvaiz,3.2.6 (ii),3.2,Concrete RCC,0.010,lin.m.,0,0,0,0,Source qty=0 — resource deployment only (idle/no-output day)
2026-03-28,anirban,5.1.7 (iii),5.1,Bearings,0.010,cu.m.,0,0,0,0,Source qty=0 — resource deployment only (idle/no-output day)
2026-03-28,illayaraja,5.1.7 (iii),5.1,Bearings,0.010,cu.m.,0,0,0,0,Source qty=0 — resource deployment only (idle/no-output day)
2026-03-28,kbarman,5.1.7 (iii),5.1,Bearings,0.010,cu.m.,0,0,0,0,Source qty=0 — resource deployment only (idle/no-output day)
2026-03-28,parvaiz,5.1.7 (iii),5.1,Bearings,0.010,lin.m.,0,0,0,0,Source qty=0 — resource deployment only (idle/no-output day)
2026-03-28,vijaykumar,5.1.7 (iii),5.1,Bearings,0.010,cu.m.,0,0,0,0,Source qty=0 — resource deployment only (idle/no-output day)
2026-03-28,illayaraja,5.1.7 (iii)a,5.1,Bearings,0.010,Sqm,0,0,0,0,Source qty=0 — resource deployment only (idle/no-output day)
2026-03-28,kbarman,5.1.7 (iii)a,5.1,Bearings,0.010,sq.m.,0,0,0,0,Source qty=0 — resource deployment only (idle/no-output day)
2026-03-28,kbarman,5.10.6 (i),5.10,Anchor Blocks,0.010,sq.m.,0,0,0,0,Source qty=0 — resource deployment only (idle/no-output day)
2026-03-28,parvaiz,5.10.6 (i),5.10,Anchor Blocks,0.010,cu.m.,0,0,0,0,Source qty=0 — resource deployment only (idle/no-output day)
2026-03-28,kbarman,5.2.6 (ii),5.2,Expansion Joints,0.010,kg.,0,0,0,0,Source qty=0 — resource deployment only (idle/no-output day)
2026-03-28,anirban,5.2.6 (ii)a,5.2,Expansion Joints,0.010,kg.,0,0,0,0,Source qty=0 — resource deployment only (idle/no-output day)
2026-03-28,illayaraja,9.1.6(ii),9.0,Approach Slab,0.010,sq.m.,0,0,0,0,Source qty=0 — resource deployment only (idle/no-output day)
2026-03-28,kbarman,9.1.6(ii),9.0,Approach Slab,0.010,sq.m.,0,0,0,0,Source qty=0 — resource deployment only (idle/no-output day)
2026-03-29,ismaila,1,1.0,Preliminaries,0.010,sq.m.,0,0,0,0,Source qty=0 — resource deployment only (idle/no-output day)
2026-03-29,kbarman,1,1.0,Preliminaries,0.010,sq.m.,0,0,0,0,Source qty=0 — resource deployment only (idle/no-output day)
2026-03-29,illayaraja,1.1,1.1,Site Establishment,0.010,Km,0,0,0,0,Source qty=0 — resource deployment only (idle/no-output day)
2026-03-29,ismaila,1.1,1.1,Site Establishment,0.010,cu.m.,0,0,0,0,Source qty=0 — resource deployment only (idle/no-output day)
2026-03-29,parvaiz,1.1,1.1,Site Establishment,0.010,cu.m.,0,0,0,0,Source qty=0 — resource deployment only (idle/no-output day)
2026-03-29,saiffuddin,1.1,1.1,Site Establishment,50.000,m,1500.00,5000.00,1,1,
2026-03-29,vijaykumar,1.1,1.1,Site Establishment,0.010,cu.m.,0,0,0,0,Source qty=0 — resource deployment only (idle/no-output day)
2026-03-29,anirban,13.1.7(ix)b,13.0,Drainage,0.010,lin.m.,0,0,0,0,Source qty=0 — resource deployment only (idle/no-output day)
2026-03-29,kbarman,13.1.7(ix)b,13.0,Drainage,0.010,sq.m.,0,0,0,0,Source qty=0 — resource deployment only (idle/no-output day)
2026-03-29,anirban,13.1.7(ix)b1,13.0,Drainage,0.010,kg.,0,0,0,0,Source qty=0 — resource deployment only (idle/no-output day)
2026-03-29,kbarman,13.1.7(ix)b2,13.0,Drainage,0.010,kg.,0,0,0,0,Source qty=0 — resource deployment only (idle/no-output day)
2026-03-29,illayaraja,18.3,18.3,Bituminous Layers,0.010,cu.m.,0,0,0,0,Source qty=0 — resource deployment only (idle/no-output day)
2026-03-29,kbarman,18.3.6,18.3,Bituminous Layers,0.010,lin.m.,0,0,0,0,Source qty=0 — resource deployment only (idle/no-output day)
2026-03-29,kbarman,18.3.6(i),18.3,Bituminous Layers,0.010,lin.m.,0,0,0,0,Source qty=0 — resource deployment only (idle/no-output day)
2026-03-29,parvaiz,18.3.6(i),18.3,Bituminous Layers,0.010,lin.m.,0,0,0,0,Source qty=0 — resource deployment only (idle/no-output day)
2026-03-29,ismaila,2.3.6(i),2.3,Bored Cast In-Situ Piling,0.010,cu.m.,0,0,0,0,Source qty=0 — resource deployment only (idle/no-output day)
2026-03-29,kbarman,2.3.6(i),2.3,Bored Cast In-Situ Piling,0.010,cu.m.,0,0,0,0,Source qty=0 — resource deployment only (idle/no-output day)
2026-03-29,illayaraja,2.3.6(i)a,2.3,Bored Cast In-Situ Piling,0.010,cu.m.,0,0,0,0,Source qty=0 — resource deployment only (idle/no-output day)
2026-03-29,ismaila,2.3.6(i)a,2.3,Bored Cast In-Situ Piling,0.010,cu.m.,0,0,0,0,Source qty=0 — resource deployment only (idle/no-output day)
2026-03-29,kbarman,2.3.6(i)a,2.3,Bored Cast In-Situ Piling,0.010,Sqm,0,0,0,0,Source qty=0 — resource deployment only (idle/no-output day)
2026-03-29,parvaiz,2.3.6(i)a,2.3,Bored Cast In-Situ Piling,0.010,lin.m.,0,0,0,0,Source qty=0 — resource deployment only (idle/no-output day)
2026-03-29,vijaykumar,2.3.6(i)a,2.3,Bored Cast In-Situ Piling,0.010,cu.m.,0,0,0,0,Source qty=0 — resource deployment only (idle/no-output day)
2026-03-29,illayaraja,2.3.6(i)b,2.3,Bored Cast In-Situ Piling,0.010,cu.m.,0,0,0,0,Source qty=0 — resource deployment only (idle/no-output day)
2026-03-29,ismaila,2.3.6(i)b,2.3,Bored Cast In-Situ Piling,0.010,cu.m.,0,0,0,0,Source qty=0 — resource deployment only (idle/no-output day)
2026-03-29,kbarman,2.3.6(i)b,2.3,Bored Cast In-Situ Piling,0.010,cu.m.,0,0,0,0,Source qty=0 — resource deployment only (idle/no-output day)
2026-03-29,saiffuddin,2.3.6(i)b,2.3,Bored Cast In-Situ Piling,820.000,cu.m.,500.00,25000.00,1,3,
2026-03-29,vijaykumar,2.3.6(i)b,2.3,Bored Cast In-Situ Piling,0.010,cu.m.,0,0,0,0,Source qty=0 — resource deployment only (idle/no-output day)
2026-03-29,illayaraja,2.3.6(i)d,2.3,Bored Cast In-Situ Piling,0.010,Sqm,0,0,0,0,Source qty=0 — resource deployment only (idle/no-output day)
2026-03-29,kbarman,2.3.6(i)d,2.3,Bored Cast In-Situ Piling,0.010,Sqm,0,0,0,0,Source qty=0 — resource deployment only (idle/no-output day)
2026-03-29,vijaykumar,2.3.6(i)d,2.3,Bored Cast In-Situ Piling,0.010,sq.m.,0,0,0,0,Source qty=0 — resource deployment only (idle/no-output day)
2026-03-29,illayaraja,2.4.6(i),2.4,Pile Cap,0.010,cu.m.,0,0,0,0,Source qty=0 — resource deployment only (idle/no-output day)
2026-03-29,ismaila,2.4.6(i),2.4,Pile Cap,0.010,cu.m.,0,0,0,0,Source qty=0 — resource deployment only (idle/no-output day)
2026-03-29,kbarman,2.4.6(i),2.4,Pile Cap,0.010,cu.m.,0,0,0,0,Source qty=0 — resource deployment only (idle/no-output day)
2026-03-29,parvaiz,2.4.6(i),2.4,Pile Cap,0.010,sq.m.,0,0,0,0,Source qty=0 — resource deployment only (idle/no-output day)
2026-03-29,illayaraja,2.4.6(i)a,2.4,Pile Cap,0.010,cu.m.,0,0,0,0,Source qty=0 — resource deployment only (idle/no-output day)
2026-03-29,sanjar,2.4.6(i)a,2.4,Pile Cap,0.010,cu.m.,0,0,0,0,Source qty=0 — resource deployment only (idle/no-output day)
2026-03-29,illayaraja,2.6.6(i),2.6,Pier,0.010,Sqm,0,0,0,0,Source qty=0 — resource deployment only (idle/no-output day)
2026-03-29,kbarman,2.6.6(i),2.6,Pier,0.010,cu.m.,0,0,0,0,Source qty=0 — resource deployment only (idle/no-output day)
2026-03-29,parvaiz,2.6.6(i),2.6,Pier,0.010,m,0,0,0,0,Source qty=0 — resource deployment only (idle/no-output day)
2026-03-29,ismaila,2.6.6(i)a,2.6,Pier,0.010,cu.m.,0,0,0,0,Source qty=0 — resource deployment only (idle/no-output day)
2026-03-29,vijaykumar,2.6.6(i)a,2.6,Pier,0.010,cu.m.,0,0,0,0,Source qty=0 — resource deployment only (idle/no-output day)
2026-03-29,kbarman,2.7.6 (i),2.7,Abutment,0.010,cu.m.,0,0,0,0,Source qty=0 — resource deployment only (idle/no-output day)
2026-03-29,parvaiz,2.7.6 (i),2.7,Abutment,0.010,cu.m.,0,0,0,0,Source qty=0 — resource deployment only (idle/no-output day)
2026-03-29,saiffuddin,2.7.6 (i),2.7,Abutment,540.000,cu.m.,3000.00,23000.00,2,2,
2026-03-29,illayaraja,3.2.6 (ii),3.2,Concrete RCC,0.010,cu.m.,0,0,0,0,Source qty=0 — resource deployment only (idle/no-output day)
2026-03-29,ismaila,3.2.6 (ii),3.2,Concrete RCC,0.010,cu.m.,0,0,0,0,Source qty=0 — resource deployment only (idle/no-output day)
2026-03-29,kbarman,3.2.6 (ii),3.2,Concrete RCC,0.010,cu.m.,0,0,0,0,Source qty=0 — resource deployment only (idle/no-output day)
2026-03-29,parvaiz,3.2.6 (ii),3.2,Concrete RCC,0.010,lin.m.,0,0,0,0,Source qty=0 — resource deployment only (idle/no-output day)
2026-03-29,anirban,5.1.7 (iii),5.1,Bearings,0.010,cu.m.,0,0,0,0,Source qty=0 — resource deployment only (idle/no-output day)
2026-03-29,illayaraja,5.1.7 (iii),5.1,Bearings,0.010,cu.m.,0,0,0,0,Source qty=0 — resource deployment only (idle/no-output day)
2026-03-29,kbarman,5.1.7 (iii),5.1,Bearings,0.010,cu.m.,0,0,0,0,Source qty=0 — resource deployment only (idle/no-output day)
2026-03-29,parvaiz,5.1.7 (iii),5.1,Bearings,0.010,lin.m.,0,0,0,0,Source qty=0 — resource deployment only (idle/no-output day)
2026-03-29,vijaykumar,5.1.7 (iii),5.1,Bearings,0.010,cu.m.,0,0,0,0,Source qty=0 — resource deployment only (idle/no-output day)
2026-03-29,illayaraja,5.1.7 (iii)a,5.1,Bearings,0.010,Sqm,0,0,0,0,Source qty=0 — resource deployment only (idle/no-output day)
2026-03-29,kbarman,5.1.7 (iii)a,5.1,Bearings,0.010,sq.m.,0,0,0,0,Source qty=0 — resource deployment only (idle/no-output day)
2026-03-29,kbarman,5.10.6 (i),5.10,Anchor Blocks,0.010,sq.m.,0,0,0,0,Source qty=0 — resource deployment only (idle/no-output day)
2026-03-29,parvaiz,5.10.6 (i),5.10,Anchor Blocks,0.010,cu.m.,0,0,0,0,Source qty=0 — resource deployment only (idle/no-output day)
2026-03-29,kbarman,5.2.6 (ii),5.2,Expansion Joints,0.010,kg.,0,0,0,0,Source qty=0 — resource deployment only (idle/no-output day)
2026-03-29,anirban,5.2.6 (ii)a,5.2,Expansion Joints,0.010,kg.,0,0,0,0,Source qty=0 — resource deployment only (idle/no-output day)
2026-03-29,illayaraja,9.1.6(ii),9.0,Approach Slab,0.010,sq.m.,0,0,0,0,Source qty=0 — resource deployment only (idle/no-output day)
2026-03-29,kbarman,9.1.6(ii),9.0,Approach Slab,0.010,sq.m.,0,0,0,0,Source qty=0 — resource deployment only (idle/no-output day)
